-0.08900884 -0.03136311 0.29352787 74 74 74
-0.0902015 -0.02807921 0.28476539 122 122 122
-0.08887174 -0.02478768 0.28013238 119 119 119
-0.08718263 -0.02160153 0.27629116 119 119 119
-0.0784165 -0.01301053 0.27262747 104 104 104
-0.08439355 -0.01794799 0.27305523 121 121 121
-0.08738676 -0.02188922 0.27633122 121 121 121
-0.08897753 -0.02500839 0.28019491 120 120 120
-0.0902302 -0.02824234 0.28482261 121 121 121
-0.08480377 -0.01833708 0.27336583 130 130 130
-0.07920185 -0.01377318 0.27308971 66 66 66
-0.07847621 -0.0131701 0.27254948 108 108 108
-0.08443387 -0.01807323 0.27301654 122 122 122
-0.08727114 -0.02185273 0.27619952 119 119 119
-0.08878965 -0.02482916 0.27987111 120 120 120
-0.09011263 -0.02788872 0.28407207 121 121 121
-0.0893929 -0.03009144 0.28978279 116 116 116
-0.09019898 -0.02805523 0.28494182 122 122 122
-0.08894736 -0.02482021 0.28031024 120 120 120
-0.08719218 -0.02153281 0.27636385 117 117 117
-0.08418296 -0.0175781 0.27309906 114 114 114
-0.07830593 -0.01275391 0.27270269 103 103 103
-0.07928085 -0.01422651 0.27322116 71 71 71
-0.08519947 -0.01916301 0.27375546 133 133 133
-0.08821835 -0.02303107 0.27690595 125 125 125
-0.08954144 -0.02605904 0.2809566 122 122 122
-0.0903116 -0.02915148 0.2861222 110 110 110
-0.08928965 -0.02973852 0.2901991 108 108 108
-0.08970939 -0.02713918 0.28409219 126 126 126
-0.08854885 -0.02315609 0.27772436 124 124 124
-0.07761211 -0.01234136 0.27181292 101 101 101
-0.08298174 -0.01698057 0.27267659 110 110 110
-0.08541377 -0.01974125 0.27439418 130 130 130
-0.08846831 -0.02347252 0.27713528 126 126 126
-0.08964446 -0.02632022 0.28111446 122 122 122
-0.09033 -0.02922622 0.2859638 112 112 112
-0.08884851 -0.03165723 0.29342467 72 72 72
-0.07901599 -0.01335991 0.27300909 70 70 70
-0.08929547 -0.02994755 0.2908237 108 108 108
-0.08929255 -0.02976235 0.29046994 106 106 106
-0.0853867 -0.01968004 0.27407345 131 131 131
-0.08838506 -0.02343911 0.27696842 126 126 126
-0.08956721 -0.02624671 0.28084415 122 122 122
-0.09033231 -0.02919622 0.28571057 114 114 114
-0.08804375 -0.03327752 0.2977877 54 54 54
-0.09000947 -0.02743165 0.28445458 121 121 121
-0.08848839 -0.02410703 0.28003067 124 124 124
-0.08650173 -0.02075068 0.27635342 111 111 111
-0.08330243 -0.01665631 0.27309018 101 101 101
-0.07758214 -0.01183051 0.27253869 84 84 84
-0.07856596 -0.01350813 0.2722424 116 116 116
-0.08455754 -0.01856269 0.27287799 129 129 129
-0.08747426 -0.02239555 0.27607656 123 123 123
-0.08896892 -0.02534978 0.2797851 121 121 121
-0.09025508 -0.02849953 0.28418756 124 124 124
-0.08875762 -0.0317608 0.29336458 68 68 68
-0.08912969 -0.031072 0.29357699 65 65 65
-0.09002059 -0.02741219 0.28461286 121 121 121
-0.08848533 -0.02402254 0.28012562 124 124 124
-0.08649069 -0.02065802 0.27644131 111 111 111
-0.05045621 -0.04909328 0.30371201 97 97 97
-0.07800842 -0.01292897 0.27167159 113 113 113
-0.08363943 -0.01775827 0.27251449 111 111 111
-0.08642893 -0.02145809 0.27559063 114 114 114
-0.08871485 -0.02412437 0.27740112 115 115 115
-0.08969043 -0.02662175 0.28098574 122 122 122
-0.09034786 -0.02952036 0.28586718 114 114 114
-0.08865764 -0.03178944 0.29329643 69 69 69
-0.0506773 -0.04912769 0.3037838 94 94 94
-0.08922157 -0.02978824 0.29110566 105 105 105
-0.07872266 -0.01389215 0.27222243 115 115 115
-0.08466248 -0.01885082 0.27289402 132 132 132
-0.05097701 -0.04947426 0.30411926 80 80 80
-0.04780379 -0.04655166 0.30260375 89 89 89
-0.08817622 -0.02460492 0.279082 128 128 128
-0.08983637 -0.02716865 0.28162098 112 112 112
-0.08893484 -0.02991698 0.28884372 112 112 112
-0.08790286 -0.03335429 0.29756117 61 61 61
-0.08857305 -0.02305717 0.2780984 114 114 114
-0.08535594 -0.01910636 0.27514282 117 117 117
-0.08315797 -0.01638314 0.27321744 110 110 110
-0.07670195 -0.01089486 0.27243099 62 62 62
-0.04803029 -0.0466985 0.30282962 84 84 84
-0.07901072 -0.01469593 0.27318305 108 108 108
-0.0853302 -0.01990006 0.27373847 139 139 139
-0.08834015 -0.02372423 0.27666548 126 126 126
-0.08948541 -0.02636584 0.28034839 121 121 121
-0.09035514 -0.02938673 0.28514931 119 119 119
-0.08762806 -0.03349089 0.29799035 63 63 63
-0.04829563 -0.04691154 0.30313969 92 92 92
-0.09015526 -0.02779017 0.28561172 117 117 117
-0.08913217 -0.02473038 0.28096753 122 122 122
-0.07862611 -0.01387736 0.27190697 116 116 116
-0.08456682 -0.0189428 0.27272725 135 135 135
-0.08728033 -0.02249752 0.27570304 121 121 121
-0.08850704 -0.02503821 0.27900973 120 120 120
-0.08792546 -0.02196022 0.2771804 126 126 126
-0.08930806 -0.03029982 0.28858978 125 125 125
-0.05022183 -0.04824893 0.30353495 101 101 101
-0.08845983 -0.03309034 0.2956371 63 63 63
-0.08456311 -0.01753538 0.27352887 122 122 122
-0.07847935 -0.012409 0.2728453 68 68 68
-0.0789448 -0.01436606 0.27223504 110 110 110
-0.08495985 -0.01955806 0.2731697 142 142 142
-0.08791692 -0.02331558 0.27612758 127 127 127
-0.04858709 -0.04703882 0.30335996 94 94 94
-0.08902299 -0.02579679 0.27947277 121 121 121
-0.09027139 -0.02880259 0.28363872 123 123 123
-0.08832313 -0.03186655 0.29306287 65 65 65
-0.09014097 -0.02780474 0.28590238 114 114 114
-0.08919326 -0.02476575 0.28115338 121 121 121
-0.08756285 -0.02145871 0.27697238 120 120 120
-0.08468442 -0.01757796 0.27365366 122 122 122
-0.07898701 -0.01267084 0.2728754 65 65 65
-0.07846156 -0.01380312 0.27158612 116 116 116
-0.04867038 -0.04688497 0.30328402 93 93 93
-0.084333 -0.01884453 0.2724866 132 132 132
-0.08720168 -0.02257181 0.27554044 123 123 123
-0.0885415 -0.02523541 0.27888563 121 121 121
-0.08997188 -0.02825433 0.28284568 130 130 130
-0.08958235 -0.03103483 0.28913581 116 116 116
-0.09011678 -0.02785954 0.28630441 112 112 112
-0.08931501 -0.0248957 0.28145611 122 122 122
-0.05092388 -0.04840633 0.30362329 104 104 104
-0.07835966 -0.01376224 0.27143607 115 115 115
-0.08415196 -0.01874112 0.27234295 126 126 126
-0.08662225 -0.0220836 0.27523038 119 119 119
-0.08876952 -0.0247113 0.27716067 118 118 118
-0.0897729 -0.02722283 0.28073969 121 121 121
-0.09037089 -0.02970558 0.28487653 119 119 119
-0.0881329 -0.03185015 0.29295003 62 62 62
-0.08500795 -0.01789045 0.27399105 129 129 129
-0.07925382 -0.01282666 0.27295199 61 61 61
-0.05167576 -0.04882746 0.30365652 96 96 96
-0.07796166 -0.01342855 0.27115455 108 108 108
-0.08383182 -0.01851837 0.27217415 115 115 115
-0.08660767 -0.02215153 0.27516478 116 116 116
-0.08876981 -0.0247998 0.27708405 119 119 119
-0.08983651 -0.02743548 0.28084719 121 121 121
-0.09038275 -0.0300408 0.28531474 114 114 114
-0.08686069 -0.03403934 0.29926816 58 58 58
-0.08948431 -0.02650188 0.28482154 121 121 121
-0.08852433 -0.02271667 0.27839801 110 110 110
-0.08496242 -0.01907464 0.27665254 77 77 77
-0.05223718 -0.04912153 0.30375516 110 110 110
-0.04956378 -0.04572072 0.30081147 97 97 97
-0.07747595 -0.01112321 0.27257964 64 64 64
-0.07915331 -0.01525606 0.27270365 128 128 128
-0.08523007 -0.02033013 0.27334139 131 131 131
-0.08818559 -0.02399443 0.27621993 131 131 131
-0.08937808 -0.02662828 0.27969313 124 124 124
-0.09032062 -0.02925884 0.2835995 122 122 122
-0.08797083 -0.03192161 0.2928451 69 69 69
-0.05088818 -0.04798556 0.30355126 101 101 101
-0.0900427 -0.02778624 0.28675041 106 106 106
-0.08953515 -0.0251961 0.2821748 115 115 115
-0.08812147 -0.02189369 0.27765268 125 125 125
-0.07904366 -0.0148322 0.27188918 115 115 115
-0.08474069 -0.01973756 0.27276355 138 138 138
-0.08740574 -0.02311675 0.27541643 128 128 128
-0.088716 -0.02572201 0.27872637 125 125 125
-0.0895488 -0.02818245 0.28246662 122 122 122
-0.08527238 -0.01927738 0.27691051 80 80 80
-0.08536301 -0.01839198 0.27490276 128 128 128
-0.05183773 -0.04851229 0.30358091 111 111 111
-0.04955667 -0.04536791 0.30057365 109 109 109
-0.07767472 -0.01119425 0.27261731 55 55 55
-0.04930363 -0.04659234 0.3033078 93 93 93
-0.07885061 -0.01466541 0.27155837 120 120 120
-0.08465242 -0.0196986 0.27262312 136 136 136
-0.05265048 -0.04890953 0.30379388 109 109 109
-0.04996767 -0.04570374 0.30110934 104 104 104
-0.08817701 -0.02527568 0.27842221 131 131 131
-0.08991678 -0.02782832 0.28085649 126 126 126
-0.05140301 -0.04784114 0.30353138 99 99 99
-0.09032241 -0.02939685 0.28341818 124 124 124
-0.08807598 -0.03220094 0.29288328 66 66 66
-0.05256819 -0.04854584 0.30369169 115 115 115
-0.04973163 -0.04498021 0.30055642 109 109 109
-0.08911994 -0.02580259 0.28445065 72 72 72
-0.0501093 -0.04674209 0.30338681 110 110 110
-0.08923985 -0.02458812 0.28161386 119 119 119
-0.08768421 -0.02129406 0.27734423 122 122 122
-0.0519149 -0.04782715 0.30356532 111 111 111
-0.04999726 -0.04505593 0.30075109 108 108 108
-0.08423305 -0.01678612 0.27368706 113 113 113
-0.05190394 -0.04770394 0.30357236 111 111 111
-0.05004548 -0.04490406 0.30071455 116 116 116
-0.0533497 -0.04917382 0.30466089 114 114 114
-0.0504448 -0.04628372 0.30290103 101 101 101
-0.0532297 -0.04852871 0.30384514 108 108 108
-0.05067391 -0.0457088 0.30177176 115 115 115
-0.05355428 -0.04915086 0.30480233 109 109 109
-0.05068211 -0.04628319 0.30300388 104 104 104
-0.07920691 -0.01525491 0.2719979 120 120 120
-0.08496483 -0.0202322 0.27297178 136 136 136
-0.05150568 -0.04692052 0.30348352 105 105 105
-0.08641091 -0.02228969 0.27487981 112 112 112
-0.05240374 -0.04748363 0.30369553 117 117 117
-0.05049445 -0.04474283 0.3008776 96 96 96
-0.08924029 -0.02662881 0.27924988 127 127 127
-0.05247061 -0.04746147 0.30370662 118 118 118
-0.0505656 -0.04466707 0.30086914 96 96 96
-0.08936153 -0.03087113 0.28778946 129 129 129
-0.05129779 -0.04632886 0.30329105 109 109 109
-0.08837152 -0.0329881 0.29370356 60 60 60
-0.0512222 -0.04579797 0.3026118 122 122 122
-0.05237127 -0.04700694 0.30367789 115 115 115
-0.0506355 -0.04419395 0.30057243 114 114 114
-0.05134578 -0.04532872 0.30206335 122 122 122
-0.09000898 -0.02738583 0.28641561 112 112 112
-0.08916172 -0.02575709 0.28443775 68 68 68
-0.05085044 -0.04408864 0.30064604 117 117 117
-0.08832476 -0.02330408 0.28072867 108 108 108
-0.05487637 -0.04816816 0.30336666 100 100 100
-0.0510924 -0.0444467 0.30114686 105 105 105
-0.05445188 -0.04765639 0.30322942 104 104 104
-0.05108229 -0.04415224 0.3008548 118 118 118
-0.05464084 -0.04772306 0.3032307 104 104 104
-0.05118275 -0.04414922 0.3009353 121 121 121
-0.08330326 -0.0184865 0.2718195 108 108 108
-0.05209401 -0.04596415 0.30346662 105 105 105
-0.08443695 -0.01956264 0.27228346 132 132 132
-0.05589962 -0.04878273 0.30406728 101 101 101
-0.05197933 -0.04575391 0.30339554 105 105 105
-0.08798526 -0.02411101 0.2757954 127 127 127
-0.08920445 -0.02664536 0.27912033 126 126 126
-0.05559903 -0.04808965 0.30342034 101 101 101
-0.05153298 -0.0443376 0.30151337 108 108 108
-0.09038727 -0.03007304 0.28424504 123 123 123
-0.05322501 -0.04636825 0.3033326 105 105 105
-0.08938427 -0.03094617 0.28769594 130 130 130
-0.0848899 -0.01740432 0.27409631 126 126 126
-0.05199398 -0.04526477 0.30292043 103 103 103
-0.08418452 -0.01665952 0.27373463 113 113 113
-0.05329439 -0.0460886 0.30323496 99 99 99
-0.07942982 -0.01256094 0.27307358 61 61 61
-0.05582339 -0.04771106 0.30336088 108 108 108
-0.05655095 -0.04858194 0.30422616 106 106 106
-0.05171463 -0.04350054 0.30073309 88 88 88
-0.05416363 -0.04615928 0.30302843 117 117 117
-0.05457255 -0.04636127 0.3030428 116 116 116
-0.05497769 -0.0465215 0.30309594 112 112 112
-0.07879157 -0.01482053 0.27129585 121 121 121
-0.05488637 -0.04634029 0.30308849 111 111 111
-0.08367501 -0.01890354 0.27185762 117 117 117
-0.0863272 -0.02237574 0.27474734 117 117 117
-0.05517908 -0.04645091 0.30315119 113 113 113
-0.08764686 -0.02373698 0.27542499 128 128 128
-0.08903354 -0.02645498 0.27879822 128 128 128
-0.05692851 -0.04794502 0.30396086 117 117 117
-0.05427638 -0.0451492 0.3019847 101 101 101
-0.09035976 -0.02982937 0.28355479 123 123 123
-0.08995976 -0.02752753 0.28701538 103 103 103
-0.05492422 -0.04604797 0.30312571 112 112 112
-0.08811868 -0.03261858 0.29290277 66 66 66
-0.05715432 -0.04818263 0.30453721 118 118 118
-0.05440493 -0.04533008 0.30265743 107 107 107
-0.05716626 -0.04820098 0.30480465 118 118 118
-0.05447742 -0.04532709 0.30273464 106 106 106
-0.08871041 -0.02367045 0.28107241 117 117 117
-0.05654341 -0.04690578 0.30335996 113 113 113
-0.05483496 -0.04412245 0.30029151 112 112 112
-0.05712493 -0.04818311 0.30528307 111 111 111
-0.05465038 -0.04529287 0.30289254 111 111 111
-0.08528773 -0.01794651 0.27479458 129 129 129
-0.05611175 -0.04634325 0.30319309 102 102 102
-0.0546698 -0.04358008 0.29996219 104 104 104
-0.05680289 -0.04672359 0.30334336 109 109 109
-0.05502128 -0.04386503 0.30026266 114 114 114
-0.05747066 -0.04743538 0.30408657 119 119 119
-0.05511009 -0.0446096 0.30172592 123 123 123
-0.05680577 -0.04643177 0.30322599 121 121 121
-0.05473585 -0.04326884 0.29999769 105 105 105
-0.05512462 -0.04499745 0.30283198 107 107 107
-0.05760636 -0.04740036 0.30455738 113 113 113
-0.05540771 -0.04405853 0.30098236 114 114 114
-0.05720052 -0.04640499 0.30337834 112 112 112
-0.05519773 -0.04335971 0.30021873 111 111 111
-0.05680343 -0.04583307 0.30297962 127 127 127
-0.0389466 -0.01526619 0.26828843 42 42 42
-0.05582697 -0.04502424 0.3027094 104 104 104
-0.03906409 -0.01474649 0.26750678 48 48 48
-0.05585531 -0.04474281 0.30237707 96 96 96
-0.03905008 -0.0145419 0.26730576 53 53 53
-0.05603737 -0.04440837 0.30187932 107 107 107
-0.0575113 -0.04616262 0.30369571 109 109 109
-0.05579846 -0.04343509 0.30069822 126 126 126
-0.05678275 -0.04509049 0.30270475 99 99 99
-0.03917795 -0.01505295 0.26872185 47 47 47
-0.05629647 -0.04398086 0.3015027 127 127 127
-0.05702194 -0.0450558 0.30283168 107 107 107
-0.03943168 -0.01453884 0.26790258 47 47 47
-0.05592263 -0.04312706 0.30082712 126 126 126
-0.05665199 -0.04415112 0.30206171 125 125 125
-0.05909931 -0.0462577 0.30311033 86 86 86
-0.05550735 -0.04251895 0.30067345 101 101 101
-0.05908594 -0.04610851 0.30304778 94 94 94
-0.055658 -0.04255905 0.30077231 112 112 112
-0.05976267 -0.04654375 0.30327073 85 85 85
-0.05625794 -0.04312206 0.30131307 120 120 120
-0.04342594 -0.01631993 0.26727661 97 97 97
-0.05910319 -0.04579737 0.30291909 93 93 93
-0.0552574 -0.0421092 0.30081889 97 97 97
-0.04347508 -0.01600986 0.26685736 99 99 99
-0.06024159 -0.04670136 0.30340669 89 89 89
-0.0565723 -0.04335338 0.30181181 116 116 116
-0.04524139 -0.01779867 0.26817816 82 82 82
-0.04431185 -0.01522372 0.26450199 95 95 95
-0.05817921 -0.04479818 0.30265346 90 90 90
-0.0441419 -0.0167243 0.26777825 102 102 102
-0.06009041 -0.04624543 0.30316958 87 87 87
-0.04479545 -0.0171762 0.26798382 89 89 89
-0.06077423 -0.0468092 0.30358145 95 95 95
-0.04593987 -0.01806935 0.26843461 94 94 94
-0.04458406 -0.01541914 0.26505744 99 99 99
-0.05824418 -0.04434106 0.30237734 96 96 96
-0.04417088 -0.01566514 0.26639631 89 89 89
-0.0586636 -0.04463177 0.30262062 100 100 100
-0.04412376 -0.01600565 0.26741177 104 104 104
-0.06017476 -0.04571936 0.30295318 97 97 97
-0.04536683 -0.01703458 0.26790208 102 102 102
-0.06084681 -0.04621612 0.30327749 101 101 101
-0.04632524 -0.0178821 0.26848969 115 115 115
-0.04540975 -0.01504707 0.26423639 88 88 88
-0.05989898 -0.0434427 0.29944369 95 95 95
-0.04426434 -0.015695 0.26719236 100 100 100
-0.05993444 -0.04502276 0.30258489 116 116 116
-0.04554154 -0.01674192 0.2677868 104 104 104
-0.06279416 -0.04705457 0.30297604 88 88 88
-0.05970545 -0.04284114 0.29901436 87 87 87
-0.08517817 -0.02129595 0.2741589 131 131 131
-0.06071587 -0.0455107 0.30300823 98 98 98
-0.05973636 -0.0427129 0.2989569 91 91 91
-0.04454681 -0.0155668 0.26728508 106 106 106
-0.06060231 -0.04523017 0.30285645 111 111 111
-0.08817138 -0.02451464 0.27588543 127 127 127
-0.0460036 -0.01522141 0.26491085 83 83 83
-0.06040742 -0.04488649 0.30265954 110 110 110
-0.04649994 -0.01707229 0.26809549 129 129 129
-0.08870865 -0.02531558 0.27662882 123 123 123
-0.06021482 -0.04453241 0.30248761 102 102 102
-0.04672701 -0.01715712 0.26826003 134 134 134
-0.04580414 -0.01426774 0.26382926 97 97 97
-0.06065547 -0.04350097 0.30015257 115 115 115
-0.04613865 -0.01642065 0.26774001 120 120 120
-0.0636608 -0.04691294 0.30297607 92 92 92
-0.06039226 -0.04273085 0.29929554 109 109 109
-0.04543323 -0.01563729 0.26731884 113 113 113
-0.06311894 -0.04629565 0.30268353 94 94 94
-0.06006647 -0.04212432 0.29872215 105 105 105
-0.04649239 -0.01509367 0.26515931 93 93 93
-0.06298049 -0.04605516 0.30263713 100 100 100
-0.06022052 -0.04211453 0.29876202 108 108 108
-0.04656392 -0.01512755 0.26535338 95 95 95
-0.06324352 -0.04611499 0.30262771 94 94 94
-0.06049393 -0.04233775 0.29903159 87 87 87
-0.04654028 -0.01532325 0.26600257 110 110 110
-0.06382217 -0.04645618 0.30273691 95 95 95
-0.06072932 -0.04259787 0.29944003 116 116 116
-0.04619518 -0.0157294 0.26744327 103 103 103
-0.06420716 -0.04685154 0.30315155 99 99 99
-0.06108216 -0.04306955 0.30010083 122 122 122
-0.04720538 -0.01728533 0.26933634 119 119 119
-0.04692387 -0.01488958 0.26508179 93 93 93
-0.06414898 -0.04643321 0.3027578 91 91 91
-0.06103813 -0.04279029 0.29985392 120 120 120
-0.0473142 -0.01747658 0.26976401 114 114 114
-0.04691027 -0.01505025 0.2656323 94 94 94
-0.06412467 -0.04627749 0.30266663 90 90 90
-0.06100166 -0.04251615 0.29959974 120 120 120
-0.04666734 -0.01584014 0.2677196 128 128 128
-0.04621714 -0.01337032 0.26363844 93 93 93
-0.06130445 -0.04372193 0.30167437 111 111 111
-0.04738108 -0.01704884 0.26933891 115 115 115
-0.04739537 -0.01474287 0.26479632 83 83 83
-0.06405903 -0.04592993 0.30254516 96 96 96
-0.06113069 -0.04224125 0.29934695 103 103 103
-0.04668488 -0.01556359 0.26756194 107 107 107
-0.04619469 -0.01305644 0.26356015 108 108 108
-0.0614562 -0.04369586 0.30188125 112 112 112
-0.04756654 -0.01709205 0.26956758 107 107 107
-0.04761051 -0.01480853 0.26502082 136 136 136
-0.06450873 -0.04603228 0.30260196 98 98 98
-0.06147029 -0.04269665 0.30020753 122 122 122
-0.04723248 -0.01608374 0.26833749 131 131 131
-0.04721536 -0.0136907 0.26372382 92 92 92
-0.06317162 -0.04485716 0.30236998 102 102 102
-0.06115136 -0.04159982 0.29883474 112 112 112
-0.04751832 -0.01649811 0.26897773 109 109 109
-0.04785248 -0.01414856 0.26396218 97 97 97
-0.06387042 -0.04529443 0.30242735 94 94 94
-0.06148405 -0.04199454 0.29931781 100 100 100
-0.04735591 -0.0160026 0.26843944 127 127 127
-0.04765164 -0.01371918 0.26369423 89 89 89
-0.06511169 -0.04631376 0.30281243 85 85 85
-0.0618756 -0.04324606 0.30138251 130 130 130
-0.04808923 -0.01711192 0.26964065 92 92 92
-0.04832184 -0.01450013 0.26454562 85 85 85
-0.06335075 -0.04463997 0.30233681 106 106 106
-0.06163258 -0.04183152 0.29922894 94 94 94
-0.04725298 -0.01514186 0.26737821 104 104 104
-0.0651479 -0.04662307 0.30377087 113 113 113
-0.06182683 -0.04242491 0.30035374 121 121 121
-0.04748072 -0.01567378 0.26840377 126 126 126
-0.04737793 -0.01303988 0.26347318 93 93 93
-0.06209889 -0.04321059 0.30169266 123 123 123
-0.04858698 -0.01706607 0.26947939 91 91 91
-0.04861251 -0.01429606 0.26442829 104 104 104
-0.06312278 -0.0440531 0.30219907 113 113 113
-0.06175531 -0.04142676 0.29883128 116 116 116
-0.04741208 -0.01508002 0.26774731 116 116 116
-0.06590962 -0.04578562 0.30196038 91 91 91
-0.0621415 -0.04209699 0.29977411 121 121 121
-0.04760475 -0.01541628 0.26835927 114 114 114
-0.06638481 -0.04620092 0.30229694 85 85 85
-0.04794635 -0.01568225 0.26862285 96 96 96
-0.04728573 -0.01246117 0.26346114 97 97 97
-0.08952313 -0.02793723 0.28880411 66 66 66
-0.04810482 -0.01296873 0.26350811 100 100 100
-0.08995467 -0.02728026 0.28674954 104 104 104
-0.04763888 -0.01250376 0.26346493 87 87 87
-0.04809595 -0.01539969 0.2684035 93 93 93
-0.04751715 -0.0123128 0.26347977 86 86 86
-0.06657587 -0.04550217 0.30167627 77 77 77
-0.08927117 -0.02442447 0.28193218 118 118 118
-0.05001684 -0.01467273 0.26477712 92 92 92
-0.08866899 -0.02354442 0.2811186 117 117 117
-0.08827968 -0.02182212 0.27815798 126 126 126
-0.04999581 -0.0164548 0.26858217 112 112 112
-0.04844564 -0.01279384 0.26361001 106 106 106
-0.06498335 -0.04223594 0.29801828 86 86 86
-0.05028362 -0.01493276 0.26531473 100 100 100
-0.04738915 -0.01187163 0.26352632 94 94 94
-0.06487213 -0.04183116 0.29765698 98 98 98
-0.05051887 -0.0147468 0.26492316 88 88 88
-0.0675033 -0.04609462 0.30238715 113 113 113
-0.06496234 -0.04178299 0.29765391 100 100 100
-0.04890953 -0.01516171 0.26794681 99 99 99
-0.04776882 -0.01194052 0.26354605 92 92 92
-0.06530407 -0.04226718 0.29830813 113 113 113
-0.05122439 -0.0171524 0.26911432 140 140 140
-0.05048528 -0.01423394 0.26447392 100 100 100
-0.08549069 -0.01899769 0.27684271 75 75 75
-0.08534265 -0.01806325 0.27515689 126 126 126
-0.0510519 -0.01676273 0.26883104 131 131 131
-0.05025031 -0.01386113 0.26432601 96 96 96
-0.06768775 -0.04532391 0.30145639 84 84 84
-0.06519986 -0.04160367 0.29765603 102 102 102
-0.04944795 -0.01507134 0.2677632 97 97 97
-0.04833319 -0.0120342 0.26363555 97 97 97
-0.0653711 -0.04278412 0.29984948 123 123 123
-0.05094266 -0.0164027 0.26867655 128 128 128
-0.05020447 -0.01355927 0.26425016 94 94 94
-0.06783111 -0.04509909 0.30127698 80 80 80
-0.06561086 -0.04228802 0.29880637 115 115 115
-0.05107795 -0.01640261 0.26875651 130 130 130
-0.05029923 -0.0135051 0.26424578 94 94 94
-0.06817807 -0.04565546 0.30199304 105 105 105
-0.0653236 -0.04283423 0.30050132 109 109 109
-0.05146101 -0.01676542 0.26922193 212 212 212
-0.05110943 -0.01409127 0.26448786 102 102 102
-0.08440213 -0.01669653 0.27392545 118 118 118
-0.06591391 -0.04338037 0.30090389 99 99 99
-0.08407503 -0.01639631 0.27384332 110 110 110
-0.05017897 -0.01520112 0.26808971 105 105 105
-0.04875235 -0.01196793 0.26382735 106 106 106
-0.06676745 -0.04386524 0.30082631 99 99 99
-0.06542654 -0.04119088 0.29765821 95 95 95
-0.05017949 -0.01498162 0.26783538 112 112 112
-0.0484459 -0.01156868 0.26375815 96 96 96
-0.06572197 -0.04250706 0.29999402 146 146 146
-0.05152506 -0.01647755 0.26919663 217 217 217
-0.05133086 -0.01386462 0.26443604 100 100 100
-0.06846049 -0.04507792 0.30145603 104 104 104
-0.06583378 -0.04134667 0.29785103 107 107 107
-0.05047817 -0.01508433 0.26815328 104 104 104
-0.04880852 -0.01171016 0.26391008 102 102 102
-0.06574553 -0.04259348 0.30052999 110 110 110
-0.05177169 -0.01656289 0.2694869 131 131 131
-0.05164389 -0.01392485 0.26458037 100 100 100
-0.06862473 -0.04500721 0.30154517 107 107 107
-0.06537604 -0.04073357 0.29769358 91 91 91
-0.05055114 -0.01481556 0.26781669 117 117 117
-0.04847386 -0.0111948 0.26386756 94 94 94
-0.06652744 -0.04193866 0.29868552 107 107 107
-0.05151509 -0.01588958 0.26898044 115 115 115
-0.05118113 -0.01319764 0.26426193 103 103 103
-0.06849246 -0.04429795 0.30082935 118 118 118
-0.06532006 -0.04047947 0.29775885 100 100 100
-0.05211824 -0.0145361 0.26573449 104 104 104
-0.068581 -0.04548134 0.30318445 119 119 119
-0.06679922 -0.04210009 0.29906207 105 105 105
-0.0518817 -0.01612773 0.26933923 119 119 119
-0.05166292 -0.01339101 0.26443827 104 104 104
-0.06877322 -0.04444392 0.30115247 119 119 119
-0.06679247 -0.04172166 0.29863498 124 124 124
-0.05178753 -0.0157628 0.26904199 111 111 111
-0.05132918 -0.01295933 0.26428011 105 105 105
-0.06883863 -0.04443736 0.30124617 116 116 116
-0.06688809 -0.04170859 0.29871237 135 135 135
-0.05218937 -0.01625573 0.26966745 121 121 121
-0.05195733 -0.01344249 0.26460379 107 107 107
-0.06894691 -0.04482731 0.30209827 114 114 114
-0.06716349 -0.04215956 0.29935652 121 121 121
-0.05222711 -0.01614446 0.26961768 121 121 121
-0.05206857 -0.01349795 0.26472798 112 112 112
-0.07894634 -0.01517403 0.27132756 124 124 124
-0.06880155 -0.04403523 0.30098236 132 132 132
-0.0668046 -0.0413351 0.29850808 148 148 148
-0.08451847 -0.02001784 0.27234858 137 137 137
-0.05248184 -0.01404958 0.26551187 114 114 114
-0.06851763 -0.0452958 0.30400187 112 112 112
-0.06783232 -0.04267504 0.2999188 119 119 119
-0.06529588 -0.03992277 0.29801357 99 99 99
-0.05242375 -0.01379604 0.26527628 119 119 119
-0.06877939 -0.04508702 0.30350113 111 111 111
-0.06774493 -0.04246949 0.29982081 116 116 116
-0.05232793 -0.01637531 0.27059126 106 106 106
-0.0523956 -0.01364515 0.2651827 128 128 128
-0.0689645 -0.044869 0.30305827 110 110 110
-0.06766672 -0.04219538 0.29971737 142 142 142
-0.052449 -0.01617602 0.27026916 111 111 111
-0.05253568 -0.01371842 0.26542348 121 121 121
-0.06863283 -0.0450956 0.30415833 104 104 104
-0.06799334 -0.04250452 0.29999927 133 133 133
-0.0522524 -0.01629142 0.27100289 98 98 98
-0.05276388 -0.01404896 0.26598632 115 115 115
-0.04829495 -0.0099828 0.26425159 104 104 104
-0.06837286 -0.04282441 0.30033541 139 139 139
-0.06598153 -0.04005632 0.2982628 94 94 94
-0.05289485 -0.01428716 0.26651666 107 107 107
-0.08494751 -0.02059636 0.27283931 137 137 137
-0.06911357 -0.04426822 0.30236399 117 117 117
-0.06744849 -0.04154374 0.29936284 131 131 131
-0.08693642 -0.02313365 0.2748355 120 120 120
-0.05291806 -0.01415985 0.26639792 109 109 109
-0.04888704 -0.01024899 0.26437172 107 107 107
-0.06859222 -0.04286114 0.30062652 120 120 120
-0.06630642 -0.04016875 0.29843226 101 101 101
-0.05292053 -0.01392054 0.2662003 111 111 111
-0.04838878 -0.0097887 0.2643638 103 103 103
-0.0683461 -0.04244692 0.30034888 108 108 108
-0.06571903 -0.03962504 0.29843602 93 93 93
-0.05278167 -0.01349314 0.26576558 131 131 131
-0.08752769 -0.02377245 0.27522069 125 125 125
-0.0690925 -0.0437313 0.30193949 114 114 114
-0.06620841 -0.03990003 0.29857561 103 103 103
-0.05297393 -0.01373005 0.26619795 128 128 128
-0.04841324 -0.00957664 0.26445767 101 101 101
-0.06737291 -0.04105849 0.29940397 117 117 117
-0.0528404 -0.01464563 0.26836318 118 118 118
-0.05183902 -0.01200942 0.26464033 113 113 113
-0.06889436 -0.04463824 0.30449083 103 103 103
-0.06579998 -0.03946294 0.29869175 90 90 90
-0.05319937 -0.01402948 0.26696783 115 115 115
-0.05097662 -0.01117678 0.26443824 107 107 107
-0.06917509 -0.04380916 0.30272564 120 120 120
-0.05294266 -0.01335653 0.26607901 121 121 121
-0.04602761 -0.00776866 0.2646445 59 59 59
-0.0527471 -0.01283366 0.26565683 125 125 125
-0.06893117 -0.04448722 0.30483434 97 97 97
-0.05240807 -0.01220446 0.26514629 123 123 123
-0.08988764 -0.02889687 0.28200075 126 126 126
-0.0895646 -0.03130268 0.28741565 140 140 140
-0.05272178 -0.01257666 0.26564884 124 124 124
-0.06904869 -0.04429061 0.30477783 113 113 113
-0.05435941 -0.01450365 0.26724601 83 83 83
-0.04908431 -0.00936228 0.26472047 100 100 100
-0.05472722 -0.01577111 0.26949662 102 102 102
-0.05262477 -0.01221687 0.26555347 126 126 126
-0.08967789 -0.03189034 0.28849128 114 114 114
-0.05610712 -0.01665799 0.26957399 110 110 110
-0.05273403 -0.01232809 0.26577371 111 111 111
-0.0466692 -0.00749703 0.26468804 53 53 53
-0.05492612 -0.01566938 0.26945502 118 118 118
-0.05245758 -0.0117921 0.2653971 124 124 124
-0.0871404 -0.03353925 0.29595861 113 113 113
-0.05678016 -0.01769288 0.27106065 107 107 107
-0.05472874 -0.0145992 0.26776227 89 89 89
-0.0510069 -0.01036785 0.26482266 104 104 104
-0.05682731 -0.01743431 0.27075326 114 114 114
-0.05510208 -0.01435824 0.26706362 82 82 82
-0.05047777 -0.00985775 0.26484984 103 103 103
-0.05683548 -0.01717793 0.27046531 117 117 117
-0.05550911 -0.01403871 0.2661362 87 87 87
-0.04979895 -0.0092997 0.26489633 102 102 102
-0.05677056 -0.01681288 0.27006617 111 111 111
-0.0552585 -0.01341778 0.26556075 109 109 109
-0.07371301 -0.04382598 0.29917288 102 102 102
-0.0566161 -0.01638576 0.26966488 117 117 117
-0.05227292 -0.01113863 0.26549786 116 116 116
-0.07369726 -0.04356279 0.29889223 94 94 94
-0.05667067 -0.01625941 0.26963037 117 117 117
-0.05217114 -0.01095624 0.2654874 111 111 111
-0.07375427 -0.04343461 0.29882133 90 90 90
-0.05679559 -0.01631574 0.26974118 119 119 119
-0.05217672 -0.0108836 0.26555923 111 111 111
-0.07347668 -0.04300154 0.29857719 101 101 101
-0.05689619 -0.01631209 0.26981476 116 116 116
-0.05223328 -0.01088444 0.26566187 113 113 113
-0.07350265 -0.04288787 0.29854083 102 102 102
-0.05716408 -0.01666813 0.27033266 116 116 116
-0.05600726 -0.01348817 0.26577857 98 98 98
-0.07407863 -0.04338061 0.2989035 94 94 94
-0.05762139 -0.01756583 0.27171567 104 104 104
-0.05548535 -0.0147442 0.26909882 121 121 121
-0.05148331 -0.00996563 0.26543817 103 103 103
-0.07281525 -0.0419702 0.29820773 103 103 103
-0.05743378 -0.01684991 0.27080268 117 117 117
-0.05625329 -0.01420175 0.26725724 108 108 108
-0.05077111 -0.00929614 0.26535308 95 95 95
-0.07293513 -0.04198259 0.29824436 110 110 110
-0.05755118 -0.01690125 0.27095234 111 111 111
-0.05627728 -0.0142399 0.26749486 110 110 110
-0.05087173 -0.00928943 0.26543015 94 94 94
-0.07301821 -0.04192173 0.29825306 110 110 110
-0.05767333 -0.01695047 0.27109107 110 110 110
-0.05627596 -0.01432371 0.2679207 102 102 102
-0.05061554 -0.00902235 0.26546839 90 90 90
-0.0728391 -0.0416374 0.29816934 109 109 109
-0.05765495 -0.01668102 0.27083331 113 113 113
-0.0564975 -0.01415866 0.26745352 111 111 111
-0.04841011 -0.00717475 0.26522443 63 63 63
-0.07261376 -0.04116565 0.29775113 109 109 109
-0.05754612 -0.01620995 0.27029338 119 119 119
-0.05653093 -0.01317533 0.26555482 81 81 81
-0.07461265 -0.04319433 0.29911539 119 119 119
-0.07273344 -0.04052403 0.29656473 93 93 93
-0.05729818 -0.01563399 0.26969144 137 137 137
-0.05169307 -0.00974162 0.26606715 102 102 102
-0.07437838 -0.04245009 0.29820463 87 87 87
-0.07239449 -0.03977463 0.29580343 118 118 118
-0.05674387 -0.01476653 0.26904321 121 121 121
-0.08940487 -0.03002583 0.29355609 66 66 66
-0.07292683 -0.04117194 0.29804757 104 104 104
-0.08986729 -0.02675365 0.28602552 116 116 116
-0.05698261 -0.01488242 0.26917687 127 127 127
-0.07471997 -0.04319613 0.29965752 123 123 123
-0.07295772 -0.04019422 0.29628748 101 101 101
-0.05736766 -0.01520966 0.2695199 135 135 135
-0.07448982 -0.04335492 0.30050844 116 116 116
-0.07312108 -0.04040207 0.29665881 92 92 92
-0.05745643 -0.01521653 0.26958764 123 123 123
-0.05031785 -0.00829987 0.26599088 90 90 90
-0.07321953 -0.04054625 0.29700932 103 103 103
-0.05740378 -0.01499742 0.26944256 132 132 132
-0.05028289 -0.00819886 0.26609528 85 85 85
-0.07334258 -0.04044576 0.29685834 96 96 96
-0.05727369 -0.01464275 0.26922482 114 114 114
-0.0497536 -0.00765578 0.2661092 69 69 69
-0.0734649 -0.04044123 0.29689848 98 98 98
-0.05756708 -0.01488797 0.26950043 119 119 119
-0.05033451 -0.00810006 0.26630715 81 81 81
-0.07362963 -0.04053466 0.29708311 103 103 103
-0.05761511 -0.01479946 0.26948676 112 112 112
-0.05047337 -0.00811429 0.26640886 76 76 76
-0.07431906 -0.04124232 0.29763433 110 110 110
-0.0581087 -0.01540476 0.27018991 119 119 119
-0.05125065 -0.00872866 0.26682019 84 84 84
-0.07505702 -0.0417017 0.29786122 122 122 122
-0.06181251 -0.01836544 0.27092379 96 96 96
-0.05928428 -0.01384262 0.2656734 96 96 96
-0.07535286 -0.04242435 0.2990568 122 122 122
-0.0735469 -0.0397665 0.29641566 134 134 134
-0.05791124 -0.01473819 0.26966557 110 110 110
-0.05063233 -0.00789208 0.26641557 58 58 58
-0.07440937 -0.04071853 0.29726619 137 137 137
-0.06161566 -0.01764727 0.27032024 110 110 110
-0.05894808 -0.01304853 0.26506647 106 106 106
-0.07543215 -0.04189422 0.29835281 120 120 120
-0.07318647 -0.03921717 0.29626387 114 114 114
-0.06185068 -0.01780805 0.27050176 116 116 116
-0.05922019 -0.01322399 0.26526564 113 113 113
-0.07520557 -0.04250372 0.30009407 111 111 111
-0.07397592 -0.0399078 0.2967492 138 138 138
-0.05841929 -0.01505348 0.27021655 102 102 102
-0.05166706 -0.00840666 0.26674598 64 64 64
-0.07497796 -0.04092259 0.29755318 135 135 135
-0.06222851 -0.01808266 0.27093595 113 113 113
-0.05963361 -0.01343009 0.26558405 115 115 115
-0.07557905 -0.04196894 0.29897907 130 130 130
-0.07359962 -0.03929459 0.29651421 120 120 120
-0.0596314 -0.01438945 0.26759645 93 93 93
-0.05140406 -0.00786733 0.26653233 49 49 49
-0.07450377 -0.04017977 0.2971622 130 130 130
-0.06194916 -0.01734714 0.27039549 122 122 122
-0.05963595 -0.0131876 0.26545537 115 115 115
-0.08431037 -0.01982689 0.27205443 136 136 136
-0.07485055 -0.04040985 0.29741603 126 126 126
-0.06227722 -0.01766893 0.27076051 125 125 125
-0.05987181 -0.01331861 0.26565617 116 116 116
-0.08618085 -0.02249424 0.27453482 118 118 118
-0.07431519 -0.03977191 0.2970852 120 120 120
-0.06213102 -0.01733497 0.2705341 125 125 125
-0.05972585 -0.01299315 0.26542404 115 115 115
-0.07391199 -0.03926011 0.29687899 119 119 119
-0.0616257 -0.01661726 0.27004567 125 125 125
-0.0590977 -0.01226566 0.26514679 103 103 103
-0.07260664 -0.03812393 0.29668328 97 97 97
-0.06048533 -0.01399326 0.26660216 90 90 90
-0.07437772 -0.03957708 0.2972658 113 113 113
-0.06217015 -0.01698621 0.27046052 128 128 128
-0.06026564 -0.01325268 0.26589164 117 117 117
-0.08850193 -0.02514639 0.2762098 132 132 132
-0.07304188 -0.0382635 0.29680783 103 103 103
-0.0610388 -0.0156981 0.26976487 127 127 127
-0.05956078 -0.01235296 0.2652984 110 110 110
-0.07915124 -0.04212328 0.29599351 93 93 93
-0.08965769 -0.0287838 0.28191656 123 123 123
-0.06246964 -0.01708726 0.27069461 125 125 125
-0.06106069 -0.01401321 0.26643911 85 85 85
-0.07943491 -0.04232297 0.29620755 87 87 87
-0.06258102 -0.01708548 0.27075335 124 124 124
-0.06125278 -0.01396268 0.26635051 90 90 90
-0.07955167 -0.04237759 0.29628804 86 86 86
-0.06241564 -0.01674738 0.27054346 123 123 123
-0.06101236 -0.01359474 0.26618177 92 92 92
-0.09043154 -0.03083843 0.28482836 120 120 120
-0.06271848 -0.0169709 0.27077585 122 122 122
-0.06150405 -0.0138016 0.26620129 94 94 94
-0.08920737 -0.02533878 0.28421006 69 69 69
-0.06270002 -0.01680157 0.27069485 114 114 114
-0.06187176 -0.01394335 0.26621419 95 95 95
-0.08962059 -0.0314065 0.28737706 137 137 137
-0.07924382 -0.04151719 0.29574829 97 97 97
-0.06316143 -0.01733557 0.27130535 118 118 118
-0.06231619 -0.01454263 0.26692176 80 80 80
-0.05932051 -0.01150846 0.26537204 99 99 99
-0.07966798 -0.04182466 0.29598957 101 101 101
-0.06170088 -0.01545935 0.26995102 122 122 122
-0.06063857 -0.01260988 0.26590976 110 110 110
-0.07932958 -0.04133916 0.29572085 104 104 104
-0.06151586 -0.01510733 0.26975614 103 103 103
-0.06029704 -0.0121395 0.26566327 116 116 116
-0.07956652 -0.04143819 0.29581943 104 104 104
-0.06220433 -0.01571357 0.27012467 119 119 119
-0.06040129 -0.01213732 0.26573226 116 116 116
-0.07968877 -0.04143921 0.29585683 100 100 100
-0.06233003 -0.01567994 0.27008969 119 119 119
-0.06045157 -0.01207643 0.26576456 115 115 115
-0.0795975 -0.04121927 0.29577577 105 105 105
-0.063347 -0.01677447 0.27107185 117 117 117
-0.06306678 -0.01429821 0.26652148 95 95 95
-0.08458701 -0.01680214 0.27406898 120 120 120
-0.07936392 -0.04087356 0.29565275 102 102 102
-0.06188457 -0.01506805 0.26973593 108 108 108
-0.05962639 -0.01113204 0.26554766 99 99 99
-0.07895938 -0.01178853 0.2729176 58 58 58
-0.07773619 -0.0106882 0.27264038 55 55 55
-0.05975802 -0.0111331 0.26559022 98 98 98
-0.07887824 -0.04018433 0.29539871 96 96 96
-0.06331193 -0.01402115 0.26636288 109 109 109
-0.08067358 -0.04191374 0.29642153 107 107 107
-0.06360155 -0.01672477 0.27153671 120 120 120
-0.06290025 -0.01343703 0.26604038 105 105 105
-0.08039244 -0.04136463 0.29601359 105 105 105
-0.06345788 -0.01685125 0.27212924 110 110 110
-0.06321647 -0.01361933 0.26618609 113 113 113
-0.08077969 -0.0416919 0.2962822 109 109 109
-0.0784592 -0.03899062 0.29429537 98 98 98
-0.06364597 -0.01397539 0.26645386 116 116 116
-0.05910576 -0.01021689 0.26561168 90 90 90
-0.07898534 -0.03957807 0.2949664 109 109 109
-0.06387969 -0.01542808 0.26912349 102 102 102
-0.06109449 -0.01177901 0.26603535 100 100 100
-0.08026092 -0.04086187 0.29588592 103 103 103
-0.06372911 -0.01636748 0.27152339 108 108 108
-0.06399551 -0.01416785 0.26681212 118 118 118
-0.06035778 -0.01102 0.26585087 105 105 105
-0.07963681 -0.04019532 0.29569614 114 114 114
-0.06382094 -0.01583 0.27053669 118 118 118
-0.06354463 -0.0134449 0.26626334 118 118 118
-0.05943659 -0.01016447 0.26572597 94 94 94
-0.07925752 -0.03950823 0.29509556 114 114 114
-0.06425409 -0.01523345 0.26893324 111 111 111
-0.0626668 -0.01258374 0.26603571 100 100 100
-0.08120792 -0.04146579 0.29630741 110 110 110
-0.07896576 -0.03877784 0.29432079 113 113 113
-0.06443816 -0.01458136 0.26758972 118 118 118
-0.06136343 -0.01153376 0.2660943 95 95 95
-0.08065379 -0.04069409 0.29584706 96 96 96
-0.0639308 -0.01581023 0.27100813 106 106 106
-0.06376038 -0.01332707 0.2663576 120 120 120
-0.05965528 -0.01003939 0.26584482 97 97 97
-0.07951044 -0.03948015 0.29534265 120 120 120
-0.06460442 -0.01450308 0.26768064 132 132 132
-0.06159469 -0.01148898 0.26612395 93 93 93
-0.08096228 -0.04069209 0.29584691 97 97 97
-0.07842318 -0.03800905 0.29418942 104 104 104
-0.06369011 -0.01302646 0.26634467 115 115 115
-0.05949089 -0.00971433 0.26590645 93 93 93
-0.07957386 -0.03915817 0.29507208 114 114 114
-0.06458979 -0.01404737 0.26730782 135 135 135
-0.06115067 -0.01095675 0.26617375 96 96 96
-0.08062066 -0.04019985 0.29575494 99 99 99
-0.06462183 -0.01506856 0.26941335 105 105 105
-0.063016 -0.01222798 0.26619554 103 103 103
-0.08163216 -0.04110927 0.29634356 115 115 115
-0.07940549 -0.03843451 0.29433697 121 121 121
-0.06419674 -0.01324073 0.26670197 124 124 124
-0.06018721 -0.00997449 0.26608354 97 97 97
-0.08104853 -0.04023648 0.29569489 103 103 103
-0.07854115 -0.01487927 0.27088177 121 121 121
-0.06352636 -0.01246788 0.26636979 109 109 109
-0.08163016 -0.04127573 0.2970843 114 114 114
-0.07949693 -0.03826971 0.29432827 119 119 119
-0.06399367 -0.01282213 0.26661253 115 115 115
-0.05985226 -0.00950021 0.26611796 90 90 90
-0.07984336 -0.03852135 0.29451981 119 119 119
-0.06441785 -0.01322218 0.26696831 120 120 120
-0.06054558 -0.00997375 0.26624578 95 95 95
-0.08027615 -0.03934351 0.2955336 101 101 101
-0.07926019 -0.01584206 0.27170303 131 131 131
-0.06350244 -0.01214934 0.266451 108 108 108
-0.08187343 -0.04099118 0.29686075 105 105 105
-0.07995663 -0.03835956 0.29448378 116 116 116
-0.0648725 -0.01377278 0.26785514 113 113 113
-0.06185668 -0.01074887 0.26632643 93 93 93
-0.08140426 -0.03985365 0.29554632 104 104 104
-0.08422446 -0.01983903 0.27195325 134 134 134
-0.06490525 -0.01388518 0.2682637 108 108 108
-0.06230007 -0.0109697 0.26634207 93 93 93
-0.08735302 -0.02374682 0.27499041 124 124 124
-0.08826788 -0.02489129 0.27588546 130 130 130
-0.0639699 -0.01230176 0.26675925 117 117 117
-0.05978293 -0.00898866 0.26628858 104 104 104
-0.06874182 -0.01804141 0.27126893 93 93 93
-0.06276742 -0.01111892 0.2664088 95 95 95
-0.08195061 -0.04005539 0.29582351 130 130 130
-0.06477437 -0.0131444 0.26774371 111 111 111
-0.06147512 -0.0100736 0.26645854 88 88 88
-0.0693519 -0.01865786 0.27204636 92 92 92
-0.06464536 -0.01281187 0.26751664 123 123 123
-0.06105281 -0.00966205 0.26649204 90 90 90
-0.06936293 -0.01834554 0.27170134 98 98 98
-0.06465211 -0.01274029 0.26757067 122 122 122
-0.06112298 -0.00961315 0.26652101 91 91 91
-0.08202184 -0.03976763 0.29578254 130 130 130
-0.08994729 -0.02848656 0.2805506 128 128 128
-0.06921624 -0.01637537 0.26820335 81 81 81
-0.06351285 -0.01136789 0.26670644 109 109 109
-0.09032311 -0.02978719 0.28262389 127 127 127
-0.06965278 -0.0186422 0.27229217 97 97 97
-0.06913262 -0.01597864 0.26773462 92 92 92
-0.06289957 -0.01071944 0.26658103 98 98 98
-0.08467568 -0.03956277 0.29184604 97 97 97
-0.06947564 -0.01655437 0.26867032 88 88 88
-0.06375793 -0.0114112 0.2668916 114 114 114
-0.08232176 -0.04004017 0.29657844 119 119 119
-0.06893789 -0.01719476 0.2709339 106 106 106
-0.06443536 -0.01208031 0.26749825 121 121 121
-0.0605144 -0.00873804 0.2666516 102 102 102
-0.06958026 -0.01780859 0.27143082 101 101 101
-0.06478246 -0.01258797 0.26816836 126 126 126
-0.06155103 -0.00942784 0.26667279 87 87 87
-0.07000738 -0.01843395 0.27222443 103 103 103
-0.06960215 -0.01587903 0.26775822 102 102 102
-0.06289002 -0.01033589 0.26671812 97 97 97
-0.08525743 -0.03916452 0.29114145 104 104 104
-0.06989666 -0.01647115 0.26870632 89 89 89
-0.0638008 -0.01108081 0.26707497 115 115 115
-0.0823388 -0.03951558 0.29647857 125 125 125
-0.07009752 -0.01798892 0.27168098 91 91 91
-0.06963713 -0.01559656 0.26763833 103 103 103
-0.06263249 -0.00993337 0.26676711 97 97 97
-0.08716893 -0.03362682 0.29554883 113 113 113
-0.07027157 -0.01814211 0.27195239 105 105 105
-0.06970093 -0.01553771 0.267656 103 103 103
-0.06275494 -0.00993779 0.26681691 98 98 98
-0.08548301 -0.03876555 0.29067537 112 112 112
-0.07016529 -0.01611339 0.26832831 95 95 95
-0.06369137 -0.01069055 0.26715064 114 114 114
-0.08556196 -0.03926422 0.29180455 121 121 121
-0.0703363 -0.0166104 0.2691837 88 88 88
-0.06420694 -0.01118339 0.26761845 119 119 119
-0.08241421 -0.03946346 0.29711264 114 114 114
-0.06994648 -0.01717703 0.27110404 98 98 98
-0.06457919 -0.01159624 0.26816344 120 120 120
-0.08230281 -0.03970968 0.29802936 114 114 114
-0.07050395 -0.01755111 0.27132285 87 87 87
-0.0646871 -0.01178146 0.26856059 122 122 122
-0.06171634 -0.00876305 0.26697028 85 85 85
-0.07068891 -0.01788639 0.27194247 105 105 105
-0.06939548 -0.01472114 0.26758236 108 108 108
-0.06214475 -0.00899871 0.26699683 86 86 86
-0.07057225 -0.01798343 0.2725659 100 100 100
-0.06977221 -0.01494747 0.26772073 105 105 105
-0.06262831 -0.00926846 0.2670508 95 95 95
-0.0856318 -0.03798383 0.29021731 105 105 105
-0.07020023 -0.01527577 0.26796269 114 114 114
-0.0631082 -0.00959279 0.2672047 103 103 103
-0.08583412 -0.03811068 0.29041356 123 123 123
-0.07051303 -0.01550789 0.26818955 112 112 112
-0.06339596 -0.00976696 0.26736188 108 108 108
-0.08607221 -0.03844092 0.29092115 132 132 132
-0.07123448 -0.01656715 0.26939335 101 101 101
-0.06423596 -0.01062628 0.26803809 118 118 118
-0.08596028 -0.03899634 0.29249355 125 125 125
-0.07124484 -0.01707008 0.27070537 94 94 94
-0.06973925 -0.01451191 0.26780099 103 103 103
-0.06189651 -0.00840257 0.26725811 96 96 96
-0.07067074 -0.0176868 0.27293727 99 99 99
-0.07080836 -0.01549488 0.26839611 116 116 116
-0.06337674 -0.00949151 0.26752764 104 104 104
-0.08613198 -0.03878366 0.29226255 120 120 120
-0.07141673 -0.01691662 0.27048129 108 108 108
-0.06968766 -0.014266 0.26783502 103 103 103
-0.06208641 -0.00835157 0.26740637 96 96 96
-0.08597501 -0.03751743 0.29013792 117 117 117
-0.07154407 -0.01631977 0.26939353 119 119 119
-0.06432703 -0.01052311 0.26865464 119 119 119
-0.08981213 -0.02658585 0.2859937 118 118 118
-0.08626463 -0.03796022 0.29077816 129 129 129
-0.07155217 -0.01612332 0.26921946 130 130 130
-0.0642508 -0.01031873 0.26862216 110 110 110
-0.0860825 -0.01463416 0.2768721 68 68 68
-0.08601043 -0.03727021 0.28998181 123 123 123
-0.07070975 -0.01496432 0.26837289 112 112 112
-0.06324683 -0.00906709 0.26778793 98 98 98
-0.08238054 -0.03848788 0.29816341 110 110 110
-0.07176102 -0.01633382 0.26976082 122 122 122
-0.06435443 -0.01048309 0.26921386 111 111 111
-0.0823283 -0.03861353 0.29870227 100 100 100
-0.07180638 -0.01625428 0.2697745 122 122 122
-0.06431796 -0.01035633 0.2692543 109 109 109
-0.08548251 -0.01420985 0.27661303 63 63 63
-0.0863722 -0.03739583 0.29036301 127 127 127
-0.07059604 -0.01453704 0.26836702 110 110 110
-0.06277991 -0.00843655 0.26793921 89 89 89
-0.08642652 -0.0381132 0.29194835 125 125 125
-0.08879586 -0.02356483 0.28141147 116 116 116
-0.07019973 -0.01405623 0.2682265 106 106 106
-0.06250767 -0.00816489 0.26799679 102 102 102
-0.08637965 -0.03828542 0.29256043 126 126 126
-0.07138565 -0.01515544 0.26887545 127 127 127
-0.06361709 -0.00913207 0.26854742 96 96 96
-0.08608583 -0.01502563 0.27679235 60 60 60
-0.08642285 -0.03695817 0.2900973 134 134 134
-0.06974647 -0.01344113 0.26813477 99 99 99
-0.06039276 -0.0061897 0.26779759 50 50 50
-0.08649832 -0.03801615 0.29232052 119 119 119
-0.07154088 -0.01514895 0.26906398 115 115 115
-0.06378342 -0.00924447 0.26900113 94 94 94
-0.08531281 -0.01787408 0.27525878 123 123 123
-0.07530775 -0.01784901 0.26882556 87 87 87
-0.0640477 -0.00966393 0.2695702 94 94 94
-0.08586962 -0.01504009 0.27672675 61 61 61
-0.08658777 -0.03734446 0.29127619 126 126 126
-0.07113677 -0.01449292 0.26882562 114 114 114
-0.061206 -0.00672619 0.26818177 62 62 62
-0.08663687 -0.03719441 0.29112703 124 124 124
-0.07622234 -0.01833122 0.26897052 80 80 80
-0.06988688 -0.01318334 0.26830956 99 99 99
-0.08667599 -0.03708861 0.29108 126 126 126
-0.07102625 -0.01418651 0.26883081 115 115 115
-0.08751538 -0.01789231 0.27938727 72 72 72
-0.08664366 -0.03742826 0.29202849 126 126 126
-0.07497095 -0.01696065 0.26856098 104 104 104
-0.08602847 -0.01557363 0.27679557 59 59 59
-0.08754371 -0.01809519 0.27956423 76 76 76
-0.07155818 -0.01456977 0.26924214 120 120 120
-0.08662508 -0.03765357 0.2929723 127 127 127
-0.07660407 -0.01798863 0.26863402 85 85 85
-0.0835319 -0.01354422 0.27636102 96 96 96
-0.0889964 -0.02144437 0.28384066 80 80 80
-0.07688142 -0.01834027 0.2691406 90 90 90
-0.06946174 -0.01235266 0.2684423 97 97 97
-0.08766448 -0.01868589 0.28005019 84 84 84
-0.08677474 -0.03627942 0.2904011 135 135 135
-0.07161526 -0.01435418 0.26946118 123 123 123
-0.08670497 -0.03743299 0.293064 126 126 126
-0.07707408 -0.01832829 0.26928034 103 103 103
-0.07031405 -0.01290254 0.26869661 107 107 107
-0.0874192 -0.01850753 0.27980119 96 96 96
-0.08679555 -0.03709613 0.29247358 124 124 124
-0.07708193 -0.01792241 0.26875475 91 91 91
-0.0695607 -0.0121607 0.26857927 98 98 98
-0.0876573 -0.01893982 0.28019384 94 94 94
-0.08688828 -0.03649351 0.29134423 123 123 123
-0.07697994 -0.01766996 0.26857013 89 89 89
-0.06916167 -0.01176436 0.26862091 94 94 94
-0.07726321 -0.01838206 0.26975864 105 105 105
-0.07039348 -0.01269712 0.26885337 111 111 111
-0.08722396 -0.01814662 0.27891785 75 75 75
-0.08892564 -0.02213574 0.28443658 83 83 83
-0.0887973 -0.03536921 0.28653747 113 113 113
-0.07077071 -0.01298407 0.26908612 116 116 116
-0.08475176 -0.01510285 0.2765936 123 123 123
-0.08687138 -0.03697867 0.29301915 118 118 118
-0.08859719 -0.02145822 0.28344581 90 90 90
-0.07143147 -0.01359965 0.26958644 122 122 122
-0.08675302 -0.03709161 0.29361182 124 124 124
-0.08882774 -0.03486277 0.28594348 98 98 98
-0.07109272 -0.01314379 0.26936233 119 119 119
-0.08484791 -0.01541099 0.27671376 114 114 114
-0.08863589 -0.02167434 0.28360042 106 106 106
-0.08695614 -0.03662662 0.29262587 125 125 125
-0.07740063 -0.01383639 0.27032751 104 104 104
-0.07156196 -0.01356883 0.26978585 121 121 121
-0.08344006 -0.01388676 0.27572787 96 96 96
-0.08308715 -0.03719417 0.29991451 65 65 65
-0.08908676 -0.03512461 0.28654039 116 116 116
-0.07771807 -0.01817783 0.26978305 113 113 113
-0.07074492 -0.01259366 0.26925281 114 114 114
-0.09012707 -0.02507999 0.28793812 61 61 61
-0.08673689 -0.03690462 0.29403222 120 120 120
-0.08913045 -0.03477144 0.28595462 113 113 113
-0.07672313 -0.01662397 0.26844838 105 105 105
-0.08462372 -0.02046353 0.27244872 139 139 139
-0.08726408 -0.01881228 0.27939764 110 110 110
-0.08888602 -0.0222747 0.28391317 104 104 104
-0.0870532 -0.03593501 0.29175931 129 129 129
-0.07786472 -0.0181034 0.26984537 118 118 118
-0.07067676 -0.01234067 0.26930356 111 111 111
-0.08324585 -0.0370703 0.30012283 57 57 57
-0.08920189 -0.03504229 0.28682369 117 117 117
-0.07795239 -0.01807959 0.26994923 119 119 119
-0.07075778 -0.01233172 0.26938957 111 111 111
-0.08829 -0.02028616 0.28056902 67 67 67
-0.08322885 -0.03708519 0.30041435 58 58 58
-0.08935273 -0.03448141 0.28568101 119 119 119
-0.0776322 -0.01724884 0.26893833 119 119 119
-0.06966212 -0.01122652 0.26907083 88 88 88
-0.08691319 -0.01858886 0.27908936 96 96 96
-0.08881264 -0.02221829 0.28347406 109 109 109
-0.08899021 -0.02274126 0.28424594 107 107 107
-0.08194639 -0.0212921 0.27065632 115 115 115
-0.07127512 -0.01271283 0.26982707 114 114 114
-0.08519975 -0.02129171 0.27318236 141 141 141
-0.08923062 -0.03495308 0.28731653 121 121 121
-0.08168864 -0.0209304 0.27055442 109 109 109
-0.07144648 -0.01281416 0.27002069 117 117 117
-0.08360094 -0.01429571 0.27538788 99 99 99
-0.0872074 -0.0189615 0.27911222 112 112 112
-0.08893717 -0.02249862 0.28359297 113 113 113
-0.08714924 -0.03598019 0.29282528 124 124 124
-0.08280659 -0.02210076 0.27150622 99 99 99
-0.07766352 -0.01695343 0.26898482 122 122 122
-0.0695399 -0.01088808 0.26923788 89 89 89
-0.08427423 -0.01497408 0.27544981 111 111 111
-0.08287409 -0.02206097 0.2715036 108 108 108
-0.07784642 -0.01705729 0.26913542 128 128 128
-0.06997271 -0.01113005 0.26933497 93 93 93
-0.08814946 -0.02048659 0.28049302 67 67 67
-0.08985537 -0.02562054 0.28832477 66 66 66
-0.08964337 -0.03430964 0.28602287 121 121 121
-0.07834335 -0.01790125 0.27027974 117 117 117
-0.07092084 -0.01197288 0.26979378 110 110 110
-0.08484688 -0.0157391 0.27579057 117 117 117
-0.08788162 -0.01988802 0.27940524 116 116 116
-0.08957916 -0.03440487 0.28653625 112 112 112
-0.08233544 -0.02101489 0.27065304 116 116 116
-0.07698119 -0.01601306 0.26881006 100 100 100
-0.08886601 -0.02247277 0.28325531 112 112 112
-0.08721426 -0.03544389 0.29255927 129 129 129
-0.08306374 -0.02184624 0.27142999 100 100 100
-0.07790203 -0.01681079 0.26922917 126 126 126
-0.06979898 -0.01073216 0.26948759 88 88 88
-0.08537386 -0.01670143 0.27675757 72 72 72
-0.08834992 -0.02182496 0.28263056 98 98 98
-0.08711635 -0.03596303 0.29397514 124 124 124
-0.08979376 -0.03395546 0.28574595 128 128 128
-0.07850736 -0.01799539 0.27094829 112 112 112
-0.07131119 -0.01215572 0.27025434 110 110 110
-0.08830424 -0.02505263 0.2759366 126 126 126
-0.08694379 -0.03470929 0.2919184 139 139 139
-0.08302796 -0.02140298 0.2710104 126 126 126
-0.07786166 -0.0165739 0.26925623 123 123 123
-0.0695889 -0.01041562 0.26957914 96 96 96
-0.08555874 -0.01695024 0.2767387 67 67 67
-0.08828347 -0.02182858 0.28241715 90 90 90
-0.08985879 -0.02614845 0.28871793 65 65 65
-0.08983385 -0.03395933 0.28613064 121 121 121
-0.08292479 -0.02113348 0.27086151 124 124 124
-0.07789362 -0.01651017 0.26930276 124 124 124
-0.06984801 -0.01051761 0.26967305 88 88 88
-0.0850769 -0.01638158 0.2760874 120 120 120
-0.08712982 -0.03576986 0.29422203 120 120 120
-0.08989014 -0.03376956 0.28588387 128 128 128
-0.08338741 -0.02173784 0.27157044 115 115 115
-0.07851659 -0.01715186 0.26986387 141 141 141
-0.07067437 -0.01119306 0.26998857 104 104 104
-0.08892035 -0.02276264 0.28299579 114 114 114
-0.0872369 -0.03547736 0.29371858 115 115 115
-0.08990234 -0.03286514 0.28422543 116 116 116
-0.08214919 -0.02021387 0.27060699 121 121 121
-0.07145236 -0.01201126 0.27070126 108 108 108
-0.08446303 -0.01551486 0.27509305 112 112 112
-0.08682054 -0.01902878 0.2785233 111 111 111
-0.08866823 -0.0224799 0.28256121 115 115 115
-0.08723573 -0.03490008 0.29279193 124 124 124
-0.09000184 -0.03287714 0.28429344 114 114 114
-0.0831116 -0.02096365 0.27090693 131 131 131
-0.07787013 -0.01619977 0.26939127 126 126 126
-0.08340853 -0.01467929 0.27484164 99 99 99
-0.08957697 -0.03391235 0.28734034 109 109 109
-0.08964999 -0.03153038 0.28236702 94 94 94
-0.08370236 -0.02181731 0.27188408 109 109 109
-0.07882334 -0.0172692 0.27030376 145 145 145
-0.0709682 -0.01126167 0.27037984 103 103 103
-0.08764261 -0.01992161 0.27872995 120 120 120
-0.08911078 -0.02321227 0.2831327 115 115 115
-0.08726003 -0.03523221 0.2938661 115 115 115
-0.09011845 -0.03255957 0.28395569 112 112 112
-0.08583464 -0.02429207 0.27385005 114 114 114
-0.07900855 -0.01767204 0.27105907 131 131 131
-0.07128341 -0.01158219 0.27075517 95 95 95
-0.08461506 -0.01583027 0.27502376 118 118 118
-0.08674282 -0.01911752 0.27833995 106 106 106
-0.08728914 -0.03498264 0.29355726 120 120 120
-0.09023013 -0.03269579 0.28430548 115 115 115
-0.08858829 -0.02249657 0.28232598 114 114 114
-0.0838845 -0.02175602 0.27195889 113 113 113
-0.07895385 -0.01724604 0.27050018 141 141 141
-0.07105813 -0.01122574 0.27062786 101 101 101
-0.08984321 -0.02663274 0.28885674 66 66 66
-0.08984853 -0.03305404 0.28578615 136 136 136
-0.08945117 -0.03056098 0.28133661 114 114 114
-0.09030552 -0.0297615 0.28239098 130 130 130
-0.08259705 -0.02004991 0.2707389 114 114 114
-0.07730639 -0.01529229 0.26933709 108 108 108
-0.08369704 -0.01505928 0.2747117 102 102 102
-0.08632354 -0.01876969 0.27801144 85 85 85
-0.08818316 -0.02210999 0.28197196 88 88 88
-0.08941762 -0.02547288 0.28700233 92 92 92
-0.08729544 -0.03494224 0.29390591 117 117 117
-0.09027673 -0.0323295 0.28390676 114 114 114
-0.08862786 -0.02854451 0.27884644 95 95 95
-0.08625193 -0.02432499 0.27397171 107 107 107
-0.08321255 -0.02051201 0.27093992 126 126 126
-0.07788936 -0.01575773 0.2695953 121 121 121
-0.08329229 -0.01481835 0.27462432 110 110 110
-0.08720019 -0.03518322 0.29476368 116 116 116
-0.08988063 -0.03293131 0.28591517 133 133 133
-0.08959269 -0.03038265 0.28128988 129 129 129
-0.08765728 -0.02699941 0.27737135 114 114 114
-0.08713473 -0.01962322 0.27825651 112 112 112
-0.08276644 -0.01998009 0.27080962 115 115 115
-0.07755742 -0.01534025 0.26949647 113 113 113
-0.08789928 -0.02046675 0.27868032 120 120 120
-0.08904658 -0.02327515 0.28268507 117 117 117
-0.0896304 -0.03224251 0.28856137 117 117 117
-0.08695255 -0.03391596 0.2928187 122 122 122
-0.09014215 -0.03134424 0.28255498 112 112 112
-0.08868539 -0.02821268 0.27849621 124 124 124
-0.08684671 -0.02480887 0.27444753 117 117 117
-0.08388747 -0.0211244 0.27158162 139 139 139
-0.07865097 -0.01641474 0.2701813 127 127 127
-0.0704404 -0.01030089 0.27062017 90 90 90
-0.08516026 -0.01705451 0.27591795 118 118 118
-0.08801304 -0.02068822 0.27876088 122 122 122
-0.08928063 -0.02379114 0.28313181 114 114 114
-0.08942185 -0.03351957 0.28827405 113 113 113
-0.09018392 -0.03127492 0.28256485 117 117 117
-0.08891644 -0.0284912 0.27884114 120 120 120
-0.0874077 -0.02551424 0.27517575 114 114 114
-0.0845013 -0.02202024 0.2726528 124 124 124
-0.07920642 -0.01738685 0.27150685 137 137 137
-0.07695533 -0.01464626 0.26950535 103 103 103
-0.08719417 -0.03495973 0.29504949 112 112 112
-0.08997823 -0.03301272 0.28662065 113 113 113
-0.08997582 -0.03051715 0.28159082 131 131 131
-0.08860141 -0.02773331 0.27804768 128 128 128
-0.0870712 -0.02485139 0.27460515 118 118 118
-0.0842526 -0.02140692 0.27201942 135 135 135
-0.07912979 -0.01685851 0.27080834 139 139 139
-0.07192117 -0.01138923 0.27090594 61 61 61
-0.08777823 -0.02043837 0.27841952 117 117 117
-0.0891804 -0.02361747 0.28271917 117 117 117
-0.08981436 -0.02708289 0.28892213 66 66 66
-0.08994053 -0.03270701 0.28630659 134 134 134
-0.08972458 -0.03006596 0.28129146 137 137 137
-0.08833064 -0.02714628 0.27759421 124 124 124
-0.08661424 -0.02416687 0.27415225 123 123 123
-0.08376242 -0.02059224 0.27134824 135 135 135
-0.07827026 -0.01570709 0.27003431 122 122 122
-0.0844759 -0.01608029 0.27458158 116 116 116
-0.08634723 -0.01915251 0.27793527 101 101 101
-0.08807827 -0.02216824 0.28128871 72 72 72
-0.08731563 -0.03435186 0.29404965 115 115 115
-0.08934325 -0.02408267 0.28314999 107 107 107
-0.08971945 -0.02997071 0.28128672 132 132 132
-0.08848318 -0.02727118 0.27773941 129 129 129
-0.08697207 -0.02447682 0.27444461 125 125 125
-0.08425099 -0.02115 0.27194178 143 143 143
-0.07895439 -0.01642753 0.27060875 132 132 132
-0.07843611 -0.01119131 0.27278823 57 57 57
-0.08974731 -0.02861142 0.29195353 59 59 59
-0.08996928 -0.03272773 0.28679144 118 118 118
-0.09008586 -0.03029969 0.28160551 136 136 136
-0.08873033 -0.02752765 0.27804318 197 197 197
-0.08714413 -0.02457558 0.27459338 126 126 126
-0.08429402 -0.02109147 0.27197534 149 149 149
-0.07888572 -0.01623644 0.27060258 129 129 129
-0.08356419 -0.01534794 0.27435628 101 101 101
-0.0855831 -0.01810708 0.27672085 70 70 70
-0.08819873 -0.02119718 0.27883688 120 120 120
-0.08936479 -0.02418666 0.28312051 106 106 106
-0.08963364 -0.02874359 0.2921631 64 64 64
-0.08974733 -0.0296705 0.29393312 62 62 62
-0.0902192 -0.03047955 0.28199747 136 136 136
-0.0889916 -0.02773408 0.27834743 155 155 155
-0.0874543 -0.02487716 0.27494532 147 147 147
-0.08459219 -0.02139009 0.27234387 148 148 148
-0.07917213 -0.01653465 0.27099103 136 136 136
-0.07205694 -0.01087861 0.27071345 61 61 61
-0.08520631 -0.01752822 0.27588823 114 114 114
-0.08603129 -0.01899657 0.27771184 88 88 88
-0.09038005 -0.03106136 0.28312701 115 115 115
-0.08940393 -0.02847687 0.27940074 126 126 126
-0.08810654 -0.02571834 0.27585998 125 125 125
-0.0873519 -0.02019571 0.27794749 117 117 117
-0.08338754 -0.01979792 0.27120861 121 121 121
-0.07791872 -0.01497807 0.27002203 115 115 115
-0.08820924 -0.02127012 0.27873844 117 117 117
-0.08938596 -0.02428475 0.28298968 108 108 108
-0.08963475 -0.02867976 0.29179773 62 62 62
-0.08724655 -0.03322927 0.29266083 63 63 63
-0.09027462 -0.0303571 0.28209719 131 131 131
-0.08906326 -0.02763506 0.27842176 139 139 139
-0.08753122 -0.02474396 0.27499864 143 143 143
-0.08468302 -0.02127376 0.27240679 151 151 151
-0.0791639 -0.01634495 0.2710706 134 134 134
-0.07216395 -0.01069968 0.27067965 58 58 58
-0.08509514 -0.01709327 0.27497444 123 123 123
-0.08699136 -0.01992853 0.27773696 111 111 111
-0.08857477 -0.02301585 0.28156257 114 114 114
-0.08727289 -0.03404916 0.29464319 113 113 113
-0.08975255 -0.02637935 0.28660765 108 108 108
-0.0899277 -0.0296662 0.28144059 129 129 129
-0.08878563 -0.02707247 0.27798063 137 137 137
-0.08731448 -0.02433939 0.2747314 128 128 128
-0.0844977 -0.0209199 0.27214873 144 144 144
-0.07906355 -0.01614546 0.2709761 131 131 131
-0.07224602 -0.01067407 0.27068502 58 58 58
-0.08517028 -0.034509 0.29919982 65 65 65
-0.09043291 -0.03117638 0.28396362 115 115 115
-0.08964355 -0.02852465 0.27981719 129 129 129
-0.08837331 -0.02573765 0.27614126 143 143 143
-0.08622929 -0.02311956 0.27416787 121 121 121
-0.08347183 -0.01960524 0.27135742 118 118 118
-0.07791006 -0.01472033 0.270183 114 114 114
-0.08375271 -0.01574246 0.27416736 101 101 101
-0.0854685 -0.01833223 0.2767224 70 70 70
-0.0882246 -0.02141953 0.27854457 120 120 120
-0.0893148 -0.024174 0.2824868 117 117 117
-0.08954936 -0.02737929 0.28875124 65 65 65
-0.08956107 -0.02970641 0.29351816 60 60 60
-0.09035743 -0.03039132 0.28270429 124 124 124
-0.08936838 -0.02779753 0.27896017 128 128 128
-0.08804237 -0.02513862 0.27563623 171 171 171
-0.08510342 -0.02167578 0.27323756 140 140 140
-0.08292042 -0.01899894 0.2712974 109 109 109
-0.07725909 -0.01405041 0.27007011 102 102 102
-0.08723119 -0.03392882 0.29516038 110 110 110
-0.08981574 -0.03195363 0.28697923 122 122 122
-0.09012799 -0.02962183 0.2817288 130 130 130
-0.08899739 -0.02708723 0.27833831 135 135 135
-0.08771051 -0.02453433 0.27516595 127 127 127
-0.08495639 -0.02118445 0.27269781 144 144 144
-0.07932834 -0.01649608 0.27200103 140 140 140
-0.08522178 -0.01749156 0.27509433 123 123 123
-0.08590803 -0.01915202 0.27752167 89 89 89
-0.08779625 -0.02210388 0.28046969 70 70 70
-0.08918896 -0.02496935 0.2841112 70 70 70
-0.08939862 -0.02936658 0.2929666 63 63 63
-0.08987305 -0.03201951 0.28727317 121 121 121
-0.09016731 -0.02961178 0.28183094 128 128 128
-0.0889503 -0.02692209 0.27830014 134 134 134
-0.08756525 -0.02424652 0.27503893 127 127 127
-0.08473027 -0.02082319 0.272497 139 139 139
-0.07921354 -0.01599051 0.27142903 133 133 133
-0.07278277 -0.01074128 0.27085349 54 54 54
-0.08484303 -0.01694243 0.27439088 124 124 124
-0.08662795 -0.01982711 0.27745187 104 104 104
-0.08826826 -0.02287512 0.28114012 115 115 115
-0.08920546 -0.0241146 0.2820859 119 119 119
-0.09042231 -0.03072928 0.28395963 120 120 120
-0.0897676 -0.02828086 0.27999729 131 131 131
-0.08860405 -0.02569534 0.27652714 127 127 127
-0.0865799 -0.02310685 0.27447236 116 116 116
-0.08397877 -0.01974757 0.27173984 129 129 129
-0.07835367 -0.01484628 0.27065393 121 121 121
-0.08977041 -0.02646391 0.28604007 117 117 117
-0.0497395 -0.0177773 0.27005941 87 87 87
-0.08906573 -0.03171336 0.29075277 117 117 117
-0.08687203 -0.03661502 0.29402232 121 121 121
-0.0822376 -0.03788836 0.29757139 114 114 114
-0.08218056 -0.03985492 0.29833487 122 122 122
-0.07563048 -0.0402328 0.30277488 97 97 97
-0.05247227 -0.01486042 0.26785564 114 114 114
-0.05318078 -0.01433505 0.26741686 106 106 106
-0.05568935 -0.01327937 0.26560768 94 94 94
-0.0745394 -0.04150256 0.30411071 111 111 111
-0.05044405 -0.01782534 0.27069876 99 99 99
-0.05281478 -0.01462247 0.26802468 116 116 116
-0.08570318 -0.03770495 0.29509893 128 128 128
-0.08167684 -0.04051456 0.2988115 124 124 124
-0.07542548 -0.04085484 0.30308318 118 118 118
-0.08111983 -0.04071711 0.29945445 119 119 119
-0.05442726 -0.01450981 0.26728615 86 86 86
-0.08683395 -0.0366235 0.29416126 132 132 132
-0.08922264 -0.03128805 0.29058552 119 119 119
-0.05438516 -0.01457741 0.2674703 88 88 88
-0.08907678 -0.03188477 0.29059997 117 117 117
-0.0860007 -0.03758062 0.2947523 130 130 130
-0.08223628 -0.03988887 0.29809737 124 124 124
-0.05654181 -0.01377417 0.26601213 87 87 87
-0.06915305 -0.04354406 0.30809683 64 64 64
-0.05075984 -0.04978423 0.30461571 90 90 90
-0.08951254 -0.02812139 0.28880879 67 67 67
-0.05664172 -0.01390268 0.26620731 89 89 89
-0.08587799 -0.03771937 0.29478365 131 131 131
-0.08174691 -0.0405541 0.29857281 126 126 126
-0.07476369 -0.04167322 0.30361277 113 113 113
-0.05412425 -0.01474417 0.26811743 89 89 89
-0.08164437 -0.04037292 0.2990914 122 122 122
-0.08570306 -0.0375034 0.2953392 125 125 125
-0.08848261 -0.0322613 0.29154894 112 112 112
-0.05354146 -0.01493186 0.26857346 107 107 107
-0.08930758 -0.02759454 0.28864112 71 71 71
-0.08682367 -0.03311814 0.29233199 68 68 68
-0.08238988 -0.03858186 0.29731771 119 119 119
-0.08068589 -0.04112517 0.29937977 116 116 116
-0.07528809 -0.04131217 0.30301723 123 123 123
-0.05174996 -0.01711478 0.27078342 101 101 101
-0.08952329 -0.02725116 0.28825089 99 99 99
-0.088441 -0.03293926 0.291098 114 114 114
-0.08220746 -0.03802145 0.29711151 112 112 112
-0.07567625 -0.04020865 0.30226192 103 103 103
-0.05409446 -0.01489398 0.26863527 91 91 91
-0.06908505 -0.04349909 0.30779278 65 65 65
-0.08037595 -0.04084044 0.30018711 115 115 115
-0.08206182 -0.03732241 0.29779005 103 103 103
-0.0524516 -0.01616719 0.27021447 113 113 113
-0.05853164 -0.01424352 0.26601362 93 93 93
-0.08926266 -0.03098886 0.29065272 117 117 117
-0.08928131 -0.02781014 0.28855851 74 74 74
-0.08424702 -0.02246737 0.27307695 110 110 110
-0.08241524 -0.03891312 0.2972101 122 122 122
-0.05159383 -0.0170671 0.27118349 103 103 103
-0.05584967 -0.01447151 0.26772749 94 94 94
-0.06906198 -0.04345975 0.30768117 66 66 66
-0.0520338 -0.01671816 0.27089682 96 96 96
-0.05639695 -0.01417382 0.26738414 110 110 110
-0.08918791 -0.03216117 0.29010919 119 119 119
-0.08592584 -0.0379096 0.29440674 135 135 135
-0.08157758 -0.04087621 0.29838359 126 126 126
-0.07449482 -0.04203918 0.30350706 112 112 112
-0.05089065 -0.01714252 0.27181396 99 99 99
-0.05631788 -0.01423979 0.26759037 102 102 102
-0.08140433 -0.04041023 0.29946518 121 121 121
-0.08571108 -0.03735539 0.29548195 121 121 121
-0.08824712 -0.03221844 0.29189122 100 100 100
-0.05165875 -0.01686858 0.27139568 105 105 105
-0.08972655 -0.02706894 0.28777388 99 99 99
-0.08914191 -0.0323359 0.29010096 118 118 118
-0.08522163 -0.03831619 0.29492235 127 127 127
-0.08129328 -0.04109473 0.29854271 125 125 125
-0.07159092 -0.04171196 0.30515468 66 66 66
-0.0514585 -0.01689433 0.27162907 100 100 100
-0.08976188 -0.02688646 0.28758323 102 102 102
-0.08906414 -0.03256869 0.2901468 119 119 119
-0.08199855 -0.03781316 0.29675129 111 111 111
-0.08075553 -0.04136134 0.29889724 121 121 121
-0.05002955 -0.04664705 0.30333558 92 92 92
-0.06706111 -0.0443149 0.30903313 61 61 61
-0.07501318 -0.04089193 0.30400857 111 111 111
-0.08226492 -0.03929139 0.29857504 112 112 112
-0.08692029 -0.03626247 0.29438215 130 130 130
-0.08892795 -0.02924213 0.28888437 72 72 72
-0.08676669 -0.03720323 0.29327816 126 126 126
-0.08553377 -0.0383145 0.29451227 129 129 129
-0.0809536 -0.0413362 0.29865071 118 118 118
-0.07480062 -0.04206169 0.30298632 119 119 119
-0.06710583 -0.04421689 0.30886838 63 63 63
-0.08868114 -0.03176524 0.29153955 110 110 110
-0.0898226 -0.02749356 0.28755081 105 105 105
-0.08892707 -0.03297157 0.2901848 118 118 118
-0.0556122 -0.01459071 0.26866552 101 101 101
-0.08238611 -0.03934466 0.29684332 122 122 122
-0.07553149 -0.04132921 0.30212694 129 129 129
-0.06826121 -0.04355085 0.30774048 81 81 81
-0.0898369 -0.02700127 0.28727573 98 98 98
-0.08946238 -0.03198436 0.28934756 112 112 112
-0.0550351 -0.01486421 0.26918492 109 109 109
-0.08556321 -0.03841279 0.29432413 131 131 131
-0.08129624 -0.04126588 0.2981928 123 123 123
-0.07414727 -0.04240574 0.30334109 115 115 115
-0.06661568 -0.04435905 0.30906463 60 60 60
-0.05873612 -0.01451295 0.26713142 159 159 159
-0.08224353 -0.03777554 0.29816207 109 109 109
-0.05588951 -0.01458814 0.26882431 102 102 102
-0.08765998 -0.03262487 0.29263675 68 68 68
-0.08933555 -0.03034966 0.29067206 110 110 110
-0.08987806 -0.02721702 0.28723079 101 101 101
-0.08950647 -0.03198508 0.28920189 112 112 112
-0.08597887 -0.03818994 0.29386255 132 132 132
-0.08206655 -0.04067176 0.29734179 130 130 130
-0.07567594 -0.04108928 0.3017309 132 132 132
-0.05652084 -0.01564787 0.26931971 109 109 109
-0.0672945 -0.04391333 0.30827811 88 88 88
-0.08941481 -0.0254264 0.2868003 95 95 95
-0.08953291 -0.02856455 0.28785917 117 117 117
-0.08821669 -0.03391033 0.29067671 111 111 111
-0.05685729 -0.01453604 0.2689974 111 111 111
-0.08137008 -0.0413076 0.29795378 124 124 124
-0.0600442 -0.01428 0.26725096 108 108 108
-0.06871342 -0.04333177 0.30707684 96 96 96
-0.05657112 -0.01773991 0.27088186 105 105 105
-0.07718663 -0.03999447 0.30242181 64 64 64
-0.08226131 -0.03781589 0.29827094 108 108 108
-0.08651617 -0.03659675 0.29497361 128 128 128
-0.05741582 -0.01461256 0.26926702 101 101 101
-0.08865415 -0.0315853 0.29170349 113 113 113
-0.08839121 -0.03387928 0.29045817 118 118 118
-0.08504318 -0.03876462 0.29448804 124 124 124
-0.06153645 -0.01460072 0.26710615 95 95 95
-0.07497343 -0.04218731 0.30238819 125 125 125
-0.06851667 -0.04359486 0.30722132 104 104 104
-0.08955076 -0.02533799 0.28642166 69 69 69
-0.08932841 -0.03270208 0.28929731 123 123 123
-0.08569186 -0.03856503 0.29388866 130 130 130
-0.08112299 -0.04151169 0.29798436 120 120 120
-0.06187527 -0.01465288 0.26716498 97 97 97
-0.06879149 -0.04343257 0.30687159 112 112 112
-0.07488479 -0.04069703 0.30435649 99 99 99
-0.08217168 -0.03928262 0.29894933 119 119 119
-0.08966736 -0.02890977 0.28760055 119 119 119
-0.08882994 -0.03364418 0.28988791 120 120 120
-0.08635468 -0.0380794 0.29316452 135 135 135
-0.08141918 -0.04137689 0.29763445 128 128 128
-0.07450687 -0.04253882 0.30261365 116 116 116
-0.0683629 -0.04393631 0.3072305 107 107 107
-0.0568676 -0.01790685 0.27166229 113 113 113
-0.08845513 -0.0316743 0.29198509 108 108 108
-0.08990858 -0.0288595 0.287292 121 121 121
-0.08803316 -0.0343536 0.29055792 110 110 110
-0.08159985 -0.0412645 0.29735911 128 128 128
-0.05702446 -0.01784731 0.27165866 113 113 113
-0.05886231 -0.01453085 0.26923576 108 108 108
-0.09008578 -0.02845168 0.28691536 106 106 106
-0.08925907 -0.03310502 0.28918362 122 122 122
-0.0879529 -0.0345045 0.29053354 110 110 110
-0.08226652 -0.03963997 0.29620713 126 126 126
-0.07507835 -0.04224275 0.30191126 132 132 132
-0.06873087 -0.04384005 0.30675814 114 114 114
-0.08210141 -0.03935912 0.29914558 118 118 118
-0.06267882 -0.01477024 0.26741379 90 90 90
-0.08718032 -0.03555318 0.29433802 119 119 119
-0.05150984 -0.04980635 0.30458903 79 79 79
-0.08954795 -0.03250216 0.28869578 113 113 113
-0.08631279 -0.03826118 0.29294753 136 136 136
-0.08059558 -0.04190177 0.29806036 120 120 120
-0.05747565 -0.01759491 0.2716133 105 105 105
-0.06194517 -0.0149134 0.26800403 97 97 97
-0.05422961 -0.04486208 0.30099797 104 104 104
-0.08916836 -0.03345183 0.28917223 120 120 120
-0.08188407 -0.03851202 0.29581702 109 109 109
-0.05839988 -0.01470698 0.26998869 106 106 106
-0.0756799 -0.04127601 0.30095631 123 123 123
-0.06915544 -0.04308301 0.30594197 119 119 119
-0.05822863 -0.01619017 0.27082893 101 101 101
-0.07487227 -0.04052514 0.30450568 100 100 100
-0.08220869 -0.03897025 0.29903558 116 116 116
-0.08676995 -0.03612977 0.29494181 127 127 127
-0.08943852 -0.03295247 0.28870422 125 125 125
-0.05837971 -0.01584196 0.27071407 97 97 97
-0.08581811 -0.03880173 0.29328015 133 133 133
-0.0756942 -0.04125146 0.30082241 125 125 125
-0.06917378 -0.04307609 0.30579156 117 117 117
-0.08792922 -0.03170542 0.29260197 93 93 93
-0.0621016 -0.01498429 0.26839209 102 102 102
-0.08962288 -0.03262313 0.28835064 115 115 115
-0.08616602 -0.03854785 0.29284716 135 135 135
-0.08018392 -0.04216338 0.29811084 115 115 115
-0.06937688 -0.04245279 0.30529201 81 81 81
-0.0581586 -0.01727613 0.27162585 95 95 95
-0.08979768 -0.03215807 0.28793177 116 116 116
-0.08637019 -0.03831569 0.29250884 127 127 127
-0.07995906 -0.04225684 0.29817036 118 118 118
-0.0738204 -0.04308021 0.3025268 116 116 116
-0.05786812 -0.01757253 0.27205536 106 106 106
-0.0771309 -0.04006 0.30290243 58 58 58
-0.08230675 -0.03813607 0.29876202 107 107 107
-0.08705429 -0.03568908 0.2946904 129 129 129
-0.08910174 -0.030471 0.29140958 117 117 117
-0.08957373 -0.03289664 0.28830248 113 113 113
-0.08616111 -0.03863806 0.29267243 134 134 134
-0.08046337 -0.04213333 0.29771948 122 122 122
-0.07507735 -0.04240839 0.30135363 114 114 114
-0.06873521 -0.04427166 0.30622396 121 121 121
-0.08963575 -0.03282895 0.28814062 123 123 123
-0.08604687 -0.03880297 0.29270163 121 121 121
-0.07571075 -0.04130626 0.30038872 121 121 121
-0.06924397 -0.04302316 0.30530059 119 119 119
-0.06150951 -0.01774848 0.27032417 99 99 99
-0.080857 -0.0402143 0.3005904 112 112 112
-0.08251817 -0.03706813 0.29830313 66 66 66
-0.08940727 -0.03345044 0.28839642 122 122 122
-0.08610509 -0.03876795 0.29255661 136 136 136
-0.08016858 -0.04231725 0.29777446 113 113 113
-0.06984806 -0.04229132 0.30446059 66 66 66
-0.06756957 -0.04489208 0.30698469 121 121 121
-0.08714392 -0.03361072 0.29397348 108 108 108
-0.09030349 -0.02897121 0.2860499 113 113 113
-0.08917983 -0.03398848 0.28865841 122 122 122
-0.08526384 -0.03932862 0.29321766 132 132 132
-0.07537536 -0.04205988 0.30070633 136 136 136
-0.06918775 -0.04379265 0.30543378 128 128 128
-0.09024605 -0.03005345 0.28639582 117 117 117
-0.08953727 -0.03331685 0.28805625 112 112 112
-0.08609503 -0.0388349 0.29235211 124 124 124
-0.07565736 -0.04155808 0.3002052 127 127 127
-0.06928777 -0.04331807 0.30506912 120 120 120
-0.07690994 -0.0401591 0.30330893 60 60 60
-0.08223236 -0.03780487 0.29889512 106 106 106
-0.08721437 -0.03522103 0.29461491 118 118 118
-0.09033654 -0.02946283 0.28600559 112 112 112
-0.08921506 -0.03409278 0.28846923 124 124 124
-0.08574422 -0.03917498 0.29265255 139 139 139
-0.08162086 -0.03974177 0.29551458 114 114 114
-0.07406698 -0.04328798 0.3018139 114 114 114
-0.06763507 -0.04504495 0.30668631 124 124 124
-0.08943403 -0.03371689 0.2880685 124 124 124
-0.08547092 -0.03932589 0.29277551 136 136 136
-0.0753847 -0.04211318 0.30040476 135 135 135
-0.06905977 -0.04410675 0.30530858 112 112 112
-0.06415807 -0.01496814 0.26809451 100 100 100
-0.09034953 -0.02985749 0.28594312 120 120 120
-0.08917878 -0.034313 0.28837532 124 124 124
-0.08495945 -0.03949005 0.29306802 125 125 125
-0.07567383 -0.04157986 0.29990658 125 125 125
-0.06932292 -0.04345778 0.30475757 120 120 120
-0.08387252 -0.02239629 0.27268168 105 105 105
-0.08719096 -0.03370718 0.29418123 111 111 111
-0.06179387 -0.01840761 0.27096823 102 102 102
-0.08993435 -0.03260278 0.28711918 119 119 119
-0.08811377 -0.03550851 0.28940678 120 120 120
-0.08006008 -0.04251861 0.29729453 113 113 113
-0.06932711 -0.04343115 0.30464754 121 121 121
-0.09036031 -0.03002597 0.28581828 117 117 117
-0.08906246 -0.03464614 0.28837025 113 113 113
-0.08411212 -0.03967026 0.29346818 121 121 121
-0.07387626 -0.04351442 0.30158237 122 122 122
-0.06615256 -0.04533147 0.30730706 117 117 117
-0.07666876 -0.04028377 0.30371779 62 62 62
-0.08218125 -0.0376235 0.29907578 101 101 101
-0.08726431 -0.03489919 0.2946873 117 117 117
-0.08970685 -0.03340477 0.28738442 128 128 128
-0.0867078 -0.03614512 0.29035679 126 126 126
-0.07992033 -0.04259779 0.29722741 120 120 120
-0.06929772 -0.04327485 0.30438653 120 120 120
-0.08901251 -0.03016898 0.2917763 115 115 115
-0.09034224 -0.03072196 0.28586507 121 121 121
-0.08905287 -0.03480305 0.28823951 124 124 124
-0.08086814 -0.03908175 0.2951422 105 105 105
-0.0690655 -0.04241424 0.30405504 109 109 109
-0.06572321 -0.04545759 0.30742821 120 120 120
-0.09005128 -0.03139341 0.28617129 118 118 118
-0.08836421 -0.03557815 0.28887865 123 123 123
-0.07633133 -0.04046263 0.30412519 66 66 66
-0.07419605 -0.04347111 0.30105707 129 129 129
-0.0682434 -0.04512198 0.30556232 124 124 124
-0.08211238 -0.03868349 0.29961643 114 114 114
-0.08672015 -0.03577266 0.29546824 126 126 126
-0.08908461 -0.02985766 0.29170042 113 113 113
-0.09030391 -0.03117632 0.28585395 122 122 122
-0.0878363 -0.03597253 0.28923836 119 119 119
-0.07564341 -0.04178038 0.29934856 131 131 131
-0.06863472 -0.04484241 0.30510476 109 109 109
-0.0891677 -0.02457317 0.28401849 85 85 85
-0.08931519 -0.03450979 0.28765354 118 118 118
-0.0844579 -0.03967094 0.29274294 115 115 115
-0.06914985 -0.04280035 0.30386361 102 102 102
-0.07468779 -0.04081154 0.30549473 68 68 68
-0.08209042 -0.03862844 0.29972243 113 113 113
-0.08918615 -0.02459105 0.28389978 91 91 91
-0.08921941 -0.03476691 0.28770322 117 117 117
-0.08462559 -0.03964312 0.29252008 115 115 115
-0.07553065 -0.04208231 0.29936931 124 124 124
-0.06915769 -0.04421892 0.30431828 117 117 117
-0.08848847 -0.03067335 0.29252747 112 112 112
-0.0891034 -0.02545774 0.28419223 68 68 68
-0.08788828 -0.03611376 0.28898257 124 124 124
-0.07428831 -0.04352365 0.3005954 133 133 133
-0.06612737 -0.04561438 0.3066718 121 121 121
-0.08901423 -0.02545325 0.2841166 68 68 68
-0.08872361 -0.03558474 0.28813162 128 128 128
-0.0495468 -0.04645047 0.30302405 103 103 103
-0.06819701 -0.04531061 0.3051258 129 129 129
-0.07668923 -0.04021984 0.30399477 65 65 65
-0.08217134 -0.0377731 0.29943958 108 108 108
-0.08722642 -0.03484683 0.29497606 115 115 115
-0.08934969 -0.02420793 0.28333169 103 103 103
-0.08899075 -0.0353045 0.28775916 118 118 118
-0.0794302 -0.04274499 0.29676256 97 97 97
-0.06780118 -0.04550391 0.30534124 123 123 123
-0.06480574 -0.01323347 0.26782215 113 113 113
-0.08917014 -0.03504509 0.28745249 120 120 120
-0.07941654 -0.04268987 0.29662791 92 92 92
-0.06756006 -0.04560633 0.30542767 120 120 120
-0.08938193 -0.02430447 0.28315541 108 108 108
-0.08173683 -0.03915128 0.30037293 117 117 117
-0.06358704 -0.01568664 0.26963711 98 98 98
-0.07557178 -0.04180446 0.29867789 120 120 120
-0.06730505 -0.0456812 0.30554199 125 125 125
-0.08615292 -0.03598782 0.29623321 122 122 122
-0.08873491 -0.03016116 0.29238084 115 115 115
-0.09030481 -0.03199958 0.28533736 122 122 122
-0.0743128 -0.04358461 0.30006516 119 119 119
-0.0658961 -0.04582272 0.30633107 124 124 124
-0.08936578 -0.02532042 0.28332955 103 103 103
-0.06372438 -0.01569366 0.26969504 105 105 105
-0.08480561 -0.03949208 0.29164159 98 98 98
-0.06922198 -0.04385754 0.30333641 122 122 122
-0.07614265 -0.0405305 0.30468845 67 67 67
-0.08213422 -0.03730712 0.29951194 97 97 97
-0.09025661 -0.03226459 0.2852847 123 123 123
-0.08464272 -0.03951225 0.29164812 93 93 93
-0.07333508 -0.04416323 0.30070883 121 121 121
-0.06486128 -0.04617872 0.30696771 121 121 121
-0.08848092 -0.03037376 0.29274553 115 115 115
-0.09041344 -0.03179466 0.28488216 117 117 117
-0.08571237 -0.03809124 0.29032329 118 118 118
-0.06909396 -0.0430144 0.3029182 111 111 111
-0.08947617 -0.02483465 0.28274807 111 111 111
-0.08581162 -0.0370524 0.28974384 105 105 105
-0.07387286 -0.04395242 0.30008069 131 131 131
-0.0639351 -0.0156221 0.26974589 108 108 108
-0.08163458 -0.03909694 0.30062169 115 115 115
-0.08648588 -0.03559764 0.29607597 125 125 125
-0.08942713 -0.02590573 0.28312933 130 130 130
-0.08560218 -0.03768561 0.29005098 104 104 104
-0.07403449 -0.04382076 0.29980889 115 115 115
-0.06521798 -0.04620012 0.30641785 118 118 118
-0.08823857 -0.03616083 0.28764206 110 110 110
-0.08475198 -0.03919904 0.29104748 94 94 94
-0.06814442 -0.04562791 0.30421698 132 132 132
-0.08940977 -0.02625211 0.28305215 130 130 130
-0.08454249 -0.03928673 0.29113844 92 92 92
-0.06719381 -0.0459776 0.30484402 120 120 120
-0.08209103 -0.03787486 0.29996929 111 111 111
-0.08694407 -0.0350793 0.295692 128 128 128
-0.08891094 -0.02900771 0.29217061 99 99 99
-0.09015962 -0.0327915 0.28492975 125 125 125
-0.07391971 -0.04388951 0.29961294 114 114 114
-0.06484791 -0.04642337 0.30642235 116 116 116
-0.08838897 -0.03593845 0.28716201 110 110 110
-0.06912143 -0.04338247 0.30237219 113 113 113
-0.06508199 -0.04639533 0.30615136 117 117 117
-0.08223653 -0.0372542 0.29967618 87 87 87
-0.08575187 -0.03587687 0.2968711 115 115 115
-0.07867634 -0.03940707 0.294633 101 101 101
-0.06843921 -0.04552133 0.30357227 134 134 134
-0.08835628 -0.0301674 0.29305086 101 101 101
-0.08847099 -0.02177721 0.28152311 67 67 67
-0.08828937 -0.03589292 0.28700322 104 104 104
-0.06830572 -0.04566843 0.3036021 136 136 136
-0.08965127 -0.02650915 0.28245804 112 112 112
-0.07850191 -0.03926584 0.29447082 93 93 93
-0.06551446 -0.04630337 0.30551451 125 125 125
-0.08169264 -0.03868523 0.30076212 109 109 109
-0.08674317 -0.03512841 0.29605174 125 125 125
-0.09014225 -0.032857 0.28447172 125 125 125
-0.08830156 -0.03010201 0.29317638 101 101 101
-0.06677638 -0.04621873 0.30455312 122 122 122
-0.08955464 -0.02704737 0.28251427 128 128 128
-0.06847536 -0.04562626 0.30313748 134 134 134
-0.06310007 -0.01763762 0.27174267 118 118 118
-0.08966821 -0.03312483 0.28469113 121 121 121
-0.06775771 -0.04607026 0.3036662 129 129 129
-0.08196615 -0.0379895 0.30043641 106 106 106
-0.08713384 -0.03442211 0.29563135 123 123 123
-0.06257573 -0.01797709 0.27230012 115 115 115
-0.08900798 -0.03444366 0.285503 98 98 98
-0.06526785 -0.04652018 0.30532902 121 121 121
-0.08942661 -0.02748955 0.28246465 124 124 124
-0.06681067 -0.04633575 0.30414212 110 110 110
-0.06274342 -0.01787235 0.27227634 113 113 113
-0.08962306 -0.03302193 0.28437588 97 97 97
-0.06547534 -0.04645434 0.30495304 121 121 121
-0.0817935 -0.03825697 0.30076081 110 110 110
-0.0870617 -0.03449622 0.2958222 126 126 126
-0.08979656 -0.02697128 0.28183284 109 109 109
-0.06832349 -0.04585072 0.30278373 149 149 149
-0.05763152 -0.04667931 0.30993506 58 58 58
-0.0897933 -0.02677498 0.2816841 112 112 112
-0.07304949 -0.0437719 0.29884198 96 96 96
-0.05899937 -0.04607364 0.30872297 59 59 59
-0.08960042 -0.02786617 0.28210837 128 128 128
-0.06797559 -0.04610407 0.30289668 137 137 137
-0.05721237 -0.04680727 0.31005812 58 58 58
-0.06283151 -0.01772869 0.27238822 117 117 117
-0.08696493 -0.03456184 0.29601556 127 127 127
-0.08811244 -0.02139612 0.2804527 70 70 70
-0.07283681 -0.04312721 0.29850852 92 92 92
-0.05885072 -0.04602988 0.30856052 57 57 57
-0.08985811 -0.02734732 0.28153399 110 110 110
-0.06809889 -0.0459803 0.30256197 143 143 143
-0.05768001 -0.04648303 0.30939031 57 57 57
-0.06915136 -0.01647748 0.26834533 84 84 84
-0.0724524 -0.04139897 0.29794526 103 103 103
-0.06363675 -0.04721419 0.30577171 120 120 120
-0.08171774 -0.03813694 0.30097693 108 108 108
-0.08710939 -0.03412472 0.29584742 122 122 122
-0.08790205 -0.02164527 0.28039271 69 69 69
-0.06374417 -0.01631968 0.27146646 113 113 113
-0.06380282 -0.04722228 0.30557212 110 110 110
-0.08789089 -0.02114926 0.28011 97 97 97
-0.06767074 -0.04615697 0.30258563 126 126 126
-0.05701042 -0.04662132 0.30955213 62 62 62
-0.08989649 -0.02757809 0.28115898 115 115 115
-0.06930117 -0.01653097 0.26851469 84 84 84
-0.06717464 -0.04641503 0.3028852 120 120 120
-0.05552749 -0.0470707 0.31057072 61 61 61
-0.08714861 -0.03371582 0.29576927 113 113 113
-0.08766635 -0.02230381 0.28047615 71 71 71
-0.06496402 -0.04682003 0.30433866 114 114 114
-0.08814483 -0.02073423 0.27944005 107 107 107
-0.06301703 -0.01736577 0.27256104 114 114 114
-0.06427161 -0.04721625 0.30484203 114 114 114
-0.08162522 -0.03801177 0.30119973 103 103 103
-0.05130802 -0.04997601 0.30502567 80 80 80
-0.08997915 -0.02835291 0.28111464 122 122 122
-0.06488156 -0.04686298 0.30419329 117 117 117
-0.08817554 -0.02129911 0.27945429 109 109 109
-0.08960915 -0.03175209 0.28261393 93 93 93
-0.0548179 -0.04696448 0.31059518 65 65 65
-0.08998038 -0.02818841 0.28087381 119 119 119
-0.06698542 -0.04623228 0.30240878 112 112 112
-0.08394981 -0.03545326 0.29873091 64 64 64
-0.08907837 -0.03047139 0.29349867 68 68 68
-0.088214 -0.02164753 0.27936023 106 106 106
-0.06613767 -0.04647495 0.3029353 108 108 108
-0.08824196 -0.02132029 0.27913153 109 109 109
-0.06629857 -0.04641534 0.30272061 106 106 106
-0.0812832 -0.0382484 0.30173311 91 91 91
-0.0869833 -0.01834001 0.27868104 62 62 62
-0.08957535 -0.03123935 0.28202048 91 91 91
-0.06511998 -0.04651775 0.30333507 119 119 119
-0.08912167 -0.03038128 0.29350358 72 72 72
-0.08962174 -0.02928323 0.28110397 120 120 120
-0.06336335 -0.04759784 0.30482721 113 113 113
-0.08834361 -0.02174595 0.27891922 106 106 106
-0.06620401 -0.04621628 0.30234987 88 88 88
-0.05344825 -0.04731521 0.31093109 79 79 79
-0.08647049 -0.03460767 0.29697412 121 121 121
-0.08946568 -0.02928486 0.29299107 71 71 71
-0.07226961 -0.04059078 0.29627207 92 92 92
-0.05668875 -0.04594879 0.30816129 103 103 103
-0.08816019 -0.02282983 0.27927151 128 128 128
-0.06509077 -0.04633631 0.30286407 88 88 88
-0.08108003 -0.03815375 0.30203617 92 92 92
-0.08929964 -0.02957192 0.28098762 95 95 95
-0.08670118 -0.03428791 0.29681221 123 123 123
-0.05608877 -0.04689218 0.30873087 110 110 110
-0.08847734 -0.0224048 0.27863106 108 108 108
-0.0690871 -0.01685638 0.26961672 100 100 100
-0.08849281 -0.02252274 0.27859432 109 109 109
-0.05691358 -0.04593524 0.30761874 98 98 98
-0.084272 -0.03530283 0.29895991 62 62 62
-0.04976954 -0.04634669 0.30266038 101 101 101
-0.08851407 -0.02265948 0.27854234 108 108 108
-0.06318092 -0.04773914 0.30424502 105 105 105
-0.08930073 -0.02955521 0.28061557 109 109 109
-0.05637996 -0.04708897 0.30819601 112 112 112
-0.08520414 -0.03496611 0.29822269 100 100 100
-0.08694246 -0.03377087 0.29668379 124 124 124
-0.05696665 -0.04631943 0.30743238 107 107 107
-0.08912111 -0.0295819 0.2805208 100 100 100
-0.06343615 -0.04758528 0.3036772 95 95 95
-0.08918289 -0.02948531 0.28034398 97 97 97
-0.05701292 -0.04649567 0.30726558 109 109 109
-0.08619681 -0.03453474 0.29754341 116 116 116
-0.08858597 -0.02311195 0.27812484 115 115 115
-0.06331044 -0.04754899 0.30351976 79 79 79
-0.08852419 -0.02395874 0.27840456 133 133 133
-0.05696905 -0.04687224 0.30723488 115 115 115
-0.08093595 -0.03777934 0.30239391 94 94 94
-0.06610461 -0.04229268 0.2994855 122 122 122
-0.05694121 -0.04706537 0.30721292 113 113 113
-0.07082968 -0.01651543 0.26908916 95 95 95
-0.06269319 -0.04299017 0.30180517 99 99 99
-0.08865578 -0.02403623 0.27803919 117 117 117
-0.06526437 -0.0428661 0.30007192 125 125 125
-0.08025507 -0.03814944 0.30308568 67 67 67
-0.08868608 -0.02390719 0.27790675 112 112 112
-0.06587112 -0.04230171 0.29938287 120 120 120
-0.05603347 -0.04797314 0.30778587 118 118 118
-0.06919646 -0.01680935 0.27047986 102 102 102
-0.05720416 -0.04693371 0.30655795 116 116 116
-0.08837985 -0.02464853 0.27814883 112 112 112
-0.06595674 -0.04217915 0.29905987 112 112 112
-0.05734211 -0.04655717 0.306234 109 109 109
-0.08698148 -0.03324004 0.2968666 126 126 126
-0.07013454 -0.01674653 0.2701028 96 96 96
-0.05734394 -0.04677068 0.30619556 115 115 115
-0.08822157 -0.02486038 0.27814332 125 125 125
-0.06105601 -0.04480327 0.30289283 104 104 104
-0.05713351 -0.04743524 0.30646574 121 121 121
-0.05052877 -0.04830489 0.31092232 65 65 65
-0.08846176 -0.02489811 0.27790013 116 116 116
-0.06871315 -0.01885928 0.27202809 94 94 94
-0.05681956 -0.04784128 0.30670679 125 125 125
-0.06230361 -0.04256691 0.30105421 136 136 136
-0.05729876 -0.04734105 0.30610564 121 121 121
-0.07125469 -0.01673219 0.269788 101 101 101
-0.06078793 -0.04549199 0.30302528 96 96 96
-0.05376684 -0.04854785 0.30865762 123 123 123
-0.06952975 -0.01678355 0.27090427 102 102 102
-0.0621337 -0.04269085 0.30100632 133 133 133
-0.05344996 -0.04861316 0.30878472 115 115 115
-0.07134844 -0.01675879 0.2699452 100 100 100
-0.05735467 -0.0474873 0.30580243 126 126 126
-0.08876075 -0.02465017 0.27712595 118 118 118
-0.07160725 -0.01500905 0.26920006 114 114 114
-0.05707597 -0.04791515 0.3060315 126 126 126
-0.0868314 -0.03328896 0.29727241 125 125 125
-0.06898066 -0.01891825 0.27243617 105 105 105
-0.0718072 -0.01569236 0.2694473 112 112 112
-0.08833282 -0.02559864 0.27755234 115 115 115
-0.05735353 -0.04769403 0.3055577 124 124 124
-0.07178971 -0.01635781 0.26986626 115 115 115
-0.08872923 -0.02540107 0.27710822 123 123 123
-0.05993407 -0.04684033 0.30344626 82 82 82
-0.08516189 -0.01764473 0.27615741 107 107 107
-0.06107814 -0.04377682 0.30145749 111 111 111
-0.05599196 -0.04863621 0.30653471 116 116 116
-0.06893849 -0.01885699 0.272852 101 101 101
-0.04919333 -0.04639527 0.302798 87 87 87
-0.08199099 -0.03777765 0.30236682 69 69 69
-0.08860459 -0.02578247 0.27703884 123 123 123
-0.05940634 -0.04687002 0.30343753 91 91 91
-0.08523548 -0.01767639 0.27582631 109 109 109
-0.06484475 -0.04252252 0.29830539 97 97 97
-0.05631335 -0.04863707 0.30600977 120 120 120
-0.08861091 -0.02587586 0.2768698 125 125 125
-0.06034232 -0.04389681 0.30150419 115 115 115
-0.05641345 -0.04863359 0.30583677 119 119 119
-0.08862521 -0.02585947 0.27673209 128 128 128
-0.05910636 -0.04384751 0.30216974 108 108 108
-0.05372436 -0.0489338 0.30750734 118 118 118
-0.08861865 -0.02581294 0.27665249 123 123 123
-0.06036456 -0.04385692 0.30124137 119 119 119
-0.05357192 -0.04900175 0.30752462 116 116 116
-0.0866079 -0.03319934 0.29786563 110 110 110
-0.06012453 -0.0438654 0.30130401 116 116 116
-0.05286064 -0.0491698 0.30791935 117 117 117
-0.08853815 -0.02586831 0.27648741 127 127 127
-0.05677417 -0.04854968 0.30514321 108 108 108
-0.07146815 -0.01715904 0.27155712 98 98 98
-0.04953078 -0.0463201 0.30246505 98 98 98
-0.05641092 -0.04876509 0.3053495 119 119 119
-0.07633457 -0.01854821 0.26936609 90 90 90
-0.05739631 -0.04498572 0.30307034 121 121 121
-0.06912159 -0.01844303 0.27364954 92 92 92
-0.0882978 -0.02624841 0.27651033 121 121 121
-0.05587531 -0.04896427 0.30553332 114 114 114
-0.07673079 -0.01847889 0.26935217 97 97 97
-0.07046558 -0.01798506 0.27290139 111 111 111
-0.05652851 -0.04877017 0.30495235 126 126 126
-0.08819862 -0.02624847 0.27633628 107 107 107
-0.07670188 -0.0185545 0.2695969 100 100 100
-0.08531675 -0.01918101 0.27528092 116 116 116
-0.07686799 -0.01850268 0.26959443 104 104 104
-0.0533067 -0.04930018 0.30693191 119 119 119
-0.08799999 -0.02622844 0.27625549 97 97 97
-0.04788098 -0.04853722 0.30979598 58 58 58
-0.0701875 -0.01786298 0.2735301 110 110 110
-0.0535766 -0.04924826 0.30652651 116 116 116
-0.07041013 -0.01769438 0.27343696 108 108 108
-0.05365707 -0.04924295 0.3063674 113 113 113
-0.07740887 -0.01830228 0.26968244 105 105 105
-0.04747493 -0.04869507 0.30981496 64 64 64
-0.07759795 -0.01823965 0.26975885 113 113 113
-0.05349838 -0.04933623 0.30628365 113 113 113
-0.0600553 -0.04366305 0.29988003 109 109 109
-0.08528516 -0.0200536 0.27489474 133 133 133
-0.07694742 -0.01846559 0.27055416 116 116 116
-0.05286638 -0.04958594 0.30655468 110 110 110
-0.07743628 -0.01835782 0.2703231 117 117 117
-0.05597859 -0.04491272 0.30256554 101 101 101
-0.08754732 -0.02583018 0.2755639 96 96 96
-0.0555574 -0.04490772 0.30266902 106 106 106
-0.07649942 -0.01851477 0.27126843 124 124 124
-0.07587515 -0.01905819 0.27194265 106 106 106
-0.07631379 -0.01858789 0.27158919 146 146 146
-0.0534493 -0.04942802 0.3058064 113 113 113
-0.07689065 -0.01835692 0.27127504 112 112 112
-0.07790926 -0.01818532 0.27070424 120 120 120
-0.08539469 -0.02011288 0.2743248 127 127 127
-0.0779557 -0.01816676 0.2707701 118 118 118
-0.05495794 -0.04915851 0.30453345 107 107 107
-0.07719071 -0.01827219 0.27137601 110 110 110
-0.0750561 -0.01965356 0.27329865 92 92 92
-0.05971843 -0.04260049 0.29889444 90 90 90
-0.07602371 -0.01951671 0.27278233 119 119 119
-0.05954786 -0.04274086 0.29892316 91 91 91
-0.07630306 -0.01927497 0.2726458 127 127 127
-0.07642882 -0.0190715 0.27255991 123 123 123
-0.08519239 -0.02094981 0.2744934 135 135 135
-0.07591461 -0.01958543 0.27320075 121 121 121
-0.05473657 -0.04903294 0.30416071 101 101 101
-0.08700363 -0.02536127 0.27489483 101 101 101
-0.05494741 -0.04883527 0.30384913 86 86 86
-0.08783046 -0.03342677 0.29811421 62 62 62
-0.0435815 -0.04724656 0.30432439 47 47 47
-0.05308307 -0.04963092 0.30524373 111 111 111
-0.07531026 -0.01933838 0.27417064 104 104 104
-0.0544498 -0.04891345 0.30393118 95 95 95
-0.04365053 -0.04779376 0.30480263 50 50 50
-0.04383936 -0.04725927 0.30458257 51 51 51
-0.05382707 -0.04894756 0.30422023 97 97 97
-0.04396731 -0.04699829 0.30454215 48 48 48
-0.05391873 -0.04888379 0.30399805 102 102 102
-0.0439829 -0.04571791 0.30407915 43 43 43
-0.04411988 -0.04689503 0.30464202 49 49 49
-0.04419456 -0.04687991 0.30470306 49 49 49
-0.08284048 -0.0221356 0.27157563 107 107 107
-0.08290007 -0.02212097 0.27160063 108 108 108
-0.04783979 -0.04648593 0.30252782 92 92 92
-0.04790895 -0.04653538 0.30261233 94 94 94
-0.08294751 -0.02227667 0.27185416 112 112 112
-0.04891373 -0.04623555 0.30205807 87 87 87
-0.04979015 -0.04601068 0.30155209 100 100 100
-0.04807924 -0.04678808 0.30294299 85 85 85
-0.05266343 -0.04974717 0.30469519 90 90 90
-0.08756851 -0.03361058 0.29876545 60 60 60
-0.05211987 -0.04534555 0.3030746 102 102 102
-0.07956169 -0.04145977 0.29980791 121 121 121
-0.07275583 -0.04434291 0.30001429 120 120 120
-0.0600489 -0.01439655 0.26786792 105 105 105
-0.05900846 -0.04373283 0.3011404 119 119 119
-0.06220119 -0.01488213 0.26790774 91 91 91
-0.08006565 -0.04131791 0.29971045 120 120 120
-0.07933769 -0.04156748 0.29973409 118 118 118
-0.06765179 -0.04367648 0.30039841 89 89 89
-0.05995236 -0.01441764 0.26811269 107 107 107
-0.05165401 -0.04427656 0.30154598 110 110 110
-0.07238838 -0.04430628 0.30014935 113 113 113
-0.06226756 -0.01492507 0.26816893 105 105 105
-0.07965026 -0.04155352 0.29962716 121 121 121
-0.05695801 -0.01422078 0.26837906 110 110 110
-0.06375621 -0.04288972 0.30068946 133 133 133
-0.0484478 -0.04607162 0.30154964 115 115 115
-0.07571687 -0.04144149 0.29986215 123 123 123
-0.072109 -0.04419324 0.29985192 113 113 113
-0.04666264 -0.01774495 0.26882511 114 114 114
-0.05391312 -0.01493311 0.26863 108 108 108
-0.05931846 -0.01442297 0.26854584 108 108 108
-0.06816781 -0.01635312 0.26830792 79 79 79
-0.0729016 -0.04434559 0.30018896 127 127 127
-0.07989083 -0.04157703 0.29944128 123 123 123
-0.06020274 -0.01458488 0.26858374 97 97 97
-0.06896972 -0.01653046 0.2683962 81 81 81
-0.06044923 -0.04377563 0.30070931 127 127 127
-0.0828067 -0.0372939 0.29955283 67 67 67
-0.06050738 -0.01466864 0.26865911 98 98 98
-0.06904266 -0.01656193 0.26847112 82 82 82
-0.05396244 -0.0450941 0.30165166 113 113 113
-0.05889704 -0.04367111 0.30072987 112 112 112
-0.05758898 -0.01442266 0.26881674 99 99 99
-0.06298731 -0.04272191 0.3011809 135 135 135
-0.03942762 -0.01485309 0.2693404 57 57 57
-0.07296619 -0.04433851 0.30026484 132 132 132
-0.05402694 -0.01511437 0.26897359 103 103 103
-0.07287346 -0.04426535 0.29952762 102 102 102
-0.06827443 -0.01659101 0.26866189 90 90 90
-0.05283796 -0.04789041 0.31025776 115 115 115
-0.05248607 -0.04800031 0.31025743 110 110 110
-0.0539889 -0.01519585 0.26906404 110 110 110
-0.07576401 -0.04124542 0.29953197 118 118 118
-0.06631804 -0.01551183 0.26878551 92 92 92
-0.04482263 -0.01845904 0.26940542 110 110 110
-0.05061588 -0.01760478 0.26926419 89 89 89
-0.05820688 -0.04372066 0.3015396 112 112 112
-0.06056452 -0.01474048 0.26901686 98 98 98
-0.0646138 -0.04309048 0.30111182 130 130 130
-0.04685206 -0.01780676 0.26942798 112 112 112
-0.08579911 -0.03457155 0.29931486 70 70 70
-0.07917267 -0.0419614 0.29912928 118 118 118
-0.06636719 -0.01557525 0.26896951 90 90 90
-0.0455156 -0.01843657 0.26958171 176 176 176
-0.06495206 -0.04299098 0.3000828 124 124 124
-0.05391089 -0.04476691 0.30073908 104 104 104
-0.06288411 -0.01518254 0.26913336 105 105 105
-0.07623736 -0.01822479 0.26882741 75 75 75
-0.04812168 -0.04624455 0.30216622 94 94 94
-0.06718566 -0.04274501 0.29986051 101 101 101
-0.06080654 -0.01489031 0.26928282 108 108 108
-0.05933025 -0.04376103 0.3003588 114 114 114
-0.04568566 -0.01835852 0.2697551 146 146 146
-0.05858542 -0.04374049 0.30161282 102 102 102
-0.05812177 -0.01461781 0.26941404 105 105 105
-0.07199253 -0.04424788 0.30051908 112 112 112
-0.08647888 -0.03414175 0.29912746 65 65 65
-0.0544434 -0.04689884 0.3103202 110 110 110
-0.04977923 -0.01761092 0.26974055 89 89 89
-0.07818954 -0.04201958 0.299027 115 115 115
-0.07563491 -0.0418143 0.29922345 132 132 132
-0.07577693 -0.01832326 0.26909187 100 100 100
-0.04694733 -0.01792627 0.269914 129 129 129
-0.05948982 -0.04377991 0.30025086 114 114 114
-0.06028799 -0.01489912 0.26953271 106 106 106
-0.07983281 -0.0419738 0.29883054 124 124 124
-0.04522996 -0.01828113 0.27004015 118 118 118
-0.07300122 -0.04406908 0.29914752 107 107 107
-0.05994394 -0.04377578 0.30013809 112 112 112
-0.06338508 -0.01563206 0.26955852 99 99 99
-0.05999596 -0.04389469 0.30156031 126 126 126
-0.04671621 -0.01805838 0.27009341 125 125 125
-0.07155543 -0.04412397 0.30064732 108 108 108
-0.08549469 -0.03372966 0.29906976 92 92 92
-0.06893239 -0.01685962 0.2695294 95 95 95
-0.07565819 -0.04171825 0.29908454 134 134 134
-0.04982087 -0.01780599 0.27010569 86 86 86
-0.06205978 -0.04217427 0.30005151 137 137 137
-0.05374653 -0.0452014 0.30201587 107 107 107
-0.0842534 -0.03524704 0.2989493 63 63 63
-0.05440012 -0.04719275 0.31009704 116 116 116
-0.07877983 -0.04222479 0.2987189 117 117 117
-0.05910783 -0.04379756 0.30172309 118 118 118
-0.06323698 -0.0157163 0.26984569 109 109 109
-0.06064367 -0.04390257 0.30158213 120 120 120
-0.05377041 -0.04756384 0.31013954 121 121 121
-0.04762015 -0.01751425 0.27033508 125 125 125
-0.07968758 -0.04102534 0.30042467 119 119 119
-0.0622052 -0.01542044 0.2699351 118 118 118
-0.07067668 -0.01676596 0.26973343 93 93 93
-0.04467629 -0.01796267 0.27052516 115 115 115
-0.06873713 -0.0415714 0.29943883 111 111 111
-0.05933746 -0.04373356 0.29992476 107 107 107
-0.05935672 -0.04383328 0.30178282 119 119 119
-0.07548251 -0.0185232 0.26971743 88 88 88
-0.04031754 -0.01491012 0.27070266 53 53 53
-0.05015246 -0.01789548 0.27047986 92 92 92
-0.07853702 -0.04230569 0.29856199 113 113 113
-0.06551515 -0.01569295 0.27005312 104 104 104
-0.07551471 -0.01855933 0.26980388 89 89 89
-0.0470336 -0.01778898 0.2706272 122 122 122
-0.07209164 -0.04424686 0.30076322 114 114 114
-0.08034693 -0.04065777 0.30048144 125 125 125
-0.08556586 -0.03401827 0.29875258 111 111 111
-0.04023815 -0.01493149 0.27089894 54 54 54
-0.05045763 -0.01784114 0.27062154 99 99 99
-0.07730527 -0.04206343 0.29856327 115 115 115
-0.06777772 -0.01670659 0.27014801 98 98 98
-0.04785732 -0.04645537 0.302486 93 93 93
-0.04792093 -0.01757037 0.27078557 109 109 109
-0.05245672 -0.01601123 0.27067575 111 111 111
-0.08502776 -0.03464942 0.29863471 112 112 112
-0.07091052 -0.01690386 0.27017757 93 93 93
-0.04982961 -0.0482341 0.31064132 66 66 66
-0.04907371 -0.01778517 0.27084577 103 103 103
-0.05614431 -0.01784191 0.27063668 101 101 101
-0.05883696 -0.0435415 0.29973152 93 93 93
-0.07207271 -0.04422589 0.30084917 113 113 113
-0.06383203 -0.04487034 0.30947933 64 64 64
-0.0456934 -0.01779744 0.27103472 104 104 104
-0.08013605 -0.0407178 0.30057433 118 118 118
-0.06139128 -0.01813817 0.270583 89 89 89
-0.06778982 -0.01674837 0.27043015 99 99 99
-0.07867699 -0.0424522 0.29828945 113 113 113
-0.05383382 -0.0476191 0.31004018 117 117 117
-0.04886708 -0.01769827 0.27103168 102 102 102
-0.05581462 -0.01798185 0.2708509 109 109 109
-0.05342639 -0.04526793 0.30225679 103 103 103
-0.07108659 -0.01699772 0.27044076 92 92 92
-0.07229183 -0.04423459 0.3009159 115 115 115
-0.04708209 -0.01760589 0.27117133 114 114 114
-0.05209326 -0.01654143 0.2710366 108 108 108
-0.08521551 -0.03473718 0.29842401 116 116 116
-0.06855485 -0.01694088 0.27059615 86 86 86
-0.07872276 -0.04249715 0.29819781 113 113 113
-0.04738075 -0.01753286 0.27125081 114 114 114
-0.05220854 -0.01627384 0.27113128 106 106 106
-0.06162221 -0.01838188 0.27087402 93 93 93
-0.06970849 -0.0167165 0.27064881 121 121 121
-0.0454945 -0.01758097 0.27138686 107 107 107
-0.08574922 -0.03424651 0.29838058 111 111 111
-0.08399364 -0.03542809 0.29837546 88 88 88
-0.07559246 -0.04139486 0.29843003 102 102 102
-0.07247537 -0.01711095 0.27062646 108 108 108
-0.04092768 -0.01521008 0.27160853 58 58 58
-0.05077494 -0.01748519 0.27134824 100 100 100
-0.05823848 -0.01659017 0.27107587 98 98 98
-0.06060537 -0.04397378 0.30192539 116 116 116
-0.07262146 -0.04423195 0.30097115 118 118 118
-0.04729021 -0.01745019 0.27152619 108 108 108
-0.05211731 -0.01618084 0.27140412 108 108 108
-0.0875207 -0.03354286 0.29819828 63 63 63
-0.08416046 -0.0354976 0.29827762 99 99 99
-0.07950183 -0.04252378 0.29797485 124 124 124
-0.04862009 -0.01746459 0.27158377 101 101 101
-0.05596196 -0.01802085 0.27136919 109 109 109
-0.06437558 -0.04289599 0.29906175 126 126 126
-0.07485558 -0.01844887 0.27086401 102 102 102
-0.04806585 -0.01737246 0.27168277 107 107 107
-0.05221451 -0.0153738 0.2715852 92 92 92
-0.06284836 -0.04308537 0.30186474 97 97 97
-0.08455653 -0.03546146 0.2981723 110 110 110
-0.04583353 -0.01733498 0.27181113 115 115 115
-0.07944308 -0.04257623 0.29789248 122 122 122
-0.06048147 -0.01829204 0.27143028 103 103 103
-0.06592201 -0.01672882 0.27126187 94 94 94
-0.07590815 -0.01871587 0.27099004 121 121 121
-0.05009479 -0.01737462 0.27181223 109 109 109
-0.06007185 -0.01810224 0.27151322 97 97 97
-0.06565976 -0.01696526 0.2713528 88 88 88
-0.07536156 -0.01870488 0.27111915 97 97 97
-0.04140828 -0.0152792 0.27213666 59 59 59
-0.05098282 -0.01704886 0.27187857 102 102 102
-0.08482957 -0.0354056 0.29808286 114 114 114
-0.06547499 -0.01713322 0.27144602 88 88 88
-0.07524554 -0.01867915 0.27120957 106 106 106
-0.0415866 -0.01524825 0.27222621 60 60 60
-0.05115455 -0.01687155 0.27197844 104 104 104
-0.05955517 -0.01801912 0.27172378 95 95 95
-0.05375345 -0.04537313 0.30250093 105 105 105
-0.0819308 -0.02199307 0.27106574 96 96 96
-0.04847417 -0.01720039 0.27213272 103 103 103
-0.05613361 -0.01798318 0.27190939 115 115 115
-0.08648378 -0.03331847 0.29803443 112 112 112
-0.08324844 -0.03600752 0.29804975 69 69 69
-0.07853995 -0.04262453 0.29778025 107 107 107
-0.04174513 -0.01521621 0.27242488 59 59 59
-0.05130575 -0.0166213 0.27214316 101 101 101
-0.06063882 -0.01845112 0.27187201 93 93 93
-0.06598037 -0.01721244 0.27168563 100 100 100
-0.0765894 -0.03971385 0.30131808 63 63 63
-0.0413156 -0.01528493 0.27249295 56 56 56
-0.05112217 -0.01669215 0.27223673 111 111 111
-0.06031941 -0.01836075 0.27197099 92 92 92
-0.08789246 -0.03338665 0.29786283 63 63 63
-0.08399813 -0.03592702 0.29792586 106 106 106
-0.05626375 -0.0469695 0.31030351 63 63 63
-0.04894261 -0.0170706 0.27239501 98 98 98
-0.05677058 -0.01792107 0.27215809 118 118 118
-0.0779905 -0.04249058 0.29774943 100 100 100
-0.06929152 -0.04106776 0.29851833 124 124 124
-0.08255281 -0.02213147 0.2713998 99 99 99
-0.05078236 -0.01672622 0.27244952 110 110 110
-0.06014275 -0.01831024 0.27215233 96 96 96
-0.06818743 -0.0187981 0.27191815 98 98 98
-0.07567443 -0.01897534 0.27171278 109 109 109
-0.08967812 -0.03301373 0.2843785 115 115 115
-0.05036007 -0.01679417 0.27254477 107 107 107
-0.05814693 -0.01758704 0.27231383 123 123 123
-0.06522802 -0.01765817 0.27209443 100 100 100
-0.07352047 -0.0178702 0.27185553 95 95 95
-0.08343885 -0.03602869 0.29787704 92 92 92
-0.05065689 -0.01659876 0.27263814 104 104 104
-0.05967541 -0.0181777 0.27233896 95 95 95
-0.06763286 -0.01860362 0.27211559 98 98 98
-0.07356291 -0.01790921 0.27191925 96 96 96
-0.06943545 -0.04099104 0.29843014 123 123 123
-0.04950738 -0.01678454 0.27275923 104 104 104
-0.0575082 -0.01771383 0.27248833 104 104 104
-0.06848858 -0.04112703 0.29852024 117 117 117
-0.07271733 -0.01797191 0.27204669 106 106 106
-0.06344247 -0.04485646 0.30932525 68 68 68
-0.0478906 -0.01672867 0.27289593 105 105 105
-0.05142584 -0.01405306 0.27278382 68 68 68
-0.06242614 -0.01800293 0.27242401 110 110 110
-0.08387102 -0.03613444 0.29776457 106 106 106
-0.08199991 -0.02235905 0.2718499 116 116 116
-0.06972457 -0.04083207 0.29833862 120 120 120
-0.04268979 -0.01497804 0.2731134 60 60 60
-0.05132353 -0.01432339 0.27287066 74 74 74
-0.06229539 -0.01803016 0.27251363 106 106 106
-0.06049674 -0.04406606 0.30227029 102 102 102
-0.08292295 -0.022318 0.27190202 112 112 112
-0.07962557 -0.04049984 0.30114862 111 111 111
-0.05254948 -0.04761411 0.31067723 103 103 103
-0.05095844 -0.0154939 0.27298829 89 89 89
-0.06110667 -0.0182294 0.27265784 109 109 109
-0.06824605 -0.01888347 0.27245587 92 92 92
-0.08284289 -0.0362992 0.29771641 71 71 71
-0.07832399 -0.04260955 0.29746661 98 98 98
-0.05299975 -0.04750249 0.31063095 107 107 107
-0.04931413 -0.01647343 0.27312317 107 107 107
-0.05762105 -0.01759847 0.27284369 113 113 113
-0.06320324 -0.01689531 0.27268589 109 109 109
-0.0562056 -0.0449652 0.30257601 95 95 95
-0.08224671 -0.02238688 0.27210599 118 118 118
-0.08429118 -0.03626286 0.29756272 112 112 112
-0.07219711 -0.04148942 0.29793006 96 96 96
-0.04983189 -0.01623361 0.27321079 96 96 96
-0.05943599 -0.01791744 0.27287406 109 109 109
-0.06580392 -0.01782335 0.27268592 105 105 105
-0.0728773 -0.01843883 0.2724596 96 96 96
-0.0834873 -0.02220017 0.27212155 109 109 109
-0.08028646 -0.04016232 0.3012214 113 113 113
-0.04872681 -0.04834732 0.31015325 69 69 69
-0.05091644 -0.01425101 0.27327254 70 70 70
-0.06196091 -0.01789363 0.27290061 112 112 112
-0.0828595 -0.03631089 0.29755783 77 77 77
-0.07652614 -0.01888879 0.27246749 119 119 119
-0.07010688 -0.04056858 0.29807284 116 116 116
-0.06003551 -0.04423695 0.30239189 106 106 106
-0.05199938 -0.01426548 0.27331623 58 58 58
-0.06237417 -0.01757758 0.27298823 111 111 111
-0.07135078 -0.04383948 0.3016144 113 113 113
-0.07696031 -0.01864764 0.27251774 115 115 115
-0.08475035 -0.03628954 0.2973505 111 111 111
-0.07314642 -0.04085178 0.2977275 104 104 104
-0.0426663 -0.01524243 0.27366808 53 53 53
-0.05830342 -0.0174699 0.27317429 110 110 110
-0.06311601 -0.01632243 0.27306631 97 97 97
-0.07285655 -0.01877878 0.27276754 92 92 92
-0.08371946 -0.02227863 0.27237591 108 108 108
-0.04780163 -0.04712052 0.30318391 87 87 87
-0.04375177 -0.01482073 0.27375644 78 78 78
-0.06038937 -0.01783083 0.27321547 97 97 97
-0.06813426 -0.01878737 0.27297089 92 92 92
-0.07569869 -0.01963784 0.27272975 110 110 110
-0.06911712 -0.04075024 0.29797184 102 102 102
-0.07129291 -0.04378474 0.30170029 113 113 113
-0.0423503 -0.01525432 0.27386579 57 57 57
-0.05978631 -0.01766179 0.27332598 102 102 102
-0.06766187 -0.01863902 0.27309722 97 97 97
-0.07514597 -0.01969874 0.27283829 116 116 116
-0.08394235 -0.02229091 0.27255189 109 109 109
-0.07900802 -0.04276736 0.296983 103 103 103
-0.06415576 -0.04229464 0.29811078 87 87 87
-0.05987037 -0.01761801 0.27340037 101 101 101
-0.06764823 -0.01862184 0.27317348 97 97 97
-0.07706108 -0.01891075 0.27285805 128 128 128
-0.08564008 -0.03578806 0.29706234 113 113 113
-0.074296 -0.04091076 0.29739702 108 108 108
-0.05281222 -0.01445261 0.27372402 59 59 59
-0.06283023 -0.01626687 0.27341703 98 98 98
-0.07293226 -0.01897773 0.27308866 101 101 101
-0.08288884 -0.02227809 0.27275243 112 112 112
-0.07175925 -0.04382019 0.30175492 112 112 112
-0.05200703 -0.0144425 0.27385604 58 58 58
-0.06248976 -0.01667185 0.2735143 100 100 100
-0.0705494 -0.01764864 0.27324536 120 120 120
-0.08142622 -0.02191074 0.27288285 106 106 106
-0.08036316 -0.03989012 0.30148673 113 113 113
-0.04421586 -0.01492572 0.27422297 65 65 65
-0.05999354 -0.01738854 0.27368072 99 99 99
-0.08424567 -0.03697829 0.2969985 108 108 108
-0.07424866 -0.01941286 0.27320984 109 109 109
-0.08296328 -0.02223707 0.27292046 106 106 106
-0.04367403 -0.01513441 0.27428344 55 55 55
-0.05791521 -0.01703383 0.27382591 101 101 101
-0.06281493 -0.01547222 0.27372572 94 94 94
-0.07513504 -0.01965646 0.27328816 109 109 109
-0.04323834 -0.04659779 0.30373806 48 48 48
-0.04514671 -0.01478166 0.27435055 69 69 69
-0.06042406 -0.01723339 0.27381912 93 93 93
-0.06882481 -0.01855386 0.27357352 110 110 110
-0.07654747 -0.01933836 0.27333167 149 149 149
-0.085352 -0.03635766 0.29686534 113 113 113
-0.04381698 -0.01514441 0.27445725 60 60 60
-0.05211646 -0.01452 0.27423099 56 56 56
-0.06266987 -0.01556122 0.27387586 98 98 98
-0.07402412 -0.01936828 0.27348447 97 97 97
-0.0830152 -0.0221705 0.27317083 112 112 112
-0.04330589 -0.01512298 0.27456623 53 53 53
-0.05097212 -0.01445833 0.27434844 55 55 55
-0.06224703 -0.01627296 0.27395836 98 98 98
-0.07056823 -0.01715026 0.27374002 103 103 103
-0.08201879 -0.02189439 0.2732963 105 105 105
-0.07750803 -0.03953512 0.30186453 95 95 95
-0.04695338 -0.01463329 0.2745373 66 66 66
-0.05366465 -0.01444313 0.27434796 59 59 59
-0.06849753 -0.01842262 0.27384833 99 99 99
-0.08065619 -0.03960248 0.30155838 109 109 109
-0.0808946 -0.03928994 0.30161357 100 100 100
-0.04759466 -0.01468892 0.27465141 67 67 67
-0.05355242 -0.0145494 0.27444282 58 58 58
-0.06793037 -0.01831622 0.27397588 99 99 99
-0.07511922 -0.01953995 0.27370426 94 94 94
-0.08834888 -0.03315424 0.29684138 70 70 70
-0.04439279 -0.01510459 0.27480361 62 62 62
-0.0499483 -0.01455482 0.27464783 60 60 60
-0.0613174 -0.01641713 0.2742717 97 97 97
-0.0699255 -0.01771618 0.27399531 98 98 98
-0.07715946 -0.0189057 0.27374053 132 132 132
-0.08979047 -0.03304592 0.28454262 124 124 124
-0.0495266 -0.01463969 0.27476397 60 60 60
-0.0607477 -0.01644009 0.27438706 94 94 94
-0.06935716 -0.01800773 0.27408946 107 107 107
-0.07667609 -0.01912576 0.27384096 131 131 131
-0.04945102 -0.04662498 0.30337176 98 98 98
-0.0477545 -0.01481718 0.27492228 66 66 66
-0.05364979 -0.01465945 0.27472487 56 56 56
-0.06363766 -0.01538562 0.27437791 61 61 61
-0.07515803 -0.01944431 0.27396813 115 115 115
-0.05294472 -0.0456532 0.30313665 123 123 123
-0.06391393 -0.0447709 0.30920759 87 87 87
-0.04941581 -0.01469538 0.27494466 59 59 59
-0.06027142 -0.01629819 0.27457604 95 95 95
-0.06923698 -0.0178721 0.27427304 103 103 103
-0.07653033 -0.01908652 0.27401915 130 130 130
-0.08460935 -0.03710794 0.29670325 123 123 123
-0.06213988 -0.04521353 0.30933112 64 64 64
-0.04949957 -0.01469974 0.27503282 58 58 58
-0.06007518 -0.01621216 0.27467477 93 93 93
-0.06917156 -0.01779983 0.27436689 100 100 100
-0.07649588 -0.01904765 0.27410945 126 126 126
-0.07576143 -0.04003616 0.30198684 81 81 81
-0.04898007 -0.01473806 0.27513912 58 58 58
-0.05921198 -0.01615391 0.27478251 97 97 97
-0.06854331 -0.01785095 0.27444133 96 96 96
-0.07603098 -0.0191599 0.27421188 125 125 125
-0.08039314 -0.03968521 0.30166996 110 110 110
-0.04759312 -0.0148262 0.27525723 61 61 61
-0.05360272 -0.01474462 0.27507111 53 53 53
-0.06320225 -0.01535427 0.2747567 59 59 59
-0.07481495 -0.01929547 0.27432999 113 113 113
-0.05459528 -0.04744791 0.30973092 117 117 117
-0.04951633 -0.01466788 0.27530208 56 56 56
-0.05972008 -0.01593189 0.27495611 96 96 96
-0.06897054 -0.01757225 0.27464077 96 96 96
-0.07646577 -0.0188835 0.27437493 122 122 122
-0.05223772 -0.04839762 0.30981806 115 115 115
-0.05080235 -0.0144878 0.27534956 55 55 55
-0.06088118 -0.01555008 0.27502325 97 97 97
-0.06989305 -0.01691883 0.27469045 100 100 100
-0.08111886 -0.0213235 0.2742739 109 109 109
-0.04508346 -0.01469587 0.27560908 60 60 60
-0.05325224 -0.01465244 0.27536628 54 54 54
-0.06336485 -0.01544857 0.27501634 54 54 54
-0.07470607 -0.01916503 0.27459282 112 112 112
-0.04783933 -0.04750648 0.30344439 79 79 79
-0.05342695 -0.01468827 0.27546442 59 59 59
-0.06387705 -0.01553386 0.27510715 53 53 53
-0.07527988 -0.01906034 0.27466625 116 116 116
-0.05344782 -0.04586445 0.30309311 111 111 111
-0.05381785 -0.01478852 0.27550983 58 58 58
-0.06423005 -0.01557751 0.27515247 55 55 55
-0.07551685 -0.01895398 0.27475309 116 116 116
-0.07210538 -0.04370099 0.30198354 117 117 117
-0.05507933 -0.01478148 0.27562484 51 51 51
-0.06860072 -0.01715375 0.27507213 93 93 93
-0.07626692 -0.0186518 0.27481705 113 113 113
-0.07727548 -0.03968567 0.30198884 64 64 64
-0.06071561 -0.01498382 0.27547717 93 93 93
-0.06998125 -0.01625592 0.27513507 91 91 91
-0.08188293 -0.02133256 0.27467543 112 112 112
-0.05299096 -0.01447887 0.27583992 54 54 54
-0.06458059 -0.01559892 0.27537918 59 59 59
-0.07549624 -0.01879048 0.27500808 111 111 111
-0.08009231 -0.03970091 0.30179644 108 108 108
-0.06045906 -0.01486384 0.2756502 89 89 89
-0.07051155 -0.01643069 0.27529263 63 63 63
-0.08207942 -0.02134091 0.27485389 108 108 108
-0.05984462 -0.01490127 0.275749 89 89 89
-0.06962017 -0.01624479 0.27540326 90 90 90
-0.08141468 -0.02116373 0.2749432 102 102 102
-0.0599 -0.01472649 0.27587169 91 91 91
-0.06985486 -0.01624893 0.27550682 72 72 72
-0.08164535 -0.02118805 0.27502206 103 103 103
-0.05613602 -0.01500201 0.27606869 57 57 57
-0.06468299 -0.01568358 0.27574015 60 60 60
-0.07455294 -0.01862545 0.27539691 96 96 96
-0.07913492 -0.04252266 0.29634249 105 105 105
-0.07109179 -0.04347743 0.30216032 112 112 112
-0.07630692 -0.04012035 0.30208233 70 70 70
-0.06921404 -0.01616647 0.2756938 85 85 85
-0.07712936 -0.03988207 0.30203557 67 67 67
-0.08825175 -0.03319715 0.29641831 66 66 66
-0.05084621 -0.01391075 0.27647737 53 53 53
-0.06839518 -0.01623478 0.27580771 85 85 85
-0.07635336 -0.01795865 0.27553597 107 107 107
-0.05067235 -0.04680451 0.30334905 99 99 99
-0.0507338 -0.01388374 0.27651927 53 53 53
-0.06596697 -0.01555868 0.2759909 67 67 67
-0.07648139 -0.01784991 0.27558994 100 100 100
-0.07341861 -0.04351243 0.30207989 127 127 127
-0.08095822 -0.03860917 0.30201864 93 93 93
-0.07196099 -0.04105757 0.29673293 109 109 109
-0.06627303 -0.01552289 0.27606106 67 67 67
-0.08034515 -0.02076447 0.275473 99 99 99
-0.05080002 -0.0469388 0.30337089 99 99 99
-0.06181308 -0.01536108 0.2763215 61 61 61
-0.06862755 -0.01606965 0.27607226 69 69 69
-0.04768318 -0.04869731 0.30991837 56 56 56
-0.07283077 -0.04356714 0.30218551 117 117 117
-0.08010712 -0.03934225 0.30205789 107 107 107
-0.06373089 -0.01550949 0.27634606 50 50 50
-0.07030658 -0.01650615 0.27610755 52 52 52
-0.08010769 -0.02062614 0.27568436 94 94 94
-0.0502978 -0.04702479 0.30342317 112 112 112
-0.06880341 -0.01617647 0.27623135 61 61 61
-0.07655699 -0.01810486 0.27593628 68 68 68
-0.06504019 -0.0461943 0.30261534 83 83 83
-0.07398147 -0.04315011 0.30222678 117 117 117
-0.06538175 -0.01588271 0.27645892 60 60 60
-0.07185557 -0.01687628 0.27622551 63 63 63
-0.08837152 -0.0331577 0.2959336 59 59 59
-0.05622693 -0.04703104 0.31046343 65 65 65
-0.06949467 -0.01637147 0.27640492 53 53 53
-0.0802226 -0.0206463 0.27595478 99 99 99
-0.08289769 -0.03829742 0.29579702 108 108 108
-0.07780178 -0.03932956 0.30240473 61 61 61
-0.06954388 -0.01637577 0.27647996 55 55 55
-0.08051476 -0.02073783 0.27601111 95 95 95
-0.08281493 -0.03836165 0.29573745 109 109 109
-0.07030999 -0.01650418 0.27655157 54 54 54
-0.04433599 -0.04590743 0.3044734 53 53 53
-0.07745193 -0.03977841 0.30245069 65 65 65
-0.08384373 -0.03840023 0.29556134 122 122 122
-0.06668113 -0.01605504 0.27676013 60 60 60
-0.07554265 -0.01804956 0.27643618 63 63 63
-0.08451349 -0.03831778 0.29544362 132 132 132
-0.06713342 -0.01612763 0.27682346 59 59 59
-0.07671281 -0.01858332 0.27645466 59 59 59
-0.07377984 -0.04311568 0.3025049 116 116 116
-0.08055323 -0.03819327 0.30250594 91 91 91
-0.08299351 -0.03865396 0.29540527 115 115 115
-0.07140268 -0.016992 0.2767843 56 56 56
-0.04425016 -0.04659165 0.30458045 49 49 49
-0.08261115 -0.03869346 0.29538459 113 113 113
-0.07908871 -0.04018427 0.29544654 96 96 96
-0.05964454 -0.04664886 0.3033112 82 82 82
-0.07754917 -0.03976437 0.30263254 64 64 64
-0.06911173 -0.01634369 0.27703267 53 53 53
-0.07941051 -0.020192 0.27658173 92 92 92
-0.08343648 -0.03875756 0.29521108 123 123 123
-0.07338404 -0.01755451 0.27699009 64 64 64
-0.04436482 -0.04648317 0.30464876 49 49 49
-0.08277506 -0.03885729 0.29520196 120 120 120
-0.07344428 -0.01762184 0.2770339 60 60 60
-0.06580538 -0.04644339 0.30295765 106 106 106
-0.07807323 -0.03928578 0.30274406 65 65 65
-0.08528434 -0.03822331 0.29497921 128 128 128
-0.07739681 -0.018556 0.27694023 61 61 61
-0.08145762 -0.03886218 0.29512507 118 118 118
-0.07657234 -0.0187784 0.27706045 52 52 52
-0.08798184 -0.03334192 0.29508364 62 62 62
-0.0593646 -0.04696018 0.30350322 99 99 99
-0.08022209 -0.02052337 0.27697214 92 92 92
-0.07390749 -0.04289582 0.30277309 117 117 117
-0.07363671 -0.01785191 0.27735716 55 55 55
-0.08809303 -0.03332096 0.29502076 64 64 64
-0.07858091 -0.0398446 0.2951231 95 95 95
-0.05359088 -0.04868549 0.30384135 113 113 113
-0.08091454 -0.03882285 0.29493302 116 116 116
-0.0626431 -0.04742024 0.30328515 97 97 97
-0.07625474 -0.0403466 0.30292284 71 71 71
-0.0797325 -0.0203123 0.27733791 97 97 97
-0.08310049 -0.03921489 0.29468304 121 121 121
-0.08516058 -0.03864789 0.29452977 132 132 132
-0.08295573 -0.03925036 0.29462388 121 121 121
-0.06586285 -0.04650597 0.30318865 124 124 124
-0.08791117 -0.03335231 0.29467523 65 65 65
-0.08019795 -0.03868371 0.29476914 105 105 105
-0.08831102 -0.03321255 0.29457021 69 69 69
-0.07830158 -0.03950481 0.29475439 97 97 97
-0.05402155 -0.04888659 0.3039684 98 98 98
-0.08837866 -0.03317087 0.29448184 68 68 68
-0.08216139 -0.03910809 0.29440713 96 96 96
-0.07925358 -0.03853928 0.30302578 71 71 71
-0.08540695 -0.03869722 0.29416791 128 128 128
-0.04464302 -0.04662511 0.30504522 50 50 50
-0.0608183 -0.04698 0.30371085 92 92 92
-0.08518995 -0.03893652 0.29410923 133 133 133
-0.06687036 -0.046503 0.3032645 121 121 121
-0.06431175 -0.04472734 0.3090876 97 97 97
-0.07770847 -0.01915502 0.27800938 69 69 69
-0.05460104 -0.04898546 0.30406791 111 111 111
-0.08437039 -0.03944358 0.29394352 133 133 133
-0.06646136 -0.04655545 0.30338502 131 131 131
-0.07637116 -0.04040685 0.30324385 65 65 65
-0.04434324 -0.04727759 0.30516803 52 52 52
-0.07957382 -0.02015338 0.27803361 106 106 106
-0.08491217 -0.03932212 0.29376391 129 129 129
-0.07275636 -0.04283608 0.30335981 114 114 114
-0.08521543 -0.03919402 0.29366383 132 132 132
-0.04991272 -0.04987567 0.30454373 110 110 110
-0.06278522 -0.04766561 0.30373481 97 97 97
-0.0838637 -0.03969681 0.29362485 135 135 135
-0.07543708 -0.04019454 0.30353332 100 100 100
-0.04442052 -0.0473242 0.30534598 52 52 52
-0.0599895 -0.04733808 0.30408949 115 115 115
-0.06990095 -0.04188943 0.30387908 63 63 63
-0.08371749 -0.03976285 0.29346293 132 132 132
-0.04463827 -0.04710621 0.30541956 53 53 53
-0.06044477 -0.0472794 0.30413947 108 108 108
-0.07219034 -0.04258944 0.30368677 116 116 116
-0.07821534 -0.0196856 0.27850899 62 62 62
-0.04982239 -0.04992278 0.30480221 110 110 110
-0.0603019 -0.04731162 0.30422464 107 107 107
-0.07014517 -0.0419189 0.30405894 66 66 66
-0.0836634 -0.03979724 0.29313296 125 125 125
-0.04945011 -0.04989291 0.30492145 98 98 98
-0.06106697 -0.04731972 0.30424669 109 109 109
-0.07255052 -0.04250102 0.3038328 114 114 114
-0.08114094 -0.0216612 0.27865243 62 62 62
-0.05342867 -0.04918194 0.30476353 116 116 116
-0.06288587 -0.04775766 0.3041465 111 111 111
-0.07034869 -0.04193452 0.30418143 67 67 67
-0.08333205 -0.03974334 0.29284996 115 115 115
-0.08080795 -0.02162541 0.27882722 57 57 57
-0.06139031 -0.047435 0.30436584 108 108 108
-0.07066743 -0.04178565 0.30425745 69 69 69
-0.08413503 -0.03972454 0.29260388 120 120 120
-0.04469963 -0.04736956 0.30585954 57 57 57
-0.05948098 -0.04730611 0.304598 120 120 120
-0.06921258 -0.04218026 0.30438456 75 75 75
-0.08844808 -0.03021756 0.29288402 104 104 104
-0.07628928 -0.04047842 0.3039856 67 67 67
-0.0491125 -0.04981497 0.3052848 109 109 109
-0.06054124 -0.0472693 0.30463421 119 119 119
-0.07045246 -0.04204942 0.30441228 67 67 67
-0.08357622 -0.03965934 0.29234511 120 120 120
-0.08366372 -0.03964272 0.29221806 122 122 122
-0.05760416 -0.04668735 0.30506375 107 107 107
-0.06638246 -0.04638684 0.30432278 120 120 120
-0.07350697 -0.04204601 0.30424407 118 118 118
-0.08770433 -0.03227615 0.29236269 88 88 88
-0.05436619 -0.04923316 0.3051002 125 125 125
-0.06125323 -0.04741834 0.30472827 108 108 108
-0.07094488 -0.04174983 0.30456343 67 67 67
-0.07457981 -0.04118397 0.30436596 106 106 106
-0.08417692 -0.03961673 0.29188454 98 98 98
-0.05754436 -0.04639837 0.3052687 102 102 102
-0.066856 -0.04621651 0.30447781 125 125 125
-0.07023784 -0.04230589 0.30461231 66 66 66
-0.07598384 -0.04061043 0.30435637 69 69 69
-0.05141829 -0.05003322 0.30543536 100 100 100
-0.06086012 -0.04726497 0.30494803 120 120 120
-0.06587827 -0.04638943 0.30462548 120 120 120
-0.07420211 -0.04137845 0.3045378 115 115 115
-0.08025342 -0.02166952 0.2796962 46 46 46
-0.05479072 -0.04919937 0.30531728 131 131 131
-0.06087327 -0.04725533 0.30501971 120 120 120
-0.07098357 -0.04191492 0.30478734 68 68 68
-0.08133863 -0.02127598 0.27976236 59 59 59
-0.05003134 -0.04994082 0.30572087 108 108 108
-0.08079115 -0.02183161 0.27981243 51 51 51
-0.06239954 -0.04765623 0.30493617 110 110 110
-0.07299694 -0.04166787 0.30476135 107 107 107
-0.08763269 -0.0335651 0.2914705 106 106 106
-0.08784025 -0.03354986 0.29134679 107 107 107
-0.05548287 -0.04907735 0.3054198 116 116 116
-0.07004574 -0.04242186 0.30500492 66 66 66
-0.0900077 -0.03215134 0.28326774 110 110 110
-0.06475532 -0.04481359 0.30882081 106 106 106
-0.08755355 -0.03409813 0.29115275 107 107 107
-0.06195961 -0.04753472 0.30514321 116 116 116
-0.07162783 -0.04146728 0.30500492 67 67 67
-0.08791982 -0.03378784 0.29109553 109 109 109
-0.0498401 -0.04988484 0.30599838 108 108 108
-0.05439446 -0.04917488 0.30570009 129 129 129
-0.06662025 -0.04611982 0.30500844 136 136 136
-0.07420681 -0.04082922 0.30501881 92 92 92
-0.08805752 -0.03395584 0.29083139 110 110 110
-0.05064868 -0.04999435 0.306005 118 118 118
-0.06294934 -0.04756149 0.30523971 123 123 123
-0.07395006 -0.04089483 0.30510497 106 106 106
-0.05356116 -0.04811327 0.30965286 125 125 125
-0.05088335 -0.04999506 0.30606943 122 122 122
-0.06311423 -0.04750893 0.3053169 128 128 128
-0.08738654 -0.03503238 0.29052407 113 113 113
-0.08819333 -0.03422507 0.29046482 114 114 114
-0.05006545 -0.0498852 0.30623496 111 111 111
-0.06256206 -0.04751709 0.30544564 117 117 117
-0.08692919 -0.03536372 0.2903761 107 107 107
-0.0894706 -0.02885361 0.29057711 63 63 63
-0.05206009 -0.04990302 0.30614311 108 108 108
-0.05995601 -0.04693716 0.3058255 115 115 115
-0.07218635 -0.04129063 0.30547553 62 62 62
-0.04912379 -0.04964193 0.3065272 110 110 110
-0.08661056 -0.03572815 0.29003176 102 102 102
-0.06372466 -0.04725836 0.30554682 120 120 120
-0.08751253 -0.03566877 0.28990081 125 125 125
-0.08780388 -0.03551282 0.28980654 124 124 124
-0.0624483 -0.04741851 0.30571979 116 116 116
-0.07482847 -0.04078911 0.30541828 68 68 68
-0.04563859 -0.04754685 0.30720356 60 60 60
-0.05984509 -0.04683192 0.3060829 118 118 118
-0.07262336 -0.04123854 0.30565709 66 66 66
-0.08772131 -0.03590606 0.28946188 125 125 125
-0.05454336 -0.04901502 0.30638316 132 132 132
-0.06648256 -0.04588653 0.30572626 135 135 135
-0.08804289 -0.03569422 0.28929436 120 120 120
-0.05404002 -0.04906165 0.30650905 120 120 120
-0.06599636 -0.0459502 0.3058553 122 122 122
-0.0741991 -0.04092466 0.3057282 67 67 67
-0.05410088 -0.04902979 0.30658582 119 119 119
-0.06614639 -0.04588982 0.30592173 135 135 135
-0.08733239 -0.03643316 0.28895444 122 122 122
-0.05525564 -0.04885001 0.30658734 116 116 116
-0.06714942 -0.04558991 0.30595332 125 125 125
-0.05099266 -0.04980537 0.30693123 119 119 119
-0.06229036 -0.04716885 0.30626532 114 114 114
-0.0879463 -0.03629515 0.28860861 125 125 125
-0.05431099 -0.04892852 0.30683967 132 132 132
-0.06607844 -0.04580414 0.3061972 122 122 122
-0.05171158 -0.04973814 0.30705315 125 125 125
-0.05759319 -0.04512833 0.30707428 65 65 65
-0.06725509 -0.04543763 0.30622903 125 125 125
-0.05397775 -0.0489576 0.30703044 119 119 119
-0.06378546 -0.04688713 0.30642292 116 116 116
-0.04607005 -0.04787967 0.30792564 59 59 59
-0.05540572 -0.04867727 0.30703992 133 133 133
-0.06614928 -0.04569028 0.3064599 134 134 134
-0.05183569 -0.04964539 0.30730742 126 126 126
-0.05738046 -0.04527665 0.30733526 68 68 68
-0.06666134 -0.04553584 0.3065137 133 133 133
-0.05229663 -0.04953687 0.30736542 131 131 131
-0.05813769 -0.04530085 0.30737311 63 63 63
-0.06728724 -0.04526905 0.30658215 134 134 134
-0.08957413 -0.03079988 0.28158599 118 118 118
-0.06202485 -0.04683542 0.30690485 112 112 112
-0.06725577 -0.04524053 0.30667204 133 133 133
-0.05194577 -0.04954562 0.3075662 129 129 129
-0.0580814 -0.04550599 0.30755273 64 64 64
-0.06681474 -0.04536524 0.30677751 132 132 132
-0.0514939 -0.04955977 0.30768794 123 123 123
-0.05784357 -0.04557496 0.3076224 65 65 65
-0.06644252 -0.04544007 0.3068811 129 129 129
-0.05088374 -0.04953286 0.30782679 115 115 115
-0.0558535 -0.04823936 0.30757427 131 131 131
-0.06428984 -0.04641061 0.30704027 116 116 116
-0.06856386 -0.04392168 0.30700892 109 109 109
-0.05270965 -0.04927009 0.30779266 116 116 116
-0.06189241 -0.04660708 0.30727991 110 110 110
-0.06654556 -0.04532545 0.30705589 130 130 130
-0.04631529 -0.04826316 0.30850965 60 60 60
-0.0542117 -0.04866496 0.3078205 132 132 132
-0.0625974 -0.0466229 0.30731401 114 114 114
-0.06707411 -0.04507351 0.30712944 127 127 127
-0.04700882 -0.04778793 0.30862036 63 63 63
-0.05511462 -0.04843809 0.30786234 132 132 132
-0.06355844 -0.046478 0.30734566 121 121 121
-0.06747342 -0.04480167 0.30722207 126 126 126
-0.05058952 -0.04937644 0.30818999 118 118 118
-0.05516749 -0.04837878 0.30795044 131 131 131
-0.06395664 -0.04632263 0.30741745 125 125 125
-0.06773619 -0.04451406 0.3073442 123 123 123
-0.05039679 -0.04931695 0.30829757 114 114 114
-0.05580958 -0.04797809 0.3080247 130 130 130
-0.0631642 -0.04642267 0.30755016 117 117 117
-0.06716833 -0.04483873 0.3074109 123 123 123
-0.08976121 -0.03145178 0.28231418 97 97 97
-0.05501116 -0.04834632 0.30813548 131 131 131
-0.06367407 -0.04626686 0.30761307 122 122 122
-0.06753097 -0.0445253 0.30751324 121 121 121
-0.04682999 -0.04833562 0.30891326 61 61 61
-0.05444322 -0.04846105 0.30824482 133 133 133
-0.06238047 -0.04632182 0.30777705 117 117 117
-0.0666133 -0.04496282 0.30761653 124 124 124
-0.04721825 -0.04812063 0.30899799 65 65 65
-0.05502371 -0.04825097 0.30831629 129 129 129
-0.05965722 -0.04537909 0.30823684 70 70 70
-0.08991538 -0.03126782 0.28638867 121 121 121
-0.09007795 -0.03110435 0.28629807 123 123 123
-0.0531185 -0.04884752 0.30849892 129 129 129
-0.0584581 -0.04595527 0.30833527 58 58 58
-0.06484617 -0.0456606 0.30785027 124 124 124
-0.09009235 -0.03125042 0.28620374 119 119 119
-0.0530938 -0.04881947 0.30858597 118 118 118
-0.0582099 -0.04605698 0.30845252 58 58 58
-0.06390692 -0.04595203 0.30796903 120 120 120
-0.06737147 -0.04426642 0.3078818 110 110 110
-0.0469906 -0.04848453 0.30921087 59 59 59
-0.0543302 -0.04836598 0.30859643 120 120 120
-0.06006089 -0.04537539 0.30846956 73 73 73
-0.06656925 -0.04469924 0.30799264 121 121 121
-0.08899215 -0.0347384 0.28582886 101 101 101
-0.05293537 -0.04879512 0.30876651 129 129 129
-0.05906642 -0.04596928 0.30854687 56 56 56
-0.08964315 -0.03314117 0.28481534 113 113 113
-0.06758022 -0.0438151 0.30807579 86 86 86
-0.05106341 -0.04900275 0.30899191 112 112 112
-0.05547431 -0.04769282 0.30876729 126 126 126
-0.06368756 -0.04498256 0.30904651 96 96 96
-0.06594303 -0.04486111 0.30819672 120 120 120
-0.05255676 -0.04797857 0.31120136 66 66 66
-0.05294888 -0.04870867 0.3089503 127 127 127
-0.08992057 -0.03188762 0.28286567 105 105 105
-0.06505212 -0.04521068 0.30831915 115 115 115
-0.06124242 -0.04544244 0.30916137 61 61 61
-0.04769031 -0.04836668 0.30952615 62 62 62
-0.05459667 -0.04808625 0.30896854 127 127 127
-0.06277006 -0.04571139 0.30851668 112 112 112
-0.09005177 -0.03246596 0.28547385 120 120 120
-0.06709695 -0.04399643 0.30835044 98 98 98
-0.0470812 -0.04869105 0.30962306 68 68 68
-0.05278187 -0.04867198 0.30914059 124 124 124
-0.05961528 -0.04596207 0.30884099 58 58 58
-0.065377 -0.04486483 0.30849969 112 112 112
-0.08963557 -0.03314198 0.2848883 111 111 111
-0.05130571 -0.04878971 0.30934492 111 111 111
-0.05546211 -0.04725241 0.30919158 110 110 110
-0.06392585 -0.04532562 0.30865377 104 104 104
-0.08986813 -0.03285047 0.28526661 124 124 124
-0.06349109 -0.04512441 0.30896813 109 109 109
-0.05323941 -0.04845424 0.30930048 126 126 126
-0.05997708 -0.0459002 0.30895096 58 58 58
-0.06357052 -0.04530915 0.30876932 112 112 112
-0.05358488 -0.04738593 0.31096497 73 73 73
-0.05428235 -0.04791559 0.30944967 123 123 123
-0.05212222 -0.04860013 0.3095428 117 117 117
-0.05197605 -0.04867295 0.3094559 115 115 115
-0.05564462 -0.04666154 0.30938756 104 104 104
-0.06475095 -0.04576145 0.30236259 111 111 111
-0.06448943 -0.04552755 0.30235291 113 113 113
-0.0812161 -0.02156121 0.27091745 120 120 120
-0.08148824 -0.02199499 0.2712484 105 105 105
-0.08187059 -0.02227489 0.27154863 105 105 105
-0.08134293 -0.0219862 0.27145031 114 114 114
-0.08629711 -0.02483354 0.27428004 90 90 90
-0.08048528 -0.02108855 0.27123147 118 118 118
-0.06532988 -0.04596097 0.30226418 102 102 102
-0.08133548 -0.02201567 0.27174753 105 105 105
-0.08102985 -0.02175606 0.27167732 96 96 96
-0.04019392 -0.01483884 0.27051538 53 53 53
-0.0651535 -0.04567516 0.3021386 100 100 100
-0.08718231 -0.02565005 0.27528629 101 101 101
-0.08148815 -0.02209021 0.27213857 112 112 112
-0.08706991 -0.02567579 0.27530929 109 109 109
-0.08367245 -0.02249122 0.2735582 111 111 111
-0.05871236 -0.0434707 0.29968145 101 101 101
-0.08370304 -0.02252205 0.27366355 113 113 113
-0.06537654 -0.04583042 0.30214804 105 105 105
-0.07869579 -0.01795216 0.27111256 114 114 114
-0.08504744 -0.02421937 0.27444759 114 114 114
-0.0783232 -0.01807204 0.27097353 110 110 110
-0.08397604 -0.02260751 0.27404383 124 124 124
-0.05850198 -0.04336186 0.29965702 113 113 113
-0.06239348 -0.04249276 0.30097884 136 136 136
-0.08304936 -0.02210923 0.27361923 112 112 112
-0.08763401 -0.02616744 0.27610642 113 113 113
-0.08165769 -0.02201398 0.27286103 108 108 108
-0.08687054 -0.02573263 0.27576023 104 104 104
-0.06420045 -0.04389978 0.30168861 123 123 123
-0.08081706 -0.02151507 0.27248588 101 101 101
-0.08613691 -0.02511861 0.27547741 103 103 103
-0.07955009 -0.0204455 0.27188841 108 108 108
-0.08361334 -0.02249199 0.2742444 119 119 119
-0.06582074 -0.04595343 0.30211142 91 91 91
-0.07781518 -0.01817267 0.27114081 120 120 120
-0.08306701 -0.02211492 0.27403855 113 113 113
-0.08777333 -0.02638179 0.27655882 115 115 115
-0.06264226 -0.0425062 0.30082667 137 137 137
-0.07944529 -0.02039018 0.27204421 109 109 109
-0.08394223 -0.0224312 0.27464703 110 110 110
-0.06535909 -0.04515858 0.30180058 101 101 101
-0.06599388 -0.04579604 0.30195126 88 88 88
-0.05982995 -0.04245065 0.29884562 93 93 93
-0.08285645 -0.02192512 0.27413085 114 114 114
-0.08773556 -0.02633187 0.27673459 119 119 119
-0.06203233 -0.04222155 0.30019504 127 127 127
-0.08118729 -0.02170015 0.27320421 105 105 105
-0.0864239 -0.02526341 0.27613184 103 103 103
-0.06330599 -0.04280823 0.30076706 143 143 143
-0.06321461 -0.04277549 0.30063221 139 139 139
-0.07986817 -0.02074495 0.27257854 105 105 105
-0.08491294 -0.02390542 0.27542591 107 107 107
-0.06311107 -0.0463858 0.30270848 94 94 94
-0.06598451 -0.0452077 0.30162281 86 86 86
-0.07767604 -0.0181861 0.2715916 134 134 134
-0.08302557 -0.02207725 0.274526 122 122 122
-0.08768764 -0.02621594 0.27703258 108 108 108
-0.0620256 -0.04207978 0.29974249 122 122 122
-0.06311866 -0.04266695 0.3001895 126 126 126
-0.08107477 -0.02157097 0.27345592 105 105 105
-0.08631518 -0.02508716 0.27638596 102 102 102
-0.06299836 -0.04256474 0.3000398 125 125 125
-0.06344218 -0.04279247 0.30015457 133 133 133
-0.08085911 -0.02144218 0.27343452 105 105 105
-0.08607681 -0.02483575 0.27635276 110 110 110
-0.06274481 -0.04226777 0.29975033 123 123 123
-0.07497623 -0.01841892 0.27018708 97 97 97
-0.08110964 -0.02152119 0.27368322 114 114 114
-0.08627378 -0.02499492 0.2765705 96 96 96
-0.06220233 -0.04189306 0.29929623 112 112 112
-0.07359587 -0.01730558 0.26953211 112 112 112
-0.0794824 -0.02045388 0.27288106 105 105 105
-0.08439378 -0.02352476 0.27563819 112 112 112
-0.07065456 -0.04196703 0.30451971 66 66 66
-0.06020411 -0.04423146 0.30240226 98 98 98
-0.06369001 -0.04281454 0.29970998 124 124 124
-0.0775336 -0.01826316 0.27200991 117 117 117
-0.08237965 -0.02151403 0.27469057 116 116 116
-0.08692562 -0.02559167 0.27709511 116 116 116
-0.07018892 -0.04189336 0.30405226 66 66 66
-0.06037667 -0.04468653 0.30257267 104 104 104
-0.06309813 -0.04232101 0.29925925 112 112 112
-0.07891859 -0.01998732 0.27278447 123 123 123
-0.08409815 -0.0233291 0.27571741 122 122 122
-0.05963035 -0.04407329 0.30240911 112 112 112
-0.06406329 -0.04292973 0.2996223 128 128 128
-0.0715874 -0.04158042 0.30471048 93 93 93
-0.06560402 -0.04266465 0.30058572 140 140 140
-0.08123046 -0.02138543 0.27417329 110 110 110
-0.08558816 -0.02426871 0.2766217 107 107 107
-0.06250229 -0.04752659 0.30352125 99 99 99
-0.06353022 -0.04258874 0.29916519 111 111 111
-0.06167025 -0.04693624 0.30328825 114 114 114
-0.08097395 -0.02132575 0.27411905 110 110 110
-0.08604237 -0.02469486 0.2769649 106 106 106
-0.07075647 -0.04210177 0.30384651 99 99 99
-0.05803419 -0.04389264 0.30185589 119 119 119
-0.07082875 -0.04218965 0.30378535 105 105 105
-0.07340562 -0.01723214 0.26992837 100 100 100
-0.08003229 -0.020811 0.27369392 107 107 107
-0.08520472 -0.02388087 0.2766248 102 102 102
-0.06212486 -0.04745991 0.30359983 102 102 102
-0.07011963 -0.04236842 0.30318975 91 91 91
-0.06088584 -0.04616209 0.30325779 95 95 95
-0.07880078 -0.01988943 0.2731204 123 123 123
-0.08412251 -0.02330668 0.27609491 122 122 122
-0.07307693 -0.0410331 0.30530682 102 102 102
-0.06997626 -0.04247735 0.3029761 89 89 89
-0.06078457 -0.04621952 0.3032769 101 101 101
-0.07109758 -0.04243521 0.30361256 113 113 113
-0.06385558 -0.04264404 0.2988587 108 108 108
-0.07771555 -0.01862697 0.27270898 130 130 130
-0.08320635 -0.02174001 0.27578309 118 118 118
-0.08866064 -0.02828603 0.27854761 121 121 121
-0.07176331 -0.04235597 0.30392134 117 117 117
-0.06584182 -0.04245894 0.30007535 153 153 153
-0.07366876 -0.01754966 0.27037716 119 119 119
-0.08026352 -0.02092781 0.27413505 98 98 98
-0.08511876 -0.0237814 0.27688068 104 104 104
-0.07238069 -0.04213495 0.3042706 118 118 118
-0.06697327 -0.04348154 0.30045271 109 109 109
-0.06123907 -0.04708965 0.30366114 115 115 115
-0.07064697 -0.0428272 0.30291727 119 119 119
-0.07475162 -0.01842025 0.27107486 102 102 102
-0.0789656 -0.02002095 0.27350488 124 124 124
-0.08405001 -0.02323571 0.276342 119 119 119
-0.0543734 -0.04415134 0.30011216 101 101 101
-0.07172587 -0.04266457 0.3035028 116 116 116
-0.06630727 -0.04255616 0.30006042 117 117 117
-0.07509577 -0.01864606 0.27136225 110 110 110
-0.07946719 -0.02036795 0.27390662 105 105 105
-0.08491829 -0.02361116 0.2769753 105 105 105
-0.07263921 -0.04232478 0.30406705 114 114 114
-0.06938826 -0.04310273 0.30183539 93 93 93
-0.05807125 -0.04465292 0.30257553 90 90 90
-0.07331085 -0.01724593 0.27049348 119 119 119
-0.0772853 -0.01879881 0.27281377 127 127 127
-0.08180097 -0.02116966 0.27540725 108 108 108
-0.08707495 -0.02733811 0.27801046 141 141 141
-0.06385562 -0.04231646 0.29834962 87 87 87
-0.07195885 -0.04281833 0.30332926 120 120 120
-0.067215 -0.04323586 0.30016816 110 110 110
-0.07426924 -0.01818266 0.27109241 101 101 101
-0.08059265 -0.0210103 0.27473959 104 104 104
-0.08701766 -0.02730485 0.27810049 124 124 124
-0.05919669 -0.04613717 0.30305648 87 87 87
-0.06972428 -0.04336888 0.30170879 118 118 118
-0.05758505 -0.04457942 0.30259269 114 114 114
-0.07079492 -0.04332539 0.30228704 118 118 118
-0.07523922 -0.01892983 0.27173048 109 109 109
-0.07979905 -0.02058338 0.27439606 97 97 97
-0.08418551 -0.02320255 0.27686968 120 120 120
-0.05368147 -0.04422437 0.30024648 109 109 109
-0.07099095 -0.0433581 0.3023046 112 112 112
-0.06431118 -0.04243033 0.29819813 95 95 95
-0.07567394 -0.01924714 0.27206868 108 108 108
-0.05771778 -0.04490155 0.30279198 109 109 109
-0.08552556 -0.02414253 0.27771148 121 121 121
-0.07174687 -0.0432155 0.30270973 112 112 112
-0.0672328 -0.04279553 0.29988667 101 101 101
-0.08347709 -0.03832528 0.29569733 111 111 111
-0.06925481 -0.04329972 0.3009477 134 134 134
-0.07401818 -0.01807961 0.27125818 106 106 106
-0.08008219 -0.02074859 0.27476752 99 99 99
-0.08571999 -0.0243066 0.27790973 124 124 124
-0.05840427 -0.04598987 0.3031016 107 107 107
-0.07005522 -0.04363822 0.30129579 130 130 130
-0.0580508 -0.04567419 0.30308399 107 107 107
-0.07291594 -0.01715894 0.27076313 104 104 104
-0.06919344 -0.0431863 0.30073947 122 122 122
-0.08182735 -0.02112113 0.27591902 103 103 103
-0.08735754 -0.02769873 0.27866459 112 112 112
-0.05855983 -0.04644739 0.30330202 103 103 103
-0.0695854 -0.04343284 0.30082515 117 117 117
-0.07399336 -0.01808414 0.2714465 105 105 105
-0.07770799 -0.0184755 0.27374756 114 114 114
-0.08210402 -0.02119038 0.27618438 115 115 115
-0.08730086 -0.02764121 0.27873424 112 112 112
-0.06865832 -0.04246389 0.30038887 131 131 131
-0.07548261 -0.04072531 0.3050712 67 67 67
-0.06468487 -0.0421094 0.29781067 99 99 99
-0.07258706 -0.01719381 0.27078497 103 103 103
-0.07925198 -0.02018966 0.27460939 107 107 107
-0.08478999 -0.02353509 0.27772141 116 116 116
-0.07551207 -0.04071006 0.30498779 67 67 67
-0.05366817 -0.04482557 0.30088857 110 110 110
-0.06168814 -0.0474453 0.30532807 122 122 122
-0.05326976 -0.04459651 0.30079621 109 109 109
-0.06120853 -0.04736106 0.30515304 119 119 119
-0.07726073 -0.01889315 0.27361017 131 131 131
-0.08349809 -0.0228467 0.27706838 124 124 124
-0.08858236 -0.0290129 0.27960032 108 108 108
-0.0534236 -0.04479394 0.30094355 104 104 104
-0.06151665 -0.04738072 0.30542302 119 119 119
-0.06822672 -0.01639104 0.26833248 79 79 79
-0.05637827 -0.0452903 0.30275673 105 105 105
-0.078968 -0.02000477 0.27466175 134 134 134
-0.06158453 -0.04734568 0.30558988 121 121 121
-0.08822056 -0.0287862 0.27948335 110 110 110
-0.06999481 -0.0432989 0.30043951 106 106 106
-0.05665546 -0.04570542 0.30291855 131 131 131
-0.04579561 -0.01486262 0.27533951 61 61 61
-0.06818904 -0.04149872 0.29959053 118 118 118
-0.07892197 -0.01996935 0.27473831 127 127 127
-0.08445658 -0.02329152 0.2778427 111 111 111
-0.05230736 -0.0437931 0.30079645 115 115 115
-0.05923511 -0.04728449 0.30428627 121 121 121
-0.06167443 -0.04726769 0.30587101 118 118 118
-0.06836317 -0.01659632 0.26861817 87 87 87
-0.07404716 -0.01814852 0.27198833 117 117 117
-0.05581913 -0.04509536 0.30276743 110 110 110
-0.08532818 -0.02398104 0.27841052 124 124 124
-0.05859686 -0.04703443 0.30404624 122 122 122
-0.0701827 -0.04317785 0.30027223 115 115 115
-0.06838064 -0.01664744 0.26872987 95 95 95
-0.07313748 -0.01759914 0.27159324 100 100 100
-0.07727917 -0.01858927 0.27407551 122 122 122
-0.08161092 -0.02096038 0.27651316 108 108 108
-0.08694793 -0.02726741 0.27915394 110 110 110
-0.06147239 -0.04718103 0.30597436 117 117 117
-0.06858265 -0.04155932 0.29942918 102 102 102
-0.07384396 -0.01806908 0.27206603 114 114 114
-0.08170172 -0.02094552 0.27667588 112 112 112
-0.08733043 -0.02771414 0.27944979 112 112 112
-0.05929501 -0.04726847 0.30463821 121 121 121
-0.07557914 -0.04033339 0.30410403 67 67 67
-0.05212306 -0.04394338 0.30104989 90 90 90
-0.07531633 -0.0197103 0.2728993 120 120 120
-0.0796703 -0.02038983 0.27556488 97 97 97
-0.0839879 -0.02301629 0.27799004 115 115 115
-0.08900301 -0.0295539 0.2804122 97 97 97
-0.07077201 -0.04358251 0.3001599 117 117 117
-0.05271887 -0.04470699 0.30132377 103 103 103
-0.07479944 -0.01955842 0.27272657 127 127 127
-0.08728009 -0.03359185 0.29826608 58 58 58
-0.08666777 -0.02696479 0.27931175 105 105 105
-0.06067032 -0.04700251 0.30578369 117 117 117
-0.06877929 -0.04145709 0.29928544 121 121 121
-0.07327653 -0.01789958 0.27208433 98 98 98
-0.08138754 -0.0208521 0.27681392 111 111 111
-0.08696687 -0.02728813 0.27954301 108 108 108
-0.07573668 -0.04040984 0.30389729 61 61 61
-0.05898585 -0.04717555 0.30476597 125 125 125
-0.07037064 -0.0168729 0.27048406 107 107 107
-0.07485818 -0.01963893 0.27296981 117 117 117
-0.08206287 -0.0207575 0.27732751 106 106 106
-0.08849722 -0.02938744 0.28039122 111 111 111
-0.06657512 -0.01546121 0.26835468 114 114 114
-0.07365955 -0.01831815 0.27244747 112 112 112
-0.07927105 -0.02014285 0.27575767 93 93 93
-0.08393585 -0.02298257 0.27836412 114 114 114
-0.0889181 -0.02965878 0.28071019 125 125 125
-0.0759337 -0.04048844 0.30378848 68 68 68
-0.06858653 -0.04128968 0.29894117 123 123 123
-0.07709446 -0.01819848 0.27471533 113 113 113
-0.08372565 -0.02287495 0.27834433 113 113 113
-0.05192057 -0.04404652 0.30128053 95 95 95
-0.06639398 -0.01541174 0.26843131 111 111 111
-0.07043596 -0.01704865 0.27077919 102 102 102
-0.05967086 -0.04706358 0.305437 117 117 117
-0.07898854 -0.01996864 0.27580798 106 106 106
-0.08359406 -0.02281419 0.2783699 111 111 111
-0.08843445 -0.02939254 0.28063089 109 109 109
-0.04189557 -0.01530341 0.27292344 57 57 57
-0.04536819 -0.01493205 0.27519453 62 62 62
-0.07340178 -0.01853085 0.2725597 96 96 96
-0.07697726 -0.01816569 0.27486181 115 115 115
-0.08353977 -0.0227897 0.27844107 118 118 118
-0.05827061 -0.0468004 0.30471012 108 108 108
-0.06188149 -0.0467214 0.3070747 111 111 111
-0.07607119 -0.04045865 0.30359223 67 67 67
-0.06949293 -0.04125675 0.29919282 144 144 144
-0.07975615 -0.02037949 0.27645156 96 96 96
-0.08812874 -0.02909474 0.2806986 105 105 105
-0.05969641 -0.0469715 0.30567369 116 116 116
-0.06607655 -0.01534067 0.2685681 106 106 106
-0.07047686 -0.0173275 0.27108413 91 91 91
-0.06938857 -0.04123487 0.29905054 153 153 153
-0.08358672 -0.02282223 0.27867395 113 113 113
-0.05274258 -0.04502881 0.30184969 110 110 110
-0.06020407 -0.0468342 0.30614763 114 114 114
-0.06593046 -0.01527996 0.26856282 109 109 109
-0.06998137 -0.01694552 0.27093926 104 104 104
-0.07674924 -0.0181724 0.27503043 112 112 112
-0.08410475 -0.02316493 0.27906388 107 107 107
-0.07606827 -0.04039324 0.30327806 67 67 67
-0.06701316 -0.01601141 0.26927084 98 98 98
-0.0729401 -0.01874165 0.27270043 92 92 92
-0.06151923 -0.04663883 0.30714425 110 110 110
-0.08099601 -0.02060749 0.27755007 108 108 108
-0.06285416 -0.04595147 0.30824876 121 121 121
-0.05168809 -0.04428967 0.30157954 110 110 110
-0.05895088 -0.04684779 0.30553705 125 125 125
-0.07315984 -0.01894201 0.27289829 99 99 99
-0.07664252 -0.0181017 0.27518281 111 111 111
-0.08212621 -0.02130567 0.27822918 68 68 68
-0.08798771 -0.02898744 0.28101018 106 106 106
-0.0526058 -0.04507176 0.30205673 114 114 114
-0.07241166 -0.01846206 0.27260053 113 113 113
-0.07689843 -0.01774708 0.27548724 94 94 94
-0.08303952 -0.02253894 0.27879488 129 129 129
-0.08803301 -0.02905658 0.28112105 106 106 106
-0.07182894 -0.04389961 0.29943258 124 124 124
-0.04348605 -0.01487876 0.27369347 65 65 65
-0.0420845 -0.01517347 0.27274114 56 56 56
-0.07681593 -0.01776746 0.27550766 98 98 98
-0.0816193 -0.02143848 0.27813822 63 63 63
-0.07225041 -0.04415604 0.2995742 125 125 125
-0.06006461 -0.04666607 0.30653802 116 116 116
-0.06161183 -0.01421799 0.26649576 91 91 91
-0.07302 -0.01901046 0.27311507 103 103 103
-0.07968517 -0.02030526 0.27712169 97 97 97
-0.08435451 -0.02340613 0.27969176 131 131 131
-0.05962177 -0.04667177 0.30635041 128 128 128
-0.06232968 -0.04591494 0.30830795 120 120 120
-0.04172361 -0.01530806 0.27290517 54 54 54
-0.07272296 -0.01888604 0.27303278 107 107 107
-0.0769897 -0.01808454 0.27583334 68 68 68
-0.0815874 -0.02150756 0.27831477 65 65 65
-0.08774643 -0.02872034 0.28129628 104 104 104
-0.06142839 -0.01427342 0.26660439 95 95 95
-0.05935734 -0.04662157 0.30626917 130 130 130
-0.07333076 -0.01917094 0.27350384 109 109 109
-0.07753571 -0.01825092 0.2762886 69 69 69
-0.08382123 -0.02307473 0.27960595 106 106 106
-0.0626986 -0.0454271 0.30880144 111 111 111
-0.06832021 -0.01702274 0.27070674 95 95 95
-0.07309757 -0.01910824 0.27346772 107 107 107
-0.08180436 -0.02141358 0.27863717 64 64 64
-0.05192032 -0.04479701 0.30208743 105 105 105
-0.0614815 -0.04617099 0.30790299 122 122 122
-0.06548773 -0.01539541 0.2692101 101 101 101
-0.06905306 -0.04064954 0.29783827 97 97 97
-0.07890318 -0.01989249 0.27710265 105 105 105
-0.08450713 -0.02346024 0.28018549 118 118 118
-0.04668971 -0.0146649 0.27562037 61 61 61
-0.04185671 -0.01518218 0.27249882 58 58 58
-0.06094602 -0.01415614 0.26662734 105 105 105
-0.06507868 -0.01516442 0.26911768 113 113 113
-0.06904979 -0.04060278 0.29778907 107 107 107
-0.07884499 -0.01985062 0.27717477 106 106 106
-0.08580709 -0.02611559 0.28079364 110 110 110
-0.06074489 -0.01407516 0.26661375 88 88 88
-0.0684654 -0.01765531 0.27101117 114 114 114
-0.07605164 -0.01788836 0.2757757 101 101 101
-0.06066361 -0.04624999 0.30754077 129 129 129
-0.08608685 -0.026386 0.28104293 101 101 101
-0.08718408 -0.03364743 0.29840317 68 68 68
-0.06097094 -0.01431422 0.26683578 97 97 97
-0.06835078 -0.01770789 0.27104178 109 109 109
-0.07721668 -0.01851099 0.2765533 64 64 64
-0.08297293 -0.02259945 0.27963892 130 130 130
-0.06016205 -0.04628921 0.3072857 129 129 129
-0.07074582 -0.04092174 0.29843441 123 123 123
-0.06485253 -0.01512503 0.26930842 111 111 111
-0.0733487 -0.01910433 0.27414834 107 107 107
-0.07899678 -0.01992567 0.27757177 106 106 106
-0.08580378 -0.02612183 0.28109658 102 102 102
-0.07016083 -0.04056592 0.29806176 116 116 116
-0.06135636 -0.01463481 0.26725322 110 110 110
-0.06528246 -0.01550682 0.2695851 100 100 100
-0.04639429 -0.01401647 0.27627552 57 57 57
-0.07767174 -0.0184323 0.27704966 70 70 70
-0.08574678 -0.02607992 0.28116754 104 104 104
-0.05308822 -0.04563591 0.30307484 120 120 120
-0.04682097 -0.01469878 0.27559337 61 61 61
-0.04452954 -0.01479613 0.27415562 65 65 65
-0.04262794 -0.01492998 0.27290133 76 76 76
-0.07921755 -0.02002521 0.27790082 92 92 92
-0.08545218 -0.0258304 0.28110713 112 112 112
-0.0707445 -0.04086862 0.29815796 118 118 118
-0.06044711 -0.01421832 0.26693657 104 104 104
-0.06836313 -0.01837905 0.27141538 96 96 96
-0.07651258 -0.01856799 0.27647769 58 58 58
-0.07071657 -0.04084484 0.29804596 111 111 111
-0.05277791 -0.04552956 0.30307502 119 119 119
-0.05851255 -0.0141412 0.26583475 88 88 88
-0.06580622 -0.01568532 0.27021101 115 115 115
-0.07304961 -0.01892526 0.27436611 113 113 113
-0.07663804 -0.01866564 0.27666047 59 59 59
-0.08351799 -0.02292626 0.28046331 121 121 121
-0.08255818 -0.03948485 0.29370418 121 121 121
-0.06507424 -0.01566401 0.26988366 101 101 101
-0.07269115 -0.04325796 0.29854548 95 95 95
-0.07573767 -0.01800318 0.27629435 65 65 65
-0.08036836 -0.02144688 0.27874649 63 63 63
-0.08231445 -0.03919062 0.2943942 108 108 108
-0.06511938 -0.01573 0.27000052 103 103 103
-0.04888251 -0.04972584 0.30468833 111 111 111
-0.07173995 -0.04173684 0.29816952 116 116 116
-0.07055078 -0.04069222 0.29767326 108 108 108
-0.08608025 -0.02647709 0.28181019 106 106 106
-0.04911767 -0.04980933 0.30481374 105 105 105
-0.06606624 -0.0158972 0.27068684 102 102 102
-0.07462157 -0.01826945 0.27578849 102 102 102
-0.07890085 -0.01978869 0.27829462 114 114 114
-0.08619032 -0.02664479 0.28198543 109 109 109
-0.05794768 -0.01410557 0.26590806 93 93 93
-0.04475961 -0.01476829 0.27418485 69 69 69
-0.04289595 -0.0149448 0.27297509 87 87 87
-0.07315286 -0.01869087 0.27488777 107 107 107
-0.07860798 -0.0195817 0.27818957 112 112 112
-0.05857934 -0.04506825 0.30722255 68 68 68
-0.0774875 -0.03957819 0.3021962 62 62 62
-0.06992514 -0.04012388 0.29717568 113 113 113
-0.0651655 -0.01591274 0.27032277 102 102 102
-0.07471404 -0.01798506 0.27604905 96 96 96
-0.04115438 -0.01518469 0.27274075 58 58 58
-0.04879679 -0.04587214 0.30078232 107 107 107
-0.07107005 -0.04110562 0.29761279 116 116 116
-0.05418435 -0.0483993 0.3034794 110 110 110
-0.06814779 -0.01880128 0.27194822 98 98 98
-0.07384299 -0.0183353 0.27558106 99 99 99
-0.07764813 -0.01913076 0.27793661 68 68 68
-0.08510212 -0.02565627 0.28172228 114 114 114
-0.07811517 -0.03907975 0.30246153 65 65 65
-0.07067994 -0.04075129 0.29735407 99 99 99
-0.06421045 -0.01541807 0.26998973 114 114 114
-0.07417561 -0.01807255 0.27592847 101 101 101
-0.08248007 -0.0223576 0.28057975 118 118 118
-0.0562055 -0.04697711 0.31032488 64 64 64
-0.0780506 -0.03914879 0.30233669 66 66 66
-0.0765142 -0.03968009 0.30122486 63 63 63
-0.07022482 -0.04025217 0.29704008 113 113 113
-0.0740632 -0.01803091 0.27594432 102 102 102
-0.08490752 -0.02555414 0.28182822 117 117 117
-0.05836901 -0.01446498 0.26664761 117 117 117
-0.06328269 -0.01562396 0.26958662 107 107 107
-0.07188486 -0.0413943 0.2977829 126 126 126
-0.07417168 -0.0178362 0.27615538 100 100 100
-0.08527335 -0.02585811 0.28211457 106 106 106
-0.05984402 -0.04532402 0.30829105 69 69 69
-0.05783621 -0.01431239 0.26643425 109 109 109
-0.06294663 -0.01546246 0.26951689 104 104 104
-0.07894 -0.03864051 0.30279672 76 76 76
-0.07396935 -0.01781033 0.27613321 100 100 100
-0.07046616 -0.04042844 0.29699913 111 111 111
-0.08768664 -0.0297259 0.28327417 110 110 110
-0.06072761 -0.04547186 0.30894256 66 66 66
-0.04366179 -0.01512892 0.27335179 101 101 101
-0.06526832 -0.01650446 0.27094734 92 92 92
-0.07448582 -0.01768192 0.2765758 76 76 76
-0.07707745 -0.03984739 0.30125642 92 92 92
-0.08782245 -0.02993694 0.28340173 110 110 110
-0.05790078 -0.01439457 0.26667237 114 114 114
-0.06500682 -0.01640235 0.27085543 105 105 105
-0.07375826 -0.01763704 0.27622983 97 97 97
-0.08293543 -0.03905901 0.29493356 122 122 122
-0.08804137 -0.03029824 0.2835882 110 110 110
-0.07819636 -0.03966805 0.30192497 90 90 90
-0.057517 -0.01424969 0.26655459 110 110 110
-0.06627201 -0.01714429 0.27167323 107 107 107
-0.04870563 -0.04601853 0.30120447 102 102 102
-0.08628582 -0.0270832 0.28300551 109 109 109
-0.07927805 -0.03857896 0.30274656 87 87 87
-0.05763209 -0.01432167 0.26672071 113 113 113
-0.07062627 -0.04044979 0.29677719 119 119 119
-0.05940891 -0.0455454 0.30827028 65 65 65
-0.08297013 -0.02441708 0.28141108 58 58 58
-0.04145023 -0.01522686 0.27306169 54 54 54
-0.05893425 -0.01448827 0.26760495 132 132 132
-0.07822467 -0.04000788 0.30165476 98 98 98
-0.07169534 -0.04126451 0.29719368 123 123 123
-0.07515818 -0.018309 0.27734187 56 56 56
-0.08740084 -0.02946522 0.2836073 110 110 110
-0.04448913 -0.01505277 0.27503595 63 63 63
-0.05867549 -0.01452392 0.26755407 161 161 161
-0.06622063 -0.01754524 0.27192292 108 108 108
-0.07027417 -0.01649011 0.27461421 88 88 88
-0.07145087 -0.04111571 0.29695177 114 114 114
-0.08585147 -0.02670242 0.28308505 101 101 101
-0.04804239 -0.01408797 0.27619541 58 58 58
-0.05662784 -0.01399683 0.26646775 98 98 98
-0.06180064 -0.01500551 0.26957458 123 123 123
-0.0665818 -0.01804863 0.27219525 106 106 106
-0.07082232 -0.01644782 0.27506045 67 67 67
-0.08344276 -0.02452799 0.28194693 65 65 65
-0.04206681 -0.01493113 0.27224848 77 77 77
-0.05850627 -0.01454224 0.26765999 157 157 157
-0.07689891 -0.04067706 0.30038998 101 101 101
-0.07145746 -0.04103732 0.29676497 106 106 106
-0.08253043 -0.02430776 0.28152168 63 63 63
-0.04831513 -0.04855733 0.31007954 62 62 62
-0.05785024 -0.01446271 0.26735741 118 118 118
-0.06164588 -0.01502474 0.26967666 129 129 129
-0.06630702 -0.01790911 0.27224243 100 100 100
-0.08108124 -0.02246582 0.28093252 61 61 61
-0.08611964 -0.02691548 0.28350338 109 109 109
-0.05697617 -0.01414765 0.26695922 114 114 114
-0.06226972 -0.01566985 0.27009454 119 119 119
-0.06688935 -0.0183598 0.27262759 92 92 92
-0.07118655 -0.01667218 0.27555725 61 61 61
-0.08431881 -0.02549967 0.28266722 116 116 116
-0.05790723 -0.04566253 0.30775151 64 64 64
-0.07912404 -0.04019683 0.30157685 111 111 111
-0.06530802 -0.01754231 0.27186999 97 97 97
-0.07043257 -0.01638188 0.27525994 64 64 64
-0.08307195 -0.0246326 0.28213012 59 59 59
-0.05773281 -0.04563496 0.30775023 64 64 64
-0.07936304 -0.04007423 0.30164865 107 107 107
-0.07607753 -0.04109538 0.29937628 93 93 93
-0.07346001 -0.04086159 0.29768178 101 101 101
-0.08321567 -0.02456944 0.28233048 58 58 58
-0.0482493 -0.04838807 0.30985168 73 73 73
-0.05776513 -0.04571277 0.30785134 64 64 64
-0.07899512 -0.04052714 0.30123392 106 106 106
-0.07594631 -0.04115501 0.29915413 97 97 97
-0.07375303 -0.04104694 0.29774299 105 105 105
-0.08431791 -0.02563847 0.28298181 100 100 100
-0.04491603 -0.01488709 0.27393878 94 94 94
-0.04003084 -0.01488016 0.27087304 53 53 53
-0.07974552 -0.03987331 0.30174473 109 109 109
-0.07656367 -0.04129747 0.29944032 113 113 113
-0.06742449 -0.01849792 0.2733919 105 105 105
-0.082644 -0.02459939 0.28213355 54 54 54
-0.08248255 -0.03912955 0.29470503 127 127 127
-0.05694317 -0.01418064 0.26745772 120 120 120
-0.07924896 -0.04053628 0.30118403 109 109 109
-0.06657424 -0.01821585 0.27299219 97 97 97
-0.07663444 -0.04137921 0.29935911 113 113 113
-0.08200046 -0.02413489 0.28191379 53 53 53
-0.057613 -0.04576563 0.30792475 64 64 64
-0.05767648 -0.01441458 0.26798412 117 117 117
-0.07851633 -0.04112403 0.30048203 116 116 116
-0.06738217 -0.01842826 0.27357438 96 96 96
-0.07131489 -0.01685712 0.27624735 56 56 56
-0.08308337 -0.02459768 0.28263584 59 59 59
-0.04439008 -0.01503312 0.27507198 61 61 61
-0.0601717 -0.01490691 0.26958296 98 98 98
-0.06827273 -0.01803789 0.27426907 95 95 95
-0.07719471 -0.04152132 0.29946277 119 119 119
-0.08574488 -0.02729946 0.28410771 68 68 68
-0.0471426 -0.04820445 0.30900502 65 65 65
-0.05700701 -0.01420584 0.26781005 125 125 125
-0.06514052 -0.01771097 0.2724635 112 112 112
-0.04598567 -0.01477541 0.27456895 67 67 67
-0.07241493 -0.01744906 0.27706757 59 59 59
-0.08734581 -0.02999167 0.28481022 120 120 120
-0.07818562 -0.04140405 0.30001721 115 115 115
-0.07189242 -0.04061005 0.29614237 104 104 104
-0.06539303 -0.01776194 0.27270606 106 106 106
-0.05792015 -0.04600125 0.308276 61 61 61
-0.08531994 -0.02734074 0.28397095 69 69 69
-0.04731724 -0.04808505 0.30903685 64 64 64
-0.07805535 -0.04152594 0.29980668 113 113 113
-0.06502155 -0.01767033 0.27263054 116 116 116
-0.07519016 -0.0414563 0.29785609 124 124 124
-0.08389888 -0.02557691 0.28339386 130 130 130
-0.05661152 -0.01419057 0.26788434 116 116 116
-0.06725453 -0.01810151 0.27407062 101 101 101
-0.08270903 -0.0247207 0.28290716 65 65 65
-0.07901809 -0.0411815 0.30038983 114 114 114
-0.04865963 -0.04789887 0.3098433 74 74 74
-0.0593365 -0.01461843 0.26963481 99 99 99
-0.06711332 -0.01803094 0.27409527 100 100 100
-0.07216185 -0.01740577 0.27735251 59 59 59
-0.0889487 -0.03452953 0.28559107 106 106 106
-0.05951119 -0.01489608 0.2697657 120 120 120
-0.06551954 -0.01768282 0.27324533 101 101 101
-0.07610784 -0.04162216 0.29832998 114 114 114
-0.0836497 -0.02545666 0.28360701 141 141 141
-0.04758472 -0.04604279 0.30175504 135 135 135
-0.04814962 -0.04621333 0.30208749 102 102 102
-0.0671978 -0.01782815 0.274353 96 96 96
-0.07066613 -0.01664005 0.2766974 54 54 54
-0.08714195 -0.03378173 0.29876319 66 66 66
-0.04849439 -0.04784511 0.30967772 84 84 84
-0.04086109 -0.01504481 0.27115703 60 60 60
-0.07696287 -0.04186132 0.29873446 123 123 123
-0.06593574 -0.01769824 0.2736966 104 104 104
-0.07052096 -0.01659118 0.27675155 53 53 53
-0.08697786 -0.02985977 0.28529575 122 122 122
-0.07821197 -0.04175223 0.29946986 113 113 113
-0.06731255 -0.01749236 0.27469441 101 101 101
-0.0707933 -0.01674527 0.27700856 55 55 55
-0.08675154 -0.02959806 0.28529322 116 116 116
-0.06564666 -0.01750263 0.27373528 101 101 101
-0.06901789 -0.01615729 0.2760154 61 61 61
-0.04792565 -0.0477308 0.30926067 72 72 72
-0.04670161 -0.04787214 0.30842975 63 63 63
-0.0437635 -0.01504145 0.2747964 55 55 55
-0.07658551 -0.04189308 0.29828009 119 119 119
-0.06687165 -0.01738615 0.27465889 98 98 98
-0.08248262 -0.0249028 0.28344107 56 56 56
-0.05219273 -0.01453583 0.26589626 107 107 107
-0.07767402 -0.04201705 0.29886606 113 113 113
-0.06601419 -0.01735502 0.27421308 99 99 99
-0.07062446 -0.01669271 0.27720621 57 57 57
-0.08885564 -0.0350639 0.28616312 100 100 100
-0.0510308 -0.01482194 0.26525712 95 95 95
-0.04540845 -0.01439396 0.27593964 59 59 59
-0.07014788 -0.01648329 0.27704686 54 54 54
-0.08593582 -0.02872041 0.28529236 120 120 120
-0.07648467 -0.0418445 0.29800835 112 112 112
-0.05414035 -0.01455034 0.26730743 106 106 106
-0.06728777 -0.01672557 0.27533874 95 95 95
-0.08448081 -0.02780988 0.28461766 66 66 66
-0.04879384 -0.04802871 0.30950791 90 90 90
-0.05090857 -0.01487137 0.26532599 99 99 99
-0.07717994 -0.04211447 0.29830891 112 112 112
-0.06603308 -0.01692111 0.27461183 92 92 92
-0.08429097 -0.02781009 0.28458798 67 67 67
-0.05091037 -0.01490562 0.26547071 120 120 120
-0.04915234 -0.01385489 0.27650186 55 55 55
-0.06381206 -0.01513524 0.27354854 65 65 65
-0.06991658 -0.01643155 0.27722859 54 54 54
-0.05765428 -0.04612304 0.30856583 66 66 66
-0.05013426 -0.01485151 0.26507765 101 101 101
-0.05377336 -0.01459125 0.26741686 115 115 115
-0.04870046 -0.01410212 0.27618608 56 56 56
-0.06971589 -0.01640735 0.27718884 54 54 54
-0.0860794 -0.02918058 0.28573468 122 122 122
-0.0496838 -0.01471859 0.26490101 110 110 110
-0.0533115 -0.01433817 0.26726323 119 119 119
-0.06668935 -0.01632551 0.27546301 95 95 95
-0.08464402 -0.02779451 0.28510988 62 62 62
-0.04379215 -0.01589164 0.27278033 110 110 110
-0.05002263 -0.0148923 0.26520091 112 112 112
-0.05366397 -0.01462907 0.26754674 118 118 118
-0.06619358 -0.01631243 0.27523914 96 96 96
-0.04703089 -0.0474369 0.30835551 63 63 63
-0.0865338 -0.02990038 0.28612283 121 121 121
-0.05094063 -0.01493844 0.26588741 140 140 140
-0.08212942 -0.03770309 0.30201772 58 58 58
-0.06447443 -0.01526987 0.27439877 69 69 69
-0.0862008 -0.02951695 0.2860679 126 126 126
-0.05095641 -0.01493627 0.26600492 144 144 144
-0.05978473 -0.01762792 0.2711927 97 97 97
-0.06698118 -0.01573334 0.27602655 87 87 87
-0.08394068 -0.02783724 0.28499889 67 67 67
-0.0470506 -0.04738867 0.30832613 66 66 66
-0.05062082 -0.01496534 0.26589498 136 136 136
-0.05919395 -0.0170036 0.27101675 110 110 110
-0.0671475 -0.01564884 0.27620664 85 85 85
-0.04878997 -0.01454835 0.26488438 97 97 97
-0.05245972 -0.01477772 0.26720196 137 137 137
-0.06020152 -0.01820981 0.27157319 99 99 99
-0.04768775 -0.0463675 0.30232519 107 107 107
-0.05071197 -0.0479539 0.31045204 125 125 125
-0.04955244 -0.01489107 0.26544017 127 127 127
-0.05316056 -0.01447925 0.26780158 110 110 110
-0.06447885 -0.01543657 0.27480012 68 68 68
-0.05723526 -0.04603756 0.30862072 63 63 63
-0.08659977 -0.03021454 0.28663352 125 125 125
-0.05101846 -0.0148762 0.26647475 133 133 133
-0.05973952 -0.01795185 0.27154332 105 105 105
-0.06686432 -0.01572495 0.2763615 63 63 63
-0.04761351 -0.04823327 0.30391109 96 96 96
-0.04959628 -0.01490774 0.26567307 131 131 131
-0.05332468 -0.01470877 0.26806295 121 121 121
-0.0649872 -0.01541642 0.27529544 64 64 64
-0.05051315 -0.04820905 0.31009939 126 126 126
-0.04914204 -0.04856147 0.30909392 120 120 120
-0.04924628 -0.01488102 0.26556453 128 128 128
-0.05291592 -0.01450109 0.26794395 110 110 110
-0.06374027 -0.01545608 0.27461094 60 60 60
-0.07693632 -0.04189919 0.29728153 114 114 114
-0.05759382 -0.04627182 0.30887952 61 61 61
-0.05138813 -0.01469214 0.26705021 135 135 135
-0.06424211 -0.01554573 0.27501813 61 61 61
-0.07575437 -0.03975736 0.29685935 116 116 116
-0.04890771 -0.01484488 0.26556659 126 126 126
-0.05287563 -0.01456035 0.26807714 115 115 115
-0.0654552 -0.01563606 0.27587408 63 63 63
-0.04914635 -0.04863676 0.30897525 112 112 112
-0.04608468 -0.04734281 0.30739388 61 61 61
-0.04959977 -0.01491216 0.26609728 138 138 138
-0.05340217 -0.01488536 0.26850429 123 123 123
-0.06690412 -0.01610496 0.27683288 59 59 59
-0.04816817 -0.01472372 0.26532897 193 193 193
-0.05185574 -0.01482865 0.26763704 124 124 124
-0.05902502 -0.01780798 0.2717416 107 107 107
-0.0522842 -0.04793074 0.31112337 66 66 66
-0.04765726 -0.01480995 0.26510003 136 136 136
-0.05124647 -0.01469505 0.26738045 136 136 136
-0.05849007 -0.01730561 0.27155864 87 87 87
-0.04629471 -0.04724252 0.30747867 60 60 60
-0.04787041 -0.01476788 0.26534155 149 149 149
-0.05152611 -0.01477085 0.26766312 124 124 124
-0.0590202 -0.01790749 0.27192032 113 113 113
-0.05726331 -0.04622172 0.30891722 61 61 61
-0.04865542 -0.01490243 0.26592353 131 131 131
-0.05290901 -0.01463258 0.2686165 114 114 114
-0.05913962 -0.01800251 0.27208498 108 108 108
-0.05123755 -0.04809247 0.31029364 126 126 126
-0.04802613 -0.0485008 0.3080529 112 112 112
-0.04749754 -0.0148376 0.26529437 155 155 155
-0.05108706 -0.01470107 0.26759627 146 146 146
-0.06255145 -0.01513146 0.27472308 64 64 64
-0.07621137 -0.0393902 0.29663703 108 108 108
-0.04832189 -0.0148253 0.2659325 130 130 130
-0.05273671 -0.01489198 0.26868355 119 119 119
-0.0782067 -0.04253585 0.29715458 105 105 105
-0.05257609 -0.04784717 0.31113881 68 68 68
-0.08510146 -0.02890817 0.28709623 124 124 124
-0.04526069 -0.0473558 0.30652741 56 56 56
-0.05059564 -0.01484647 0.26747274 136 136 136
-0.05920869 -0.01802243 0.27243426 108 108 108
-0.07627618 -0.03926848 0.29651994 115 115 115
-0.04796 -0.01473645 0.26592973 137 137 137
-0.05171884 -0.01503807 0.2682623 98 98 98
-0.06378306 -0.01553159 0.27577335 57 57 57
-0.08482637 -0.02868177 0.28713009 126 126 126
-0.05034085 -0.0487686 0.30928543 103 103 103
-0.04955238 -0.01490608 0.2670179 137 137 137
-0.05801382 -0.01751114 0.27199799 115 115 115
-0.06442857 -0.01570897 0.27629432 55 55 55
-0.08742234 -0.03634495 0.28778553 117 117 117
-0.04756535 -0.01479723 0.26589638 135 135 135
-0.05128993 -0.0149339 0.26821357 105 105 105
-0.0606562 -0.01724764 0.27378359 96 96 96
-0.05181733 -0.04797432 0.31041965 125 125 125
-0.04830491 -0.0149305 0.26643294 135 135 135
-0.053782 -0.0160249 0.26972103 118 118 118
-0.04742633 -0.04664601 0.30267811 113 113 113
-0.07601693 -0.03902406 0.29611155 114 114 114
-0.07571921 -0.0389136 0.29597813 124 124 124
-0.04824758 -0.01491971 0.26650277 134 134 134
-0.05536051 -0.01791362 0.27054185 106 106 106
-0.064154 -0.01561414 0.2764689 54 54 54
-0.08753961 -0.03649614 0.28808624 116 116 116
-0.04899741 -0.01495858 0.26707354 189 189 189
-0.05872689 -0.01773247 0.27281728 118 118 118
-0.05207768 -0.04781752 0.31054991 115 115 115
-0.04914399 -0.04909556 0.30818772 121 121 121
-0.04511516 -0.04722797 0.30621386 55 55 55
-0.04744326 -0.01484582 0.26623261 128 128 128
-0.07581553 -0.03883282 0.29581332 132 132 132
-0.05981813 -0.0174034 0.27365252 98 98 98
-0.04504601 -0.01533461 0.26476589 96 96 96
-0.04917928 -0.01493748 0.26736113 156 156 156
-0.0783575 -0.04243594 0.29659644 108 108 108
-0.06026344 -0.01691588 0.27408376 91 91 91
-0.08725648 -0.03649828 0.28823251 99 99 99
-0.04603685 -0.01535901 0.26546037 129 129 129
-0.05388126 -0.01671648 0.27020535 119 119 119
-0.06016764 -0.01680611 0.27417237 92 92 92
-0.04589632 -0.04687892 0.30668148 61 61 61
-0.0760978 -0.03888702 0.29579449 133 133 133
-0.04615323 -0.01536696 0.26563564 134 134 134
-0.0549167 -0.01784232 0.27081025 108 108 108
-0.06248064 -0.0154105 0.27594021 63 63 63
-0.07687309 -0.03916515 0.2961188 113 113 113
-0.04668859 -0.01528011 0.26612866 113 113 113
-0.05553288 -0.01800364 0.27124098 108 108 108
-0.05234962 -0.0478177 0.31049988 117 117 117
-0.0508909 -0.04885786 0.3092171 109 109 109
-0.04879616 -0.04916997 0.30773816 129 129 129
-0.04811178 -0.01498685 0.26714486 141 141 141
-0.05384362 -0.01680561 0.27046645 100 100 100
-0.0593566 -0.01712618 0.27393466 100 100 100
-0.084475 -0.03004804 0.28784662 60 60 60
-0.04629414 -0.01542704 0.26603535 114 114 114
-0.05508641 -0.01786006 0.27120668 112 112 112
-0.05855398 -0.01733706 0.27349374 109 109 109
-0.08451534 -0.03007962 0.28796867 68 68 68
-0.04665678 -0.01534367 0.26639289 112 112 112
-0.05572658 -0.01796335 0.27170509 112 112 112
-0.06211632 -0.01538859 0.27613598 63 63 63
-0.05062705 -0.04903907 0.30887419 109 109 109
-0.08408681 -0.02995285 0.28782758 60 60 60
-0.04413876 -0.01541043 0.26491156 114 114 114
-0.0483849 -0.01501501 0.2676343 144 144 144
-0.05831065 -0.0172667 0.27353573 106 106 106
-0.04794411 -0.04706858 0.30317256 90 90 90
-0.04394168 -0.01537416 0.26485726 118 118 118
-0.04789783 -0.01497165 0.2674492 136 136 136
-0.05621773 -0.01787477 0.27225268 108 108 108
-0.06160701 -0.0152847 0.27605152 60 60 60
-0.04500426 -0.0154705 0.26563683 139 139 139
-0.04936953 -0.01575317 0.26834628 97 97 97
-0.05601789 -0.01784049 0.27224436 107 107 107
-0.05952755 -0.01623467 0.2747063 94 94 94
-0.04900339 -0.04929744 0.30763131 121 121 121
-0.08693727 -0.03642318 0.28894311 116 116 116
-0.04538203 -0.01548109 0.26598227 137 137 137
-0.05068372 -0.01740994 0.2690174 106 106 106
-0.05756018 -0.01733491 0.27339533 109 109 109
-0.06182544 -0.01535838 0.27636647 61 61 61
-0.04565214 -0.0155316 0.26626205 140 140 140
-0.05065852 -0.01750134 0.26911744 96 96 96
-0.05701559 -0.01746204 0.27316138 107 107 107
-0.04785645 -0.0471194 0.30319417 90 90 90
-0.08433163 -0.03005805 0.28846043 79 79 79
-0.04650184 -0.01544949 0.26692957 125 125 125
-0.0555969 -0.01766795 0.27229929 109 109 109
-0.05887838 -0.01633621 0.27459133 101 101 101
-0.04909128 -0.01396859 0.27634579 54 54 54
-0.05011522 -0.04930444 0.30826345 110 110 110
-0.04754071 -0.01501108 0.26770863 124 124 124
-0.05545274 -0.01758062 0.27231956 109 109 109
-0.05874033 -0.01629044 0.27461806 102 102 102
-0.04826548 -0.04913305 0.30710444 118 118 118
-0.04417767 -0.01559102 0.26563215 108 108 108
-0.04914806 -0.01629128 0.26865575 114 114 114
-0.05729051 -0.01709485 0.27368894 112 112 112
-0.06031273 -0.0147401 0.27594802 75 75 75
-0.04326772 -0.01533501 0.26520649 109 109 109
-0.04812353 -0.01522039 0.26827151 97 97 97
-0.05676168 -0.01720985 0.27343604 106 106 106
-0.05982231 -0.01497094 0.27570355 92 92 92
-0.07926525 -0.04230715 0.29614395 90 90 90
-0.04551376 -0.01550259 0.26668987 140 140 140
-0.05528533 -0.01729566 0.27257371 103 103 103
-0.0585821 -0.01600743 0.27487671 103 103 103
-0.04941219 -0.04942709 0.30765519 112 112 112
-0.08625025 -0.03602302 0.28928328 115 115 115
-0.04748144 -0.01513702 0.26805371 118 118 118
-0.07682928 -0.0387889 0.29516441 112 112 112
-0.05764486 -0.01653371 0.27430546 97 97 97
-0.08599507 -0.03587545 0.2891756 115 115 115
-0.04793799 -0.01536851 0.26841319 95 95 95
-0.05699375 -0.01676493 0.27397022 101 101 101
-0.04803797 -0.01468566 0.27553636 61 61 61
-0.04163522 -0.01478312 0.27144387 67 67 67
-0.0492038 -0.01693506 0.26912028 103 103 103
-0.05786266 -0.01608509 0.27471319 102 102 102
-0.04940915 -0.04946793 0.30753791 126 126 126
-0.08365952 -0.03003149 0.28886116 76 76 76
-0.04497202 -0.01541179 0.26677018 155 155 155
-0.04775989 -0.01479133 0.27539033 61 61 61
-0.05688895 -0.01650867 0.27416506 99 99 99
-0.08562592 -0.03544899 0.28930947 109 109 109
-0.04497191 -0.01540243 0.26692352 159 159 159
-0.0563104 -0.01661056 0.27384317 104 104 104
-0.07934445 -0.04176847 0.29586101 92 92 92
-0.0767551 -0.03860616 0.29486027 111 111 111
-0.04950496 -0.01737181 0.26951522 96 96 96
-0.05819171 -0.01545262 0.27535632 100 100 100
-0.0489138 -0.04943373 0.30712229 123 123 123
-0.04342375 -0.01581196 0.26606569 115 115 115
-0.07822999 -0.04000839 0.29542044 103 103 103
-0.0579915 -0.01544265 0.27533004 99 99 99
-0.04425266 -0.0156296 0.26670864 112 112 112
-0.05566076 -0.01629556 0.27382788 102 102 102
-0.05940145 -0.01510156 0.27638066 60 60 60
-0.043079 -0.01576329 0.26607803 114 114 114
-0.04888292 -0.01718451 0.26952013 97 97 97
-0.05641745 -0.01600015 0.27446604 101 101 101
-0.04525648 -0.04635108 0.30557945 55 55 55
-0.04857396 -0.0170184 0.26944432 91 91 91
-0.05762726 -0.01522037 0.27547315 100 100 100
-0.04289204 -0.01570119 0.26616448 112 112 112
-0.05554206 -0.01588922 0.27414352 101 101 101
-0.04917803 -0.04953677 0.30706707 115 115 115
-0.08573327 -0.03716873 0.2897858 104 104 104
-0.05243338 -0.01401207 0.27255064 63 63 63
-0.05767643 -0.01491497 0.27573112 96 96 96
-0.05527698 -0.0156121 0.27422276 99 99 99
-0.07791226 -0.03945436 0.29492161 107 107 107
-0.04759263 -0.04880337 0.30614737 106 106 106
-0.05224943 -0.01405257 0.27267256 64 64 64
-0.05686019 -0.01510082 0.2753877 108 108 108
-0.07761423 -0.03908445 0.29468337 114 114 114
-0.05664246 -0.01501402 0.27538288 110 110 110
-0.05285254 -0.0142489 0.27322292 61 61 61
-0.078406 -0.03970239 0.29499248 99 99 99
-0.04440097 -0.04649458 0.30469075 49 49 49
-0.05273844 -0.01428232 0.27326483 62 62 62
-0.0779756 -0.03932033 0.29468021 105 105 105
-0.05317392 -0.01435229 0.27367046 62 62 62
-0.0485811 -0.04948362 0.30638063 119 119 119
-0.04603083 -0.01817852 0.26860666 104 104 104
-0.05537463 -0.01466153 0.27508178 102 102 102
-0.04334473 -0.01631669 0.26724756 95 95 95
-0.05334968 -0.01437198 0.27393937 61 61 61
-0.04914423 -0.04962908 0.30660713 108 108 108
-0.0458307 -0.01829494 0.26866174 98 98 98
-0.05465329 -0.01441327 0.27488455 81 81 81
-0.04595289 -0.0183263 0.26882291 112 112 112
-0.05450604 -0.01442489 0.27486756 72 72 72
-0.04554072 -0.01837201 0.26867405 108 108 108
-0.05542856 -0.01455176 0.27554348 66 66 66
-0.0784253 -0.03936638 0.29456568 97 97 97
-0.05273394 -0.01451395 0.27394465 60 60 60
-0.04264721 -0.01634484 0.2673876 105 105 105
-0.05395327 -0.01465012 0.27482891 59 59 59
-0.04044941 -0.01245726 0.2666975 48 48 48
-0.05502913 -0.01481523 0.27565029 58 58 58
-0.08482899 -0.03877491 0.29051632 112 112 112
-0.05492767 -0.01485226 0.27566379 58 58 58
-0.04459562 -0.01827558 0.26860893 102 102 102
-0.04813593 -0.04933075 0.3057214 115 115 115
-0.08118771 -0.04031813 0.29571444 103 103 103
-0.04375191 -0.01776115 0.26837173 106 106 106
-0.04772674 -0.04780499 0.30360374 99 99 99
-0.04362236 -0.01772497 0.26840174 102 102 102
-0.08452162 -0.03902591 0.29075858 108 108 108
-0.0538683 -0.0147998 0.27548084 58 58 58
-0.0834152 -0.03623171 0.29770428 92 92 92
-0.0456317 -0.04542593 0.30517447 55 55 55
-0.05372783 -0.01475895 0.27560389 57 57 57
-0.04408806 -0.01826063 0.26901934 103 103 103
-0.03997612 -0.01333181 0.26737007 55 55 55
-0.05265335 -0.01453408 0.27520576 54 54 54
-0.08028328 -0.03885226 0.29495373 102 102 102
-0.04760046 -0.04783253 0.3036235 99 99 99
-0.04033129 -0.013659 0.26769242 55 55 55
-0.08126803 -0.03945187 0.29535335 106 106 106
-0.03981917 -0.01362577 0.26751024 55 55 55
-0.05235017 -0.01446899 0.27532402 54 54 54
-0.04429877 -0.0450724 0.30421853 49 49 49
-0.04312979 -0.01759026 0.26904246 109 109 109
-0.05292494 -0.01446531 0.2758117 54 54 54
-0.04462435 -0.01820064 0.26998603 123 123 123
-0.0533121 -0.01453551 0.27613631 51 51 51
-0.04094269 -0.01394311 0.26847863 58 58 58
-0.05035453 -0.01447386 0.27436516 58 58 58
-0.04021077 -0.01409402 0.26814303 54 54 54
-0.04728394 -0.04763807 0.30358934 105 105 105
-0.0490619 -0.016034 0.27341917 104 104 104
-0.04444966 -0.04489325 0.30424142 48 48 48
-0.04372555 -0.0179365 0.26978534 113 113 113
-0.05155367 -0.01442707 0.27538112 55 55 55
-0.03977407 -0.01424235 0.26807627 51 51 51
-0.08642311 -0.03424073 0.29920459 64 64 64
-0.04895652 -0.01576469 0.27360398 98 98 98
-0.05528128 -0.04700098 0.31052274 59 59 59
-0.04476238 -0.01791001 0.2706666 107 107 107
-0.05171126 -0.01431608 0.27569219 54 54 54
-0.04834044 -0.04949712 0.30521658 104 104 104
-0.0438123 -0.0178341 0.27018198 115 115 115
-0.0832464 -0.03761421 0.29649433 102 102 102
-0.08218021 -0.03835516 0.29570368 98 98 98
-0.08805308 -0.0332667 0.29558459 60 60 60
-0.04469091 -0.01779824 0.27084634 104 104 104
-0.04833152 -0.01597289 0.27352592 99 99 99
-0.04362955 -0.01443529 0.27572155 56 56 56
-0.04411834 -0.01776717 0.27059925 120 120 120
-0.04743268 -0.01672135 0.27285051 105 105 105
-0.08414356 -0.03689915 0.2971088 105 105 105
-0.04738519 -0.04782775 0.30369464 104 104 104
-0.04091467 -0.01430176 0.269263 58 58 58
-0.04656639 -0.01699197 0.2723951 107 107 107
-0.05211179 -0.01408879 0.27639535 51 51 51
-0.08381563 -0.03963827 0.29208711 104 104 104
-0.04074354 -0.0143818 0.26925361 59 59 59
-0.04588314 -0.01721932 0.27199495 110 110 110
-0.05127864 -0.01408463 0.27604923 54 54 54
-0.08304681 -0.03797495 0.29611629 108 108 108
-0.04095891 -0.01435549 0.26955429 59 59 59
-0.04646512 -0.01691456 0.27250573 108 108 108
-0.05151017 -0.01402905 0.27628109 54 54 54
-0.04086869 -0.0143911 0.26954556 57 57 57
-0.04635312 -0.01681644 0.27261963 104 104 104
-0.05137172 -0.01400185 0.27630618 54 54 54
-0.08366357 -0.03965806 0.2922737 122 122 122
-0.03987689 -0.01462476 0.26897949 59 59 59
-0.04522062 -0.01722132 0.27189231 123 123 123
-0.05029821 -0.01444288 0.27561179 54 54 54
-0.08281428 -0.03830029 0.29580823 108 108 108
-0.04003969 -0.01462313 0.26916912 59 59 59
-0.04553695 -0.01703275 0.27219972 117 117 117
-0.0509 -0.01400499 0.27623132 55 55 55
-0.04281076 -0.01498208 0.27474782 57 57 57
-0.04372614 -0.01725232 0.27117884 115 115 115
-0.04697573 -0.01600002 0.27348143 97 97 97
-0.08388396 -0.03752442 0.29650652 113 113 113
-0.0387364 -0.01544042 0.2684122 48 48 48
-0.04436864 -0.01715803 0.27169058 121 121 121
-0.04708825 -0.04753092 0.30373305 101 101 101
-0.04531706 -0.04462121 0.30445787 52 52 52
-0.03949182 -0.01482479 0.26915443 56 56 56
-0.04485794 -0.01687247 0.27222672 118 118 118
-0.04957349 -0.01455096 0.27557242 57 57 57
-0.04326815 -0.01492227 0.27495447 54 54 54
-0.04050074 -0.0147046 0.26990619 58 58 58
-0.04582955 -0.01635091 0.27300158 102 102 102
-0.0499693 -0.01424068 0.27598315 54 54 54
-0.08263837 -0.03866202 0.29541615 113 113 113
-0.04084006 -0.01467282 0.27025202 57 57 57
-0.04622233 -0.01590336 0.27344257 104 104 104
-0.0502889 -0.01398269 0.27635416 51 51 51
-0.04118666 -0.01460302 0.27054995 64 64 64
-0.04537086 -0.01634823 0.27289525 101 101 101
-0.04861595 -0.01478074 0.27524135 62 62 62
-0.04904163 -0.04979251 0.30518514 117 117 117
-0.08802295 -0.03329281 0.29694897 62 62 62
-0.04455006 -0.01653298 0.27249312 107 107 107
-0.08334305 -0.0381905 0.29585323 111 111 111
-0.08217046 -0.03889823 0.29494551 128 128 128
-0.04129915 -0.01466734 0.27084273 63 63 63
-0.04639684 -0.01508957 0.27403715 103 103 103
-0.08349508 -0.03981061 0.29312029 127 127 127
-0.05595626 -0.04701438 0.31045046 62 62 62
-0.04425476 -0.01638986 0.27253804 104 104 104
-0.04844579 -0.01470914 0.27546093 62 62 62
-0.04919189 -0.04982788 0.30515537 109 109 109
-0.04736516 -0.0483831 0.30439705 104 104 104
-0.04408884 -0.01627798 0.2725668 111 111 111
-0.04840169 -0.01468939 0.27551869 60 60 60
-0.04475065 -0.01468099 0.27561274 61 61 61
-0.04356876 -0.01618464 0.27235013 107 107 107
-0.04321748 -0.01512606 0.27455762 53 53 53
-0.04570973 -0.01352486 0.26360071 102 102 102
-0.05941002 -0.04328199 0.29919705 86 86 86
-0.04595174 -0.01389235 0.26374808 96 96 96
-0.059242 -0.04284529 0.29895273 107 107 107
-0.06092351 -0.0464988 0.30339327 101 101 101
-0.06148427 -0.04641157 0.30315456 117 117 117
-0.06166255 -0.04716576 0.30346581 121 121 121
-0.06161099 -0.04611823 0.30301458 114 114 114
-0.06173275 -0.04650431 0.30307597 114 114 114
-0.06170893 -0.04453948 0.30261871 114 114 114
-0.06180163 -0.04498685 0.302674 122 122 122
-0.06035577 -0.04193661 0.29869437 106 106 106
-0.0604203 -0.04180443 0.29865503 102 102 102
-0.05884068 -0.04295418 0.2990973 114 114 114
-0.04509934 -0.01449902 0.26376978 104 104 104
-0.0601339 -0.04439713 0.3024399 103 103 103
-0.04500233 -0.01444856 0.2637406 101 101 101
-0.06001598 -0.04447357 0.30244419 103 103 103
-0.04946187 -0.01653012 0.26870835 113 113 113
-0.05867122 -0.04325121 0.2993724 108 108 108
-0.08836719 -0.02784727 0.27802169 118 118 118
-0.04968588 -0.01607137 0.26847553 114 114 114
-0.08748534 -0.02607223 0.27593821 116 116 116
-0.04993713 -0.01695213 0.26879987 119 119 119
-0.04999317 -0.01669044 0.26866931 123 123 123
-0.0881644 -0.0279154 0.27808064 108 108 108
-0.06315993 -0.04548142 0.30248886 108 108 108
-0.08712074 -0.02578188 0.27549991 121 121 121
-0.05851866 -0.0434488 0.29985422 107 107 107
-0.06208156 -0.0416407 0.29891187 109 109 109
-0.06348009 -0.04431389 0.30227846 113 113 113
-0.05064161 -0.01738648 0.26898709 109 109 109
-0.05817328 -0.0428982 0.29946065 100 100 100
-0.08776277 -0.02754723 0.27772012 110 110 110
-0.0444509 -0.01507071 0.26424095 96 96 96
-0.05935668 -0.04529163 0.30270079 122 122 122
-0.04428608 -0.01483787 0.26403478 107 107 107
-0.0897839 -0.03234211 0.28340811 107 107 107
-0.05920739 -0.04397986 0.30243647 105 105 105
-0.08630639 -0.0249223 0.27436861 90 90 90
-0.06386206 -0.04328725 0.30154219 114 114 114
-0.05370382 -0.01442648 0.27434263 59 59 59
-0.06401961 -0.0437839 0.30172122 123 123 123
-0.06426644 -0.04539583 0.30238 101 101 101
-0.08895773 -0.03086264 0.28164873 123 123 123
-0.05370194 -0.01419001 0.27381426 73 73 73
-0.06410559 -0.04342518 0.3014901 109 109 109
-0.08162879 -0.03810687 0.29373363 111 111 111
-0.05427933 -0.01432341 0.27456254 75 75 75
-0.08927234 -0.03184817 0.28279015 120 120 120
-0.04393876 -0.01449465 0.26400256 110 110 110
-0.05413305 -0.01439756 0.27416462 93 93 93
-0.06303361 -0.04157192 0.29807425 124 124 124
-0.08827265 -0.02908428 0.28012288 114 114 114
-0.08958029 -0.03272318 0.28389376 101 101 101
-0.06460498 -0.0448906 0.30198944 111 111 111
-0.05367463 -0.01499207 0.27284282 108 108 108
-0.05433907 -0.01481977 0.2740657 103 103 103
-0.08834071 -0.02928583 0.28050429 110 110 110
-0.08954615 -0.03284035 0.28406411 102 102 102
-0.0646282 -0.04395923 0.30153242 125 125 125
-0.06472484 -0.04405147 0.30154064 126 126 126
-0.08715323 -0.0272545 0.27771693 127 127 127
-0.08853542 -0.0294415 0.28111669 108 108 108
-0.05869974 -0.0444495 0.30255595 101 101 101
-0.05480482 -0.01492983 0.27444935 100 100 100
-0.0648962 -0.04414608 0.30152562 117 117 117
-0.05484191 -0.01508388 0.27435422 100 100 100
-0.05407833 -0.01595896 0.27265716 103 103 103
-0.05405678 -0.01603526 0.27255854 104 104 104
-0.04502338 -0.01656236 0.26773641 106 106 106
-0.05366805 -0.01635757 0.27159384 117 117 117
-0.08687524 -0.0255403 0.27707684 114 114 114
-0.08804672 -0.02889318 0.28038952 108 108 108
-0.08913451 -0.03240817 0.28363472 142 142 142
-0.05394404 -0.01644592 0.27205619 114 114 114
-0.04489414 -0.01616973 0.26761541 129 129 129
-0.08625477 -0.0251405 0.27587849 111 111 111
-0.08755304 -0.02798915 0.27930841 112 112 112
-0.08872724 -0.03116311 0.28265271 120 120 120
-0.05299155 -0.01487579 0.26940998 106 106 106
-0.05480658 -0.01598712 0.2734175 102 102 102
-0.0532138 -0.01543385 0.26978934 124 124 124
-0.08701602 -0.02554962 0.27766934 105 105 105
-0.08846506 -0.03058919 0.28213301 121 121 121
-0.06527363 -0.04413062 0.30136788 119 119 119
-0.05378933 -0.01678545 0.27107137 119 119 119
-0.05792283 -0.04368903 0.3014648 127 127 127
-0.08694859 -0.0254741 0.27772677 114 114 114
-0.08838364 -0.03046187 0.28211471 122 122 122
-0.05467049 -0.01654536 0.27280265 96 96 96
-0.05323121 -0.01511819 0.26934272 132 132 132
-0.06407667 -0.04208788 0.2979067 104 104 104
-0.05360965 -0.01636577 0.27018252 125 125 125
-0.08680159 -0.02538757 0.27759746 122 122 122
-0.08823661 -0.03010705 0.28191835 121 121 121
-0.057443 -0.04301729 0.30054009 125 125 125
-0.05504832 -0.01648034 0.27320459 94 94 94
-0.05350451 -0.01566609 0.26962188 122 122 122
-0.08509044 -0.02409067 0.27401856 119 119 119
-0.08674278 -0.0270186 0.27819788 119 119 119
-0.0882652 -0.03031022 0.28221843 122 122 122
-0.05496131 -0.01675934 0.27290937 98 98 98
-0.05352656 -0.01542101 0.26940292 121 121 121
-0.06562829 -0.0438561 0.30108947 123 123 123
-0.08668808 -0.02692972 0.2781601 118 118 118
-0.08817896 -0.03017473 0.28219756 123 123 123
-0.05527283 -0.01652102 0.27336052 95 95 95
-0.05370978 -0.01598888 0.2697283 122 122 122
-0.06579673 -0.04459806 0.30134583 114 114 114
-0.05451127 -0.01737035 0.27158991 113 113 113
-0.05369883 -0.01560372 0.26945898 120 120 120
-0.08747229 -0.02807646 0.28034109 107 107 107
-0.0886417 -0.03159268 0.28375146 118 118 118
-0.0659172 -0.04478364 0.30140364 98 98 98
-0.05466614 -0.01745247 0.27168182 116 116 116
-0.04350703 -0.01548558 0.26525545 116 116 116
-0.08644188 -0.02502555 0.27760202 124 124 124
-0.08763316 -0.02848852 0.28097424 104 104 104
-0.08869695 -0.03238844 0.28428239 124 124 124
-0.05400901 -0.01634333 0.26981828 129 129 129
-0.04336636 -0.01536352 0.26515049 115 115 115
-0.08494978 -0.02412737 0.27450997 114 114 114
-0.08665325 -0.02513054 0.27816564 116 116 116
-0.08793022 -0.02881555 0.28183493 111 111 111
-0.0888224 -0.03431987 0.28538385 117 117 117
-0.05409075 -0.0157783 0.2695083 115 115 115
-0.04326786 -0.01528631 0.26512727 113 113 113
-0.08572286 -0.02444908 0.2763285 115 115 115
-0.08756381 -0.02844255 0.28120637 103 103 103
-0.08860056 -0.03241576 0.28449303 123 123 123
-0.06626093 -0.04433395 0.30107749 98 98 98
-0.05722187 -0.04292933 0.30101407 118 118 118
-0.08551032 -0.02424736 0.27609867 113 113 113
-0.06636281 -0.04465156 0.30120981 97 97 97
-0.08809297 -0.03019462 0.2829901 110 110 110
-0.08884484 -0.03483182 0.28590959 103 103 103
-0.06638432 -0.04364635 0.30085322 98 98 98
-0.08614561 -0.02472016 0.27764362 118 118 118
-0.08739713 -0.02819225 0.28117636 104 104 104
-0.08847339 -0.03201833 0.28450364 118 118 118
-0.05750181 -0.04393059 0.30200648 129 129 129
-0.04429726 -0.01760647 0.26818314 95 95 95
-0.06657181 -0.04398968 0.30091816 102 102 102
-0.08647195 -0.02675732 0.27906507 119 119 119
-0.08793712 -0.0299978 0.28303507 120 120 120
-0.08870711 -0.03496204 0.28605175 100 100 100
-0.05735964 -0.04372478 0.30185807 135 135 135
-0.04297013 -0.01495498 0.26505426 114 114 114
-0.05468484 -0.01518853 0.26925752 106 106 106
-0.08645648 -0.02673456 0.27926233 106 106 106
-0.08769607 -0.02948309 0.28258201 121 121 121
-0.08851362 -0.03456248 0.28572252 119 119 119
-0.05360113 -0.01381665 0.26628247 134 134 134
-0.05894673 -0.04648275 0.3061749 128 128 128
-0.05504246 -0.01756036 0.26999444 122 122 122
-0.08618139 -0.02475135 0.27825883 129 129 129
-0.087651 -0.02940914 0.28261501 120 120 120
-0.08840834 -0.03433767 0.2856307 121 121 121
-0.0576029 -0.04501078 0.3029536 122 122 122
-0.05846683 -0.04673364 0.30521658 100 100 100
-0.06687269 -0.04351515 0.30054498 109 109 109
-0.08698896 -0.02750519 0.28092757 107 107 107
-0.08817087 -0.0309974 0.28435287 122 122 122
-0.05512324 -0.01645847 0.26959428 132 132 132
-0.05753223 -0.04506384 0.30303654 115 115 115
-0.05402438 -0.0142138 0.26653388 117 117 117
-0.0857925 -0.02437514 0.27781782 122 122 122
-0.08722575 -0.02806798 0.28175992 106 106 106
-0.08828518 -0.03213582 0.28508788 120 120 120
-0.0540225 -0.01407306 0.26631716 113 113 113
-0.05852592 -0.0464488 0.30579489 124 124 124
-0.08585354 -0.0244355 0.27814314 131 131 131
-0.08728206 -0.02818085 0.28207216 107 107 107
-0.08828921 -0.03219677 0.28536382 121 121 121
-0.043085 -0.01585591 0.26627609 126 126 126
-0.05778446 -0.04644657 0.3042357 106 106 106
-0.08596222 -0.02453835 0.27854839 131 131 131
-0.08739111 -0.02821529 0.28250986 118 118 118
-0.08815138 -0.03432028 0.28592101 119 119 119
-0.05416323 -0.01382209 0.26596475 146 146 146
-0.05423181 -0.01373329 0.26586616 133 133 133
-0.04267269 -0.01507555 0.2656588 105 105 105
-0.0861799 -0.02642556 0.27972785 110 110 110
-0.08763094 -0.02979078 0.28369546 111 111 111
-0.08820329 -0.03543245 0.28651944 120 120 120
-0.05591532 -0.01735016 0.26987755 99 99 99
-0.04264511 -0.01517586 0.26581889 106 106 106
-0.08643466 -0.02673114 0.28047359 109 109 109
-0.08769225 -0.03002816 0.28405997 125 125 125
-0.08823464 -0.0357521 0.28683755 111 111 111
-0.04263734 -0.01534917 0.26603529 113 113 113
-0.08420913 -0.02341135 0.27530682 127 127 127
-0.08687659 -0.02758369 0.2818855 108 108 108
-0.08796026 -0.03147013 0.28521076 121 121 121
-0.05601661 -0.01492031 0.26906103 111 111 111
-0.08215351 -0.02152307 0.27078402 114 114 114
-0.05620282 -0.0161729 0.26941428 113 113 113
-0.08737816 -0.02944491 0.28364033 110 110 110
-0.08793881 -0.03482384 0.28638101 120 120 120
-0.06771411 -0.04084512 0.29934436 112 112 112
-0.06774975 -0.04086906 0.29921857 115 115 115
-0.08643343 -0.02678682 0.28114682 104 104 104
-0.08765369 -0.03030281 0.2846365 129 129 129
-0.05638399 -0.01589539 0.26936176 112 112 112
-0.04285747 -0.01635459 0.26724908 111 111 111
-0.08381824 -0.02238133 0.27481979 112 112 112
-0.06788327 -0.04102211 0.29910418 129 129 129
-0.08729397 -0.0294185 0.2838839 117 117 117
-0.08789559 -0.03580503 0.28696567 119 119 119
-0.04257129 -0.01587033 0.26678774 101 101 101
-0.06782644 -0.04072696 0.29868147 123 123 123
-0.08569989 -0.02426614 0.27932623 127 127 127
-0.08716655 -0.02919043 0.2837387 115 115 115
-0.08780163 -0.0356714 0.28689942 122 122 122
-0.04286461 -0.01682983 0.26782256 105 105 105
-0.04333899 -0.01778047 0.2690402 111 111 111
-0.06788155 -0.04054562 0.29835999 119 119 119
-0.08641924 -0.02683403 0.28168437 106 106 106
-0.08770849 -0.03135714 0.28563637 124 124 124
-0.04222718 -0.01492327 0.26630431 113 113 113
-0.04341866 -0.01780637 0.26943508 110 110 110
-0.08364603 -0.02228975 0.27497631 116 116 116
-0.08582154 -0.02610812 0.28042197 116 116 116
-0.06797571 -0.04027399 0.29809436 109 109 109
-0.06013271 -0.01516225 0.27637401 61 61 61
-0.04289714 -0.01718085 0.2683264 98 98 98
-0.06801897 -0.04033298 0.29804686 112 112 112
-0.08612607 -0.02645156 0.28137973 107 107 107
-0.08756887 -0.03113487 0.2856808 130 130 130
-0.04214197 -0.01501059 0.26656878 114 114 114
-0.04275468 -0.01697933 0.26818562 94 94 94
-0.08371583 -0.02293115 0.27570501 125 125 125
-0.08607196 -0.02641627 0.28150153 108 108 108
-0.08769526 -0.03137942 0.28619111 119 119 119
-0.04186009 -0.01105371 0.26583555 65 65 65
-0.04316187 -0.01759341 0.26943317 111 111 111
-0.0839757 -0.02317736 0.27649608 119 119 119
-0.08691319 -0.02910579 0.28416488 132 132 132
-0.08767083 -0.03642065 0.28785002 106 106 106
-0.04213713 -0.01540612 0.26698798 108 108 108
-0.0434044 -0.01752409 0.27027026 110 110 110
-0.08528072 -0.02394787 0.2795594 127 127 127
-0.08742972 -0.03105034 0.28595838 127 127 127
-0.05600944 -0.04539276 0.30287817 119 119 119
-0.042324 -0.01623423 0.26775706 108 108 108
-0.05821711 -0.01582342 0.27062437 109 109 109
-0.08514584 -0.02388138 0.27945521 125 125 125
-0.08725605 -0.03052248 0.2856546 129 129 129
-0.05838369 -0.01598511 0.27078575 103 103 103
-0.04216702 -0.01586425 0.2675662 110 110 110
-0.04353115 -0.01723606 0.27100003 108 108 108
-0.08516516 -0.02387692 0.27965024 128 128 128
-0.05836529 -0.0154351 0.27045214 110 110 110
-0.0557953 -0.04515396 0.30281487 104 104 104
-0.0564231 -0.01300012 0.26550725 88 88 88
-0.0426268 -0.01704196 0.26899225 118 118 118
-0.08336526 -0.02185296 0.27561286 113 113 113
-0.08663112 -0.02706603 0.28377664 75 75 75
-0.08722835 -0.03604608 0.28759712 126 126 126
-0.05584734 -0.04610478 0.30317408 113 113 113
-0.042635 -0.01704741 0.26924661 108 108 108
-0.04326108 -0.01714223 0.27080682 107 107 107
-0.05870855 -0.01603345 0.27071708 118 118 118
-0.08658314 -0.02710887 0.28386477 75 75 75
-0.08716293 -0.03603385 0.28763726 124 124 124
-0.05899828 -0.01733384 0.27132577 117 117 117
-0.04144743 -0.01160668 0.26620024 58 58 58
-0.04294945 -0.01712231 0.27022991 112 112 112
-0.06910496 -0.04064243 0.29784352 99 99 99
-0.08533487 -0.02572982 0.28110346 116 116 116
-0.08695428 -0.03008664 0.28565574 118 118 118
-0.08718509 -0.03641052 0.28794193 119 119 119
-0.06906611 -0.03999758 0.29739463 107 107 107
-0.05897651 -0.01643805 0.27076006 119 119 119
-0.04244588 -0.01680431 0.26920894 115 115 115
-0.08345871 -0.02283081 0.27676022 124 124 124
-0.07009087 -0.04191148 0.29985198 116 116 116
-0.08709912 -0.03266801 0.28688058 117 117 117
-0.05882365 -0.01467563 0.2698749 103 103 103
-0.04191164 -0.01562473 0.26800603 110 110 110
-0.04330602 -0.01673829 0.27149853 105 105 105
-0.08299647 -0.02179122 0.27560437 119 119 119
-0.08641016 -0.02875631 0.284563 117 117 117
-0.059302 -0.01727011 0.27116042 111 111 111
-0.05548685 -0.04554168 0.30311474 132 132 132
-0.05914221 -0.01608187 0.27043995 124 124 124
-0.04138948 -0.01227941 0.26682961 71 71 71
-0.04269001 -0.01683077 0.27023172 109 109 109
-0.08608089 -0.02689774 0.283494 114 114 114
-0.08711648 -0.03068802 0.2868005 109 109 109
-0.05934263 -0.0168379 0.27077135 114 114 114
-0.04107467 -0.01164502 0.26613823 53 53 53
-0.04274166 -0.01674238 0.27058113 110 110 110
-0.06944527 -0.03994374 0.29723769 115 115 115
-0.05927321 -0.01599226 0.27032584 131 131 131
-0.08634831 -0.0289174 0.28490952 122 122 122
-0.05525436 -0.04515513 0.30302307 109 109 109
-0.05944223 -0.01673328 0.27060187 122 122 122
-0.04193294 -0.01591226 0.26876912 111 111 111
-0.07061822 -0.04322566 0.30002466 123 123 123
-0.0834132 -0.02278038 0.2773712 125 125 125
-0.05934618 -0.01479251 0.26975626 120 120 120
-0.08686154 -0.03316268 0.28735811 115 115 115
-0.04132255 -0.01271478 0.26725784 73 73 73
-0.07042092 -0.04109043 0.29901651 125 125 125
-0.05961156 -0.01688466 0.27056891 123 123 123
-0.08457567 -0.02351032 0.28008276 123 123 123
-0.08603054 -0.02732512 0.28413433 75 75 75
-0.08676143 -0.03211661 0.28705949 120 120 120
-0.0595361 -0.01518322 0.26989934 131 131 131
-0.04203482 -0.01608107 0.26944232 102 102 102
-0.07076582 -0.04263889 0.29964176 121 121 121
-0.0596787 -0.01648034 0.27029753 126 126 126
-0.08478717 -0.02392065 0.28081769 68 68 68
-0.05503007 -0.04527577 0.30311278 112 112 112
-0.07079227 -0.04224103 0.29942334 121 121 121
-0.0412733 -0.0130445 0.2676419 70 70 70
-0.0420371 -0.01602687 0.26973483 110 110 110
-0.0709035 -0.04273633 0.29955044 123 123 123
-0.08337707 -0.02273553 0.27786255 128 128 128
-0.08579958 -0.0273702 0.28419709 71 71 71
-0.0866614 -0.03235844 0.28728744 117 117 117
-0.04132615 -0.01329798 0.2679624 77 77 77
-0.07114878 -0.04379348 0.30005431 125 125 125
-0.05993935 -0.01667681 0.27022973 123 123 123
-0.07112723 -0.04355617 0.29977924 126 126 126
-0.08434544 -0.02337301 0.28020903 122 122 122
-0.08657735 -0.03020149 0.28671679 134 134 134
-0.05999378 -0.0158118 0.269988 123 123 123
-0.04193849 -0.01578904 0.26991832 106 106 106
-0.07125819 -0.04374646 0.29986113 121 121 121
-0.06010162 -0.01686296 0.27021357 125 125 125
-0.05472396 -0.04760006 0.30319238 111 111 111
-0.08582659 -0.02771218 0.28463456 107 107 107
-0.0865547 -0.03286518 0.28760794 118 118 118
-0.0713459 -0.04385697 0.29992998 123 123 123
-0.04277857 -0.01563379 0.27217993 114 114 114
-0.07133833 -0.04365918 0.29965296 119 119 119
-0.08021447 -0.02091425 0.27147099 127 127 127
-0.0844621 -0.02413536 0.28105858 70 70 70
-0.08636656 -0.02996428 0.28659666 132 132 132
-0.04078418 -0.01310224 0.26732075 54 54 54
-0.04256727 -0.01564467 0.27189174 112 112 112
-0.07046294 -0.04040011 0.29694447 107 107 107
-0.05461557 -0.04793065 0.30329454 105 105 105
-0.07039923 -0.03961267 0.29642469 117 117 117
-0.08560292 -0.02755842 0.28458878 80 80 80
-0.04070923 -0.0132053 0.2673918 52 52 52
-0.0420006 -0.01553047 0.2707454 110 110 110
-0.04289335 -0.01498965 0.27291718 96 96 96
-0.05333263 -0.04382309 0.30021563 128 128 128
-0.0405664 -0.01308998 0.26722583 51 51 51
-0.04182965 -0.01530316 0.27051073 108 108 108
-0.04259833 -0.01511233 0.27246547 105 105 105
-0.07140963 -0.04233111 0.29876077 119 119 119
-0.08654316 -0.03623461 0.28912991 105 105 105
-0.05436249 -0.0467082 0.30307046 127 127 127
-0.07063012 -0.03994048 0.29637468 116 116 116
-0.08393405 -0.02315203 0.28030625 114 114 114
-0.08517691 -0.02744577 0.28401607 72 72 72
-0.08629585 -0.03223929 0.28767508 119 119 119
-0.04214685 -0.01531377 0.27152905 109 109 109
-0.07083741 -0.04057012 0.2966828 130 130 130
-0.05434245 -0.04789567 0.30330357 112 112 112
-0.07084996 -0.04047322 0.29654369 124 124 124
-0.0845071 -0.02545149 0.28228974 113 113 113
-0.08624666 -0.03336101 0.28809974 117 117 117
-0.06086494 -0.01565747 0.26976353 138 138 138
-0.0422176 -0.01511256 0.27190331 100 100 100
-0.07088394 -0.0403442 0.29639861 120 120 120
-0.05425221 -0.0477998 0.3032887 112 112 112
-0.08433627 -0.02527422 0.28214702 125 125 125
-0.04082032 -0.01406338 0.26852018 59 59 59
-0.08611594 -0.03593784 0.2887485 120 120 120
-0.07158866 -0.04144449 0.2980262 116 116 116
-0.06103507 -0.01712374 0.27001047 130 130 130
-0.07979017 -0.02060971 0.27170321 120 120 120
-0.08421553 -0.0250468 0.28198886 124 124 124
-0.08606511 -0.02973715 0.28711087 122 122 122
-0.06116767 -0.01783994 0.27030814 116 116 116
-0.04139242 -0.01442955 0.27029333 85 85 85
-0.07188527 -0.04249167 0.29840806 111 111 111
-0.05402631 -0.04633091 0.30308113 123 123 123
-0.07206353 -0.0435833 0.29883373 112 112 112
-0.08476695 -0.02754061 0.28407601 73 73 73
-0.08604427 -0.03225393 0.28795326 117 117 117
-0.04050013 -0.01397849 0.26815972 56 56 56
-0.04201803 -0.01489546 0.27206078 77 77 77
-0.0795872 -0.02043755 0.27168456 116 116 116
-0.08412225 -0.02507541 0.28218281 126 126 126
-0.08597879 -0.02968414 0.28726965 115 115 115
-0.05399108 -0.04757436 0.30329624 111 111 111
-0.04023461 -0.01370381 0.26771104 55 55 55
-0.04173993 -0.01476437 0.27147648 71 71 71
-0.07218087 -0.04184714 0.29808456 113 113 113
-0.08374497 -0.0244517 0.28148845 68 68 68
-0.08595479 -0.02991267 0.28746468 81 81 81
-0.05384985 -0.04636921 0.30313089 120 120 120
-0.0410472 -0.01451623 0.27012497 62 62 62
-0.07150158 -0.0405676 0.29617548 113 113 113
-0.08278096 -0.02240401 0.27912372 129 129 129
-0.084118 -0.02539002 0.28272334 114 114 114
-0.08582374 -0.03146976 0.28789109 120 120 120
-0.04417081 -0.04621318 0.30438763 47 47 47
-0.07244218 -0.0418244 0.29808706 106 106 106
-0.08261055 -0.02218925 0.27889308 127 127 127
-0.08397623 -0.02512966 0.28251299 129 129 129
-0.08571708 -0.02956447 0.28731209 108 108 108
-0.04743829 -0.04817825 0.30402249 108 108 108
-0.0443097 -0.04617794 0.30451047 52 52 52
-0.08251487 -0.02204536 0.27887475 124 124 124
-0.08437303 -0.02596754 0.28373525 133 133 133
-0.08571877 -0.03211764 0.28822887 114 114 114
-0.07286691 -0.04288132 0.29843345 103 103 103
-0.05358741 -0.0476547 0.30341071 115 115 115
-0.0832079 -0.02431312 0.28112286 66 66 66
-0.08548649 -0.0292368 0.28712913 120 120 120
-0.08567383 -0.03690277 0.28966486 110 110 110
-0.05350748 -0.04766659 0.30343637 115 115 115
-0.08260796 -0.02233005 0.27948573 129 129 129
-0.08423647 -0.02769503 0.28435767 68 68 68
-0.08559139 -0.03539595 0.2892805 121 121 121
-0.05343858 -0.04801312 0.30352139 117 117 117
-0.06480318 -0.01540977 0.27462491 89 89 89
-0.08308702 -0.02438403 0.28128785 66 66 66
-0.08533045 -0.02978261 0.28737697 75 75 75
-0.08559801 -0.03798952 0.29020655 105 105 105
-0.07341662 -0.04147316 0.29813969 107 107 107
-0.08239333 -0.02206922 0.27940345 127 127 127
-0.08410712 -0.02586926 0.28401399 126 126 126
-0.08546218 -0.03243333 0.28858018 115 115 115
-0.06541321 -0.01548272 0.27528998 83 83 83
-0.06536707 -0.0157629 0.27502415 95 95 95
-0.07889747 -0.01987867 0.2718479 132 132 132
-0.08374175 -0.02538419 0.28328305 132 132 132
-0.08539054 -0.03199945 0.28850266 116 116 116
-0.06477439 -0.01663602 0.27371162 106 106 106
-0.06588615 -0.01557823 0.27560592 81 81 81
-0.07883768 -0.01982767 0.27188495 128 128 128
-0.08277451 -0.02417326 0.28117192 66 66 66
-0.08519533 -0.03006187 0.28777668 71 71 71
-0.08531301 -0.03842783 0.29034391 99 99 99
-0.06508086 -0.01695009 0.27374765 97 97 97
-0.05580827 -0.04698648 0.31041646 61 61 61
-0.08266424 -0.02396443 0.28108847 69 69 69
-0.08470058 -0.02807074 0.28637668 125 125 125
-0.08523077 -0.03333901 0.28898197 119 119 119
-0.04475787 -0.04498523 0.30443674 53 53 53
-0.05301031 -0.04813463 0.30373722 112 112 112
-0.06438474 -0.0169691 0.2717858 117 117 117
-0.06545226 -0.01716814 0.27391642 99 99 99
-0.06448767 -0.01716084 0.27184382 110 110 110
-0.06435864 -0.01668948 0.27151904 122 122 122
-0.0639866 -0.01564047 0.27036881 113 113 113
-0.07421692 -0.04173667 0.29791093 102 102 102
-0.04461893 -0.0442044 0.30399752 51 51 51
-0.06427799 -0.01592173 0.2709181 113 113 113
-0.08218335 -0.02190521 0.27991453 124 124 124
-0.08388536 -0.02784252 0.28508368 68 68 68
-0.08512752 -0.03261901 0.2889249 112 112 112
-0.06489267 -0.01762412 0.27238786 110 110 110
-0.05282278 -0.04784365 0.30372339 115 115 115
-0.06463072 -0.01707853 0.27155489 111 111 111
-0.07894457 -0.02000851 0.27296418 117 117 117
-0.08352169 -0.02541136 0.28384286 138 138 138
-0.08505689 -0.03203056 0.28881001 117 117 117
-0.06548454 -0.01763887 0.27334213 107 107 107
-0.06439465 -0.01581416 0.27057168 121 121 121
-0.05273128 -0.04756292 0.30369386 117 117 117
-0.06450155 -0.01593598 0.27059317 125 125 125
-0.07495907 -0.0362941 0.297427 65 65 65
-0.08335615 -0.02510736 0.28361583 120 120 120
-0.08499315 -0.03239368 0.28897658 114 114 114
-0.06490882 -0.01727076 0.2715846 103 103 103
-0.04604191 -0.04717167 0.30714706 61 61 61
-0.06499057 -0.01718742 0.27147377 104 104 104
-0.07889596 -0.01996464 0.27320907 124 124 124
-0.08298902 -0.02461945 0.28288069 60 60 60
-0.08490398 -0.03156685 0.28876328 119 119 119
-0.06500764 -0.01700439 0.27131629 114 114 114
-0.0649609 -0.01645171 0.27089462 105 105 105
-0.07866529 -0.01978027 0.27289462 130 130 130
-0.08318354 -0.02471028 0.2835401 109 109 109
-0.08485411 -0.032033 0.28898427 118 118 118
-0.06476338 -0.01578554 0.27016023 120 120 120
-0.04560488 -0.04631971 0.30588764 59 59 59
-0.07527167 -0.04058933 0.2978352 100 100 100
-0.08081309 -0.02053529 0.27772436 95 95 95
-0.08353739 -0.02781632 0.28530696 58 58 58
-0.08491249 -0.03419562 0.28999829 113 113 113
-0.0750681 -0.03938505 0.29685313 114 114 114
-0.04630564 -0.04715738 0.30738825 59 59 59
-0.07820378 -0.01830132 0.27202594 116 116 116
-0.08197058 -0.02179705 0.28069118 118 118 118
-0.04485134 -0.04262956 0.30361661 55 55 55
-0.08463032 -0.0361966 0.29008847 115 115 115
-0.075139 -0.03915185 0.29653248 109 109 109
-0.07804158 -0.01824543 0.2717801 128 128 128
-0.08198174 -0.02362049 0.28140122 60 60 60
-0.0846337 -0.03153412 0.28898382 118 118 118
-0.07567611 -0.04080788 0.29766005 116 116 116
-0.04611417 -0.04666738 0.3066569 60 60 60
-0.04494586 -0.04309243 0.30365828 54 54 54
-0.07573552 -0.04073251 0.29754466 105 105 105
-0.08191989 -0.02358762 0.28143054 63 63 63
-0.0846071 -0.03287994 0.28950369 117 117 117
-0.07583766 -0.04106009 0.29765499 107 107 107
-0.06513096 -0.01493991 0.26884675 126 126 126
-0.07575709 -0.04001162 0.29708943 110 110 110
-0.08271441 -0.0247601 0.28358772 58 58 58
-0.08459549 -0.03344731 0.28985488 117 117 117
-0.04609453 -0.0465013 0.30645043 61 61 61
-0.0663086 -0.01739366 0.27179566 119 119 119
-0.07539263 -0.03843361 0.29571849 113 113 113
-0.08164935 -0.02306657 0.28118879 61 61 61
-0.08327772 -0.02789085 0.2857666 60 60 60
-0.08438654 -0.03701223 0.29053035 117 117 117
-0.06647114 -0.01750026 0.2717948 118 118 118
-0.04600509 -0.04609772 0.30596632 59 59 59
-0.07611739 -0.04092294 0.29741305 107 107 107
-0.07868523 -0.01982437 0.27433565 137 137 137
-0.08390609 -0.02776769 0.28720358 125 125 125
-0.0841606 -0.03903972 0.29082802 125 125 125
-0.07611473 -0.03988093 0.29702133 109 109 109
-0.07627163 -0.04123367 0.2974093 111 111 111
-0.07841803 -0.01960977 0.27395841 134 134 134
-0.08364653 -0.02925394 0.28733835 68 68 68
-0.08428574 -0.03592816 0.29043078 110 110 110
-0.0762862 -0.03970113 0.29691821 112 112 112
-0.04616232 -0.04624011 0.30617446 70 70 70
-0.06688613 -0.0180451 0.27191529 116 116 116
-0.07767329 -0.01846583 0.27232903 124 124 124
-0.07583307 -0.03865523 0.29545453 122 122 122
-0.08416273 -0.03003079 0.28877953 80 80 80
-0.08411428 -0.03931943 0.29119772 125 125 125
-0.07645024 -0.0396672 0.29685721 110 110 110
-0.07661681 -0.04179447 0.29747862 113 113 113
-0.04594034 -0.04538805 0.30524918 61 61 61
-0.0759622 -0.03868226 0.29539162 138 138 138
-0.0802426 -0.02023415 0.27830911 105 105 105
-0.08307748 -0.02801431 0.2861934 62 62 62
-0.08392148 -0.03904457 0.29092908 125 125 125
-0.0766182 -0.04037319 0.29696679 106 106 106
-0.06588933 -0.0150569 0.2683315 121 121 121
-0.07591433 -0.01834051 0.26905879 101 101 101
-0.08117053 -0.02256456 0.2810443 59 59 59
-0.08416412 -0.03218982 0.28977081 119 119 119
-0.06709114 -0.01652739 0.2710163 131 131 131
-0.04743792 -0.04769304 0.30888841 65 65 65
-0.06742885 -0.01843304 0.27195248 116 116 116
-0.07685175 -0.04170916 0.29716089 117 117 117
-0.07618691 -0.0385293 0.29505491 118 118 118
-0.08287432 -0.02787858 0.28620589 62 62 62
-0.08401207 -0.03623768 0.29077813 115 115 115
-0.07689935 -0.041551 0.29702434 112 112 112
-0.06731349 -0.01663365 0.27090457 116 116 116
-0.04756706 -0.04774087 0.30900022 66 66 66
-0.07991196 -0.02022465 0.27819079 116 116 116
-0.08318873 -0.02867738 0.28720513 65 65 65
-0.04588841 -0.04450228 0.30468461 59 59 59
-0.067474 -0.01704579 0.27115265 125 125 125
-0.07645911 -0.03865491 0.29509211 121 121 121
-0.0663835 -0.01519474 0.26817209 110 110 110
-0.07706657 -0.04048205 0.29655051 108 108 108
-0.07659511 -0.03870079 0.29511109 124 124 124
-0.08389705 -0.03593072 0.29083732 111 111 111
-0.05080807 -0.04724054 0.30342633 110 110 110
-0.045686 -0.04356313 0.30402619 59 59 59
-0.07545313 -0.01766848 0.26869234 117 117 117
-0.06774621 -0.01766555 0.27122831 118 118 118
-0.08336555 -0.02988278 0.28830862 60 60 60
-0.08358205 -0.03897403 0.29117191 127 127 127
-0.07667602 -0.03858018 0.29486918 120 120 120
-0.07729051 -0.04139873 0.29663831 110 110 110
-0.07842087 -0.01948149 0.27550021 126 126 126
-0.0666693 -0.01522311 0.2680423 125 125 125
-0.08378927 -0.03149737 0.28980586 113 113 113
-0.05061138 -0.04765672 0.30347586 104 104 104
-0.04703724 -0.04819778 0.30721173 124 124 124
-0.06806819 -0.01847595 0.27151516 108 108 108
-0.07731048 -0.03940044 0.29584748 118 118 118
-0.07955085 -0.02011027 0.27817544 116 116 116
-0.08382615 -0.03190202 0.2902042 112 112 112
-0.06803907 -0.01757249 0.27105674 113 113 113
-0.0770577 -0.03878455 0.29490757 113 113 113
-0.05045885 -0.04812441 0.30353963 103 103 103
-0.04580579 -0.04294194 0.30374512 57 57 57
-0.0770018 -0.03843223 0.29455492 120 120 120
-0.08323935 -0.03005784 0.28875259 69 69 69
-0.08349757 -0.03938648 0.29163474 138 138 138
-0.07759098 -0.04062602 0.29610035 105 105 105
-0.06712231 -0.01545076 0.26797941 120 120 120
-0.07508491 -0.01731816 0.2686694 98 98 98
-0.06837846 -0.01763609 0.27100456 113 113 113
-0.08385503 -0.0321009 0.29066896 99 99 99
-0.07780259 -0.04189519 0.29642347 103 103 103
-0.04707307 -0.0480818 0.30687287 119 119 119
-0.06843646 -0.01733128 0.27086073 101 101 101
-0.07733689 -0.03868829 0.29453707 121 121 121
-0.08307032 -0.02995626 0.28869206 65 65 65
-0.0832819 -0.03891202 0.29150844 126 126 126
-0.07783294 -0.03998348 0.2956892 113 113 113
-0.07799444 -0.0419739 0.29631251 106 106 106
-0.07821853 -0.019193 0.27602565 124 124 124
-0.08349196 -0.03117008 0.29005554 116 116 116
-0.078055 -0.0418111 0.29616648 107 107 107
-0.04681658 -0.04775295 0.30601922 108 108 108
-0.06764488 -0.01583397 0.26799411 111 111 111
-0.07486068 -0.01749509 0.26880956 88 88 88
-0.07937792 -0.0211453 0.27911717 66 66 66
-0.0832262 -0.03928127 0.29186144 121 121 121
-0.07817051 -0.0413977 0.29592443 99 99 99
-0.047536 -0.0483589 0.30761519 108 108 108
-0.07477012 -0.01715476 0.26868683 112 112 112
-0.07824662 -0.03368141 0.29410413 60 60 60
-0.08329667 -0.03065093 0.2899462 117 117 117
-0.04862726 -0.04558434 0.30047509 113 113 113
-0.07826676 -0.04010542 0.2954711 107 107 107
-0.04973886 -0.0482743 0.30353919 110 110 110
-0.07850081 -0.03465957 0.29448584 60 60 60
-0.07204703 -0.01715459 0.27672097 64 64 64
-0.07133505 -0.01648213 0.2749981 67 67 67
-0.0784498 -0.04028623 0.29550657 103 103 103
-0.04720263 -0.04826544 0.306483 109 109 109
-0.04961719 -0.04872515 0.30353081 121 121 121
-0.07857157 -0.0418992 0.29590252 113 113 113
-0.07874492 -0.03501766 0.29468238 66 66 66
-0.08326606 -0.03211334 0.29072157 63 63 63
-0.07159228 -0.01645213 0.27518061 73 73 73
-0.07864381 -0.04123785 0.29571432 110 110 110
-0.071729 -0.01639134 0.27513328 73 73 73
-0.07876024 -0.04046895 0.29552007 116 116 116
-0.07890131 -0.01976326 0.27857378 107 107 107
-0.08314204 -0.03140952 0.29041132 87 87 87
-0.08302893 -0.03938511 0.29226956 121 121 121
-0.04951911 -0.04689267 0.30353403 121 121 121
-0.07880772 -0.0402915 0.29544371 94 94 94
-0.06845406 -0.01585125 0.26770166 82 82 82
-0.08266533 -0.03024979 0.28934172 62 62 62
-0.08300871 -0.0394783 0.29241514 127 127 127
-0.07849638 -0.03911358 0.29436603 87 87 87
-0.04804989 -0.04845628 0.30819353 109 109 109
-0.04661983 -0.04729363 0.30463946 116 116 116
-0.07791661 -0.01865354 0.27668616 113 113 113
-0.07912728 -0.03503482 0.29453775 64 64 64
-0.08304974 -0.03436159 0.29137692 114 114 114
-0.04932101 -0.0490869 0.30360466 115 115 115
-0.07919383 -0.03465914 0.29427683 67 67 67
-0.04815345 -0.04572425 0.30082643 118 118 118
-0.07806411 -0.0190353 0.27725756 119 119 119
-0.08261869 -0.0304752 0.28974104 63 63 63
-0.08292817 -0.03957368 0.2926999 131 131 131
-0.04753572 -0.04863723 0.3066541 121 121 121
-0.048122 -0.04576929 0.30090675 122 122 122
-0.0773313 -0.01782613 0.27560845 68 68 68
-0.0825448 -0.03054607 0.28973427 66 66 66
-0.08272922 -0.03815456 0.29210815 120 120 120
-0.04818873 -0.04600868 0.30140147 116 116 116
-0.0740825 -0.01724662 0.26892328 120 120 120
-0.07237124 -0.0177633 0.27511141 105 105 105
-0.08281987 -0.03474591 0.29158175 114 114 114
-0.04902665 -0.0493578 0.30378324 122 122 122
-0.04750229 -0.0486789 0.30637369 118 118 118
-0.04638533 -0.0417635 0.3035396 57 57 57
-0.07996179 -0.03487511 0.29474404 94 94 94
-0.04890865 -0.04842628 0.30365124 113 113 113
-0.08260128 -0.0374764 0.29208237 111 111 111
-0.07997328 -0.03468828 0.29465273 99 99 99
-0.0481881 -0.04874391 0.30782408 109 109 109
-0.07747214 -0.01840364 0.27666441 63 63 63
-0.08226412 -0.03015869 0.28960007 63 63 63
-0.08261099 -0.03905302 0.29265037 123 123 123
-0.0465691 -0.04665954 0.30377752 111 111 111
-0.04779459 -0.0458087 0.3012068 126 126 126
-0.07511712 -0.01930822 0.2721802 122 122 122
-0.08247198 -0.03653574 0.29192999 113 113 113
-0.0719173 -0.01825365 0.27320629 121 121 121
-0.07244976 -0.01864552 0.27427009 105 105 105
-0.04721976 -0.04841464 0.30519572 106 106 106
-0.07376517 -0.01710279 0.26900133 120 120 120
-0.0776986 -0.01882648 0.27766442 64 64 64
-0.08250549 -0.03901574 0.2928097 120 120 120
-0.07276802 -0.01861553 0.27468315 101 101 101
-0.04772747 -0.0459427 0.30147555 122 122 122
-0.07974618 -0.03111685 0.29226992 61 61 61
-0.07271187 -0.01873297 0.27442315 109 109 109
-0.07220564 -0.01861451 0.27331787 117 117 117
-0.08021441 -0.03376485 0.29368022 109 109 109
-0.04737945 -0.04862603 0.30542544 106 106 106
-0.07369345 -0.01724074 0.26924348 107 107 107
-0.07181065 -0.01777191 0.27209964 132 132 132
-0.04849984 -0.0481368 0.30369186 117 117 117
-0.04870246 -0.04954533 0.30430534 120 120 120
-0.07217533 -0.01848578 0.27283916 126 126 126
-0.04843452 -0.04870195 0.30386204 117 117 117
-0.07998523 -0.03130696 0.29218504 60 60 60
-0.0822894 -0.03517127 0.29199001 115 115 115
-0.07154067 -0.01691318 0.27079388 109 109 109
-0.04782015 -0.04900065 0.30629277 113 113 113
-0.04662758 -0.0463358 0.30326048 109 109 109
-0.07193024 -0.01760367 0.27167201 134 134 134
-0.04756675 -0.04600302 0.30169412 135 135 135
-0.08046481 -0.03632346 0.29406053 121 121 121
-0.08227448 -0.0377139 0.29287156 114 114 114
-0.04733482 -0.04539599 0.30143088 115 115 115
-0.08052772 -0.03496352 0.29363829 108 108 108
-0.07454328 -0.01853353 0.27199358 115 115 115
-0.04832538 -0.04907757 0.30736509 117 117 117
-0.04805759 -0.04912286 0.30661815 116 116 116
-0.04679067 -0.04684164 0.30344877 118 118 118
-0.08058866 -0.03559099 0.2937187 119 119 119
-0.07178961 -0.01660907 0.27044308 102 102 102
-0.07474878 -0.01957118 0.27286369 121 121 121
-0.08065763 -0.0359874 0.29374585 108 108 108
-0.08204605 -0.03600907 0.29232329 108 108 108
-0.0718006 -0.01654555 0.27022424 103 103 103
-0.08069225 -0.03408494 0.29316494 103 103 103
-0.04744004 -0.04863487 0.30492219 105 105 105
-0.07336943 -0.01714537 0.26959318 101 101 101
-0.08205901 -0.0366656 0.29271385 110 110 110
-0.04747632 -0.04625968 0.30219948 120 120 120
-0.08078907 -0.03622738 0.29369196 110 110 110
-0.04718251 -0.04556113 0.30170783 118 118 118
-0.07422253 -0.01822726 0.27184707 111 111 111
-0.0808225 -0.03434175 0.29310271 105 105 105
-0.08199257 -0.03647377 0.29272386 110 110 110
-0.08095893 -0.037074 0.29385519 112 112 112
-0.04796166 -0.04916019 0.30598441 115 115 115
-0.0467843 -0.04639633 0.30298793 114 114 114
-0.04711828 -0.04548423 0.30176389 117 117 117
-0.08202261 -0.03885461 0.29355851 122 122 122
-0.08103436 -0.03711886 0.29382882 113 113 113
-0.07221413 -0.01671185 0.27020729 121 121 121
-0.08113159 -0.03757115 0.29394969 114 114 114
-0.07311454 -0.01698013 0.26963034 134 134 134
-0.08186637 -0.03622115 0.29278407 112 112 112
-0.08117844 -0.03684621 0.29366717 111 111 111
-0.04781577 -0.04907459 0.30535516 114 114 114
-0.04670765 -0.04570103 0.30257139 114 114 114
-0.07417534 -0.01852565 0.27240935 123 123 123
-0.08121244 -0.03570631 0.29325765 112 112 112
-0.08175485 -0.03562267 0.29259345 110 110 110
-0.08137961 -0.03828454 0.29404527 120 120 120
-0.04693174 -0.04535615 0.30198997 112 112 112
-0.0726096 -0.01697839 0.27031147 141 141 141
-0.08167917 -0.03517729 0.29251856 107 107 107
-0.08132534 -0.03544777 0.29303256 115 115 115
-0.04735943 -0.04806251 0.3039996 105 105 105
-0.07252147 -0.01669064 0.26982933 131 131 131
-0.07286964 -0.0168035 0.26960987 125 125 125
-0.07416392 -0.01922734 0.27292624 123 123 123
-0.08178647 -0.03740102 0.29347157 113 113 113
-0.08157418 -0.03714383 0.29357821 110 110 110
-0.07289279 -0.01704794 0.27034673 114 114 114
-0.07403978 -0.01905574 0.27285922 120 120 120
-0.06263022 -0.01249768 0.26604515 97 97 97
-0.0495047 -0.01265597 0.26413223 121 121 121
-0.04991681 -0.01185157 0.26411211 109 109 109
-0.06111257 -0.01580109 0.26979524 126 126 126
-0.06083008 -0.01701566 0.27001107 134 134 134
-0.0613759 -0.01654375 0.26995561 122 122 122
-0.06182872 -0.0129026 0.26595515 114 114 114
-0.06187467 -0.01258852 0.26596636 123 123 123
-0.04510783 -0.04221627 0.30358174 56 56 56
-0.04555205 -0.04164375 0.30355507 58 58 58
-0.08374397 -0.0245025 0.28248197 102 102 102
-0.0434386 -0.04595754 0.30361688 49 49 49
-0.04636882 -0.04087974 0.30353841 59 59 59
-0.07523046 -0.03827374 0.29592723 107 107 107
-0.04627801 -0.04158564 0.30350024 62 62 62
-0.07541946 -0.03790724 0.29550186 109 109 109
-0.04412946 -0.0457821 0.30424356 51 51 51
-0.06165193 -0.01219156 0.26601225 108 108 108
-0.04736635 -0.04038966 0.30334678 61 61 61
-0.0788127 -0.03254303 0.29323265 65 65 65
-0.046788 -0.04175342 0.30371791 64 64 64
-0.04694461 -0.04167818 0.303763 63 63 63
-0.04607628 -0.04328056 0.30399874 70 70 70
-0.04731714 -0.04128338 0.30375728 62 62 62
-0.04605482 -0.04364889 0.30410555 76 76 76
-0.04605226 -0.04385985 0.30414936 74 74 74
-0.06518123 -0.0144623 0.26864275 124 124 124
-0.04828662 -0.04019567 0.30336827 62 62 62
-0.07535837 -0.03784825 0.29561922 108 108 108
-0.04873328 -0.03961112 0.30317318 61 61 61
-0.04607655 -0.04433989 0.30409175 88 88 88
-0.08331779 -0.02532111 0.28436688 106 106 106
-0.04610318 -0.04446299 0.30400515 91 91 91
-0.06523576 -0.01507859 0.26886648 128 128 128
-0.04640926 -0.04416846 0.30299929 97 97 97
-0.06442554 -0.01634786 0.27108365 127 127 127
-0.04665064 -0.04391214 0.30251583 105 105 105
-0.04584458 -0.04527685 0.30516791 61 61 61
-0.04658754 -0.04422674 0.3025521 101 101 101
-0.04600855 -0.04516497 0.30494088 75 75 75
-0.04942442 -0.03942714 0.30321097 58 58 58
-0.0606982 -0.01260951 0.26592818 110 110 110
-0.04915358 -0.03997654 0.30343464 64 64 64
-0.04618378 -0.04531538 0.30405492 91 91 91
-0.08491863 -0.02276397 0.27415231 109 109 109
-0.06066786 -0.01246329 0.26590613 103 103 103
-0.04713219 -0.0440512 0.30170256 104 104 104
-0.04598716 -0.04579064 0.30563563 63 63 63
-0.04718156 -0.04414254 0.30161488 100 100 100
-0.0461059 -0.04584409 0.30546111 72 72 72
-0.04726136 -0.04420216 0.30150792 108 108 108
-0.04620658 -0.04592184 0.30476731 98 98 98
-0.04759942 -0.04382358 0.30130327 103 103 103
-0.04624801 -0.04606388 0.30454662 102 102 102
-0.04768704 -0.04382845 0.30121911 104 104 104
-0.04627324 -0.04614091 0.304456 101 101 101
-0.04771757 -0.04394974 0.30114853 107 107 107
-0.04640843 -0.04619797 0.30376029 104 104 104
-0.05015372 -0.03967132 0.30343679 59 59 59
-0.04663551 -0.0460264 0.3029618 114 114 114
-0.07717189 -0.03481216 0.29559812 68 68 68
-0.04687618 -0.04581566 0.30234063 119 119 119
-0.06680132 -0.01492713 0.26788026 125 125 125
-0.04649694 -0.04652004 0.30382204 106 106 106
-0.06674666 -0.01520314 0.26799154 133 133 133
-0.0478274 -0.04464954 0.30086061 111 111 111
-0.0674605 -0.01415667 0.26772872 116 116 116
-0.05110005 -0.03890866 0.30317032 63 63 63
-0.04797239 -0.04475106 0.30073458 113 113 113
-0.04659544 -0.04702678 0.30424091 103 103 103
-0.06737098 -0.01478206 0.26772124 118 118 118
-0.04812108 -0.04483896 0.30061865 112 112 112
-0.04800094 -0.04523389 0.30071306 116 116 116
-0.06744474 -0.01498132 0.26772502 122 122 122
-0.06724878 -0.01549908 0.26795009 115 115 115
-0.05172815 -0.03888394 0.3031415 61 61 61
-0.04912717 -0.04381263 0.30049413 114 114 114
-0.04866416 -0.04479266 0.30035308 117 117 117
-0.04838081 -0.04544333 0.30050898 111 111 111
-0.04826623 -0.04580797 0.30087772 125 125 125
-0.06824645 -0.01459222 0.26750141 121 121 121
-0.06824778 -0.01476493 0.26750016 114 114 114
-0.06800239 -0.01533792 0.26764098 106 106 106
-0.06813171 -0.01531974 0.26760429 94 94 94
-0.07513572 -0.03854203 0.29622421 106 106 106
-0.05241084 -0.03919779 0.30325741 62 62 62
-0.05033375 -0.04326846 0.30054635 114 114 114
-0.0494737 -0.04497716 0.30041727 106 106 106
-0.04951128 -0.04508919 0.30046684 106 106 106
-0.06839287 -0.01566995 0.26763493 95 95 95
-0.05305428 -0.0388347 0.30303872 60 60 60
-0.05047816 -0.04374812 0.30045548 115 115 115
-0.04223617 -0.00963911 0.26489905 55 55 55
-0.05333444 -0.03870402 0.30296487 65 65 65
-0.05025982 -0.04447384 0.30056655 111 111 111
-0.06925602 -0.01486002 0.2675088 99 99 99
-0.04200922 -0.01036156 0.26519692 58 58 58
-0.05351006 -0.03891864 0.30302283 61 61 61
-0.08918051 -0.03428089 0.28539926 101 101 101
-0.0693064 -0.01525892 0.26749408 103 103 103
-0.04260913 -0.00961297 0.26488328 53 53 53
-0.0514923 -0.04313679 0.30059007 123 123 123
-0.04232552 -0.01020527 0.26522523 56 56 56
-0.05371258 -0.03919751 0.30314195 66 66 66
-0.04214258 -0.01073864 0.26562351 63 63 63
-0.05172317 -0.0430667 0.3005302 123 123 123
-0.05166402 -0.04334248 0.30063435 113 113 113
-0.0419076 -0.01118998 0.26599932 69 69 69
-0.08882716 -0.03436342 0.28542346 117 117 117
-0.04140475 -0.01216351 0.26670513 73 73 73
-0.04342876 -0.00878084 0.2646029 52 52 52
-0.05235754 -0.04244637 0.30045101 105 105 105
-0.05206772 -0.04316126 0.30041796 130 130 130
-0.04197454 -0.01142656 0.26614723 89 89 89
-0.04935148 -0.04773819 0.30358869 126 126 126
-0.05546442 -0.03724554 0.3028762 55 55 55
-0.04281693 -0.01013002 0.26546651 79 79 79
-0.04937538 -0.04780329 0.30358565 116 116 116
-0.05552409 -0.03732986 0.30284557 55 55 55
-0.05497521 -0.0384701 0.3028689 56 56 56
-0.04193303 -0.01184582 0.26626283 94 94 94
-0.05832371 -0.01327635 0.26514784 133 133 133
-0.05486339 -0.03883044 0.30286357 57 57 57
-0.04206574 -0.01180592 0.26597503 97 97 97
-0.08784028 -0.03533196 0.28666615 123 123 123
-0.05497118 -0.03879442 0.30286118 56 56 56
-0.04198655 -0.01207129 0.26608363 98 98 98
-0.04999847 -0.04745288 0.30349007 130 130 130
-0.08848548 -0.03415268 0.28544626 123 123 123
-0.04972727 -0.04810327 0.30353889 108 108 108
-0.04164111 -0.01275561 0.26694617 98 98 98
-0.04435117 -0.0081118 0.26444703 60 60 60
-0.05023165 -0.04738707 0.30345634 124 124 124
-0.05286194 -0.04315257 0.3001346 127 127 127
-0.04151636 -0.01308876 0.26738828 97 97 97
-0.04412483 -0.00874567 0.26466596 66 66 66
-0.05288311 -0.04332116 0.30015507 128 128 128
-0.08802615 -0.03459481 0.28620687 119 119 119
-0.05283605 -0.0435563 0.3002952 158 158 158
-0.0414525 -0.01330618 0.26769635 95 95 95
-0.04393379 -0.00908146 0.26493439 72 72 72
-0.05525043 -0.03934089 0.30290759 63 63 63
-0.08776196 -0.03484316 0.2865915 126 126 126
-0.04148884 -0.01343822 0.26762748 101 101 101
-0.04412175 -0.00896449 0.26491967 71 71 71
-0.05571979 -0.03872916 0.30277592 58 58 58
-0.05550117 -0.03925655 0.30286351 61 61 61
-0.08768688 -0.03480812 0.28667772 126 126 126
-0.04167306 -0.01341765 0.26693875 103 103 103
-0.0446197 -0.00833253 0.26449934 52 52 52
-0.0564454 -0.03786065 0.30258408 59 59 59
-0.08751315 -0.03495847 0.28691614 124 124 124
-0.05609867 -0.0385915 0.30268896 59 59 59
-0.04215699 -0.0129907 0.26558775 106 106 106
-0.05844846 -0.01221803 0.26498285 119 119 119
-0.04134506 -0.01393966 0.26860785 86 86 86
-0.05711575 -0.03701343 0.30225784 57 57 57
-0.086961 -0.0356706 0.28768381 127 127 127
-0.0449116 -0.00816414 0.26447546 54 54 54
-0.04129261 -0.01409686 0.26908323 85 85 85
-0.04226454 -0.0132379 0.265389 109 109 109
-0.08786093 -0.03404444 0.28631133 122 122 122
-0.05798217 -0.0128765 0.26505426 128 128 128
-0.053583 -0.04376544 0.30005383 123 123 123
-0.04138865 -0.01418381 0.26874977 98 98 98
-0.04241665 -0.01309265 0.26505324 112 112 112
-0.08811378 -0.03348393 0.2856414 124 124 124
-0.08499017 -0.03847235 0.29030383 108 108 108
-0.05756133 -0.03697218 0.30207333 59 59 59
-0.04185409 -0.01405084 0.2666288 108 108 108
-0.08434326 -0.02380514 0.28062803 69 69 69
-0.08801705 -0.03350775 0.28579184 123 123 123
-0.08585127 -0.03702424 0.28973296 105 105 105
-0.05673169 -0.03870597 0.30253008 61 61 61
-0.04165909 -0.01439268 0.2674866 105 105 105
-0.04307177 -0.01239355 0.26451996 118 118 118
-0.08769201 -0.03386679 0.28654647 121 121 121
-0.08457743 -0.03885403 0.29059446 122 122 122
-0.05724507 -0.03805427 0.30225569 62 62 62
-0.04198286 -0.01425042 0.266368 109 109 109
-0.04536641 -0.00815216 0.26468909 64 64 64
-0.05726642 -0.03818494 0.30227664 63 63 63
-0.08705135 -0.0347338 0.287489 123 123 123
-0.05761413 -0.01300276 0.26519784 117 117 117
-0.04211572 -0.01425376 0.26604164 118 118 118
-0.04551731 -0.00794757 0.26459205 52 52 52
-0.08339703 -0.02456387 0.28302529 86 86 86
-0.08711518 -0.03447577 0.28737226 123 123 123
-0.05433847 -0.04374387 0.29989713 104 104 104
-0.04160682 -0.0148283 0.26816422 108 108 108
-0.04276273 -0.01348068 0.26468676 121 121 121
-0.05763822 -0.01282449 0.26513204 130 130 130
-0.0869318 -0.03461464 0.2876198 122 122 122
-0.05443307 -0.04373872 0.29992113 106 106 106
-0.04159575 -0.014934 0.26848495 100 100 100
-0.04267611 -0.01381199 0.26483575 122 122 122
-0.05661405 -0.03987017 0.30280584 66 66 66
-0.08483322 -0.02307373 0.27408752 112 112 112
-0.08643241 -0.03526014 0.28813183 125 125 125
-0.05752571 -0.01283284 0.26516959 132 132 132
-0.0422014 -0.01456666 0.26607201 112 112 112
-0.04583113 -0.00784964 0.26465264 59 59 59
-0.05828648 -0.03733762 0.30183282 63 63 63
-0.05763485 -0.0385549 0.30241597 64 64 64
-0.08648328 -0.03502908 0.28809956 123 123 123
-0.08410767 -0.03880453 0.29071775 127 127 127
-0.04254248 -0.01433182 0.26522139 108 108 108
-0.07158908 -0.01718192 0.27189651 110 110 110
-0.05696872 -0.03977777 0.30288416 62 62 62
-0.08781858 -0.03268679 0.28594416 121 121 121
-0.08543678 -0.03653761 0.28958717 126 126 126
-0.05248994 -0.04758762 0.30370861 118 118 118
-0.04223507 -0.01482386 0.26620692 112 112 112
-0.04463451 -0.01062629 0.26423809 114 114 114
-0.07165685 -0.01738041 0.27191007 118 118 118
-0.05735225 -0.01280755 0.26521596 109 109 109
-0.08537506 -0.03647934 0.2896004 130 130 130
-0.05731005 -0.03955389 0.30289409 63 63 63
-0.04233582 -0.01485968 0.26604313 115 115 115
-0.04603007 -0.00799923 0.26497 69 69 69
-0.0722611 -0.016759 0.27020159 129 129 129
-0.05857541 -0.03770121 0.30195326 66 66 66
-0.08668959 -0.03426049 0.2878401 118 118 118
-0.08385295 -0.03873575 0.29086447 124 124 124
-0.04223565 -0.01510427 0.26645645 116 116 116
-0.0439717 -0.01242282 0.26402798 120 120 120
-0.05569284 -0.01499741 0.26913443 139 139 139
-0.05885978 -0.0374091 0.3017233 67 67 67
-0.08658375 -0.03422956 0.28795004 126 126 126
-0.08387902 -0.03853248 0.29082364 130 130 130
-0.0418786 -0.01555447 0.26802424 110 110 110
-0.04307178 -0.01419754 0.26448515 122 122 122
-0.07172263 -0.01790139 0.27282962 118 118 118
-0.05726344 -0.01263201 0.26518178 130 130 130
-0.08679967 -0.03373979 0.28759259 120 120 120
-0.08458523 -0.03725479 0.29038313 127 127 127
-0.04309008 -0.01433368 0.26450405 123 123 123
-0.07178342 -0.0179492 0.27254954 127 127 127
-0.08873411 -0.03032856 0.28131032 135 135 135
-0.08652174 -0.03407379 0.28799152 118 118 118
-0.08369041 -0.03850002 0.29095668 119 119 119
-0.05498475 -0.01586226 0.26949486 121 121 121
-0.04404491 -0.01279689 0.26393232 124 124 124
-0.07307358 -0.0163721 0.26913375 110 110 110
-0.08751079 -0.03230404 0.28623936 121 121 121
-0.08431122 -0.0373846 0.29062268 127 127 127
-0.04204238 -0.01581573 0.2678372 111 111 111
-0.04659305 -0.00776529 0.26496008 64 64 64
-0.05946494 -0.03746491 0.30181983 66 66 66
-0.08645412 -0.03384624 0.28801498 119 119 119
-0.08430762 -0.03722994 0.29062045 127 127 127
-0.0420289 -0.01598496 0.26821637 112 112 112
-0.04443733 -0.01245864 0.26385027 123 123 123
-0.05437956 -0.04626395 0.30302823 114 114 114
-0.08837979 -0.03039763 0.2819497 121 121 121
-0.08470152 -0.03647115 0.29005906 119 119 119
-0.05976919 -0.03738556 0.3019754 64 64 64
-0.04442232 -0.01264047 0.26382458 121 121 121
-0.08834329 -0.03030027 0.28189537 119 119 119
-0.05703134 -0.04219541 0.30143589 91 91 91
-0.08498337 -0.03579401 0.28976825 127 127 127
-0.07347651 -0.01669695 0.26892528 118 118 118
-0.04367713 -0.01419591 0.26408657 120 120 120
-0.07333396 -0.01702937 0.26934698 122 122 122
-0.08606597 -0.0339685 0.28840274 127 127 127
-0.08391323 -0.03738239 0.2908695 128 128 128
-0.05714115 -0.04241878 0.30093133 114 114 114
-0.05469649 -0.04656858 0.30305305 117 117 117
-0.04385639 -0.01404831 0.26396355 124 124 124
-0.04729943 -0.00719645 0.26477438 53 53 53
-0.08578696 -0.03424543 0.28861997 130 130 130
-0.08315507 -0.03841656 0.29152027 128 128 128
-0.05715909 -0.04268793 0.30098012 103 103 103
-0.07387691 -0.01667068 0.26873499 111 111 111
-0.05754842 -0.04227868 0.29998454 110 110 110
-0.08694518 -0.03225254 0.28689027 121 121 121
-0.08397042 -0.03697952 0.29084828 128 128 128
-0.04509498 -0.01185297 0.26380178 116 116 116
-0.05713909 -0.04302601 0.30136859 123 123 123
-0.05685413 -0.01217894 0.26517737 125 125 125
-0.08812761 -0.03001511 0.28206581 121 121 121
-0.05758618 -0.0426004 0.29999584 107 107 107
-0.06111827 -0.0365459 0.30113074 66 66 66
-0.08245572 -0.03921234 0.29300955 121 121 121
-0.04737683 -0.00734121 0.26492146 53 53 53
-0.0576552 -0.04262733 0.29990506 112 112 112
-0.08815589 -0.02983856 0.28189141 124 124 124
-0.08528738 -0.03451009 0.28905985 122 122 122
-0.08270526 -0.03865935 0.29233846 122 122 122
-0.05806236 -0.04209062 0.29939073 99 99 99
-0.04539449 -0.01163249 0.26377431 115 115 115
-0.05785699 -0.04263572 0.29965916 97 97 97
-0.0867637 -0.0320584 0.28703576 121 121 121
-0.08340701 -0.03738546 0.29116154 129 129 129
-0.05654487 -0.01238079 0.2653012 129 129 129
-0.05890867 -0.04106244 0.29912546 97 97 97
-0.04740668 -0.00753848 0.26523095 59 59 59
-0.0579579 -0.04275207 0.29959795 106 106 106
-0.08563605 -0.03367962 0.28870547 128 128 128
-0.08300272 -0.03789355 0.29159498 126 126 126
-0.05657382 -0.01216054 0.26526096 124 124 124
-0.04405032 -0.01454252 0.26395896 111 111 111
-0.05705487 -0.04450832 0.30280435 115 115 115
-0.08560012 -0.0336188 0.28872746 120 120 120
-0.08321941 -0.0373648 0.29129943 126 126 126
-0.07448612 -0.01726813 0.26880077 118 118 118
-0.05871014 -0.04205954 0.29893181 112 112 112
-0.07475814 -0.01698933 0.26861632 126 126 126
-0.08511748 -0.03420852 0.28921527 116 116 116
-0.08275438 -0.03793794 0.29198769 121 121 121
-0.04541243 -0.01216591 0.26366547 119 119 119
-0.05602127 -0.01279109 0.26555839 105 105 105
-0.06227343 -0.03628767 0.30082169 63 63 63
-0.07488184 -0.01707942 0.26861995 105 105 105
-0.08261477 -0.038013 0.29229617 119 119 119
-0.07499632 -0.01706824 0.2685912 102 102 102
-0.04794727 -0.00709471 0.26501602 52 52 52
-0.05931844 -0.04172983 0.29871243 116 116 116
-0.08514501 -0.03384593 0.2891227 127 127 127
-0.08238584 -0.03823689 0.29280117 121 121 121
-0.0624927 -0.03641043 0.30091247 64 64 64
-0.04435571 -0.01449496 0.26382366 106 106 106
-0.04613401 -0.01108978 0.26373884 121 121 121
-0.08513954 -0.03370359 0.28911287 125 125 125
-0.08225617 -0.03828937 0.29302931 117 117 117
-0.07526073 -0.01731219 0.26862675 99 99 99
-0.05963022 -0.0418685 0.29865608 115 115 115
-0.08543005 -0.03310684 0.28877255 119 119 119
-0.08244439 -0.03784299 0.2925767 114 114 114
-0.07584643 -0.01666829 0.26838347 115 115 115
-0.0562107 -0.01175728 0.26543805 117 117 117
-0.07492997 -0.03903839 0.29705626 113 113 113
-0.08513039 -0.03340292 0.28907937 118 118 118
-0.05999333 -0.04174063 0.29861808 118 118 118
-0.05671326 -0.01068682 0.26540938 116 116 116
-0.04569358 -0.01235285 0.26358318 118 118 118
-0.07518831 -0.03866448 0.2961925 111 111 111
-0.0851665 -0.03319822 0.28901294 125 125 125
-0.08234417 -0.03766213 0.29271325 112 112 112
-0.05660738 -0.0107271 0.26544088 118 118 118
-0.06122787 -0.04015222 0.29886809 110 110 110
-0.08607517 -0.03156109 0.28766486 121 121 121
-0.08312666 -0.0362699 0.29137704 130 130 130
-0.08141629 -0.03899232 0.29513103 114 114 114
-0.05589342 -0.01180901 0.26556382 111 111 111
-0.07574698 -0.0377241 0.29512635 114 114 114
-0.07645669 -0.03500413 0.29608276 69 69 69
-0.08338857 -0.03568899 0.29124162 123 123 123
-0.07631462 -0.01716766 0.26829368 106 106 106
-0.05556063 -0.01225637 0.2655322 122 122 122
-0.06407587 -0.03600221 0.30023843 62 62 62
-0.08608414 -0.03124557 0.28756264 127 127 127
-0.08329053 -0.03567897 0.29130605 123 123 123
-0.0562164 -0.01087124 0.26558372 107 107 107
-0.0617239 -0.04035768 0.2986156 110 110 110
-0.0774806 -0.03498985 0.29561019 67 67 67
-0.05951434 -0.04403706 0.30243328 117 117 117
-0.08254413 -0.03668414 0.2918866 116 116 116
-0.0562587 -0.01063148 0.2656199 114 114 114
-0.06194235 -0.04033179 0.29852131 110 110 110
-0.05927975 -0.04475174 0.30256894 131 131 131
-0.06458215 -0.03600894 0.30009845 63 63 63
-0.08108889 -0.03893926 0.29502037 122 122 122
-0.05594897 -0.01097732 0.26569271 110 110 110
-0.06246013 -0.03986434 0.29847518 102 102 102
-0.06168885 -0.04123336 0.29869792 114 114 114
-0.0860172 -0.03084611 0.28758103 124 124 124
-0.08187134 -0.03749306 0.29340664 117 117 117
-0.05973165 -0.04449723 0.30245379 131 131 131
-0.04611609 -0.01242879 0.26351297 121 121 121
-0.06256603 -0.04014539 0.29830933 108 108 108
-0.08360666 -0.03455824 0.29093334 124 124 124
-0.05494012 -0.01262549 0.26545924 124 124 124
-0.06489871 -0.03635762 0.30013931 61 61 61
-0.07887582 -0.03278195 0.29331613 60 60 60
-0.04861211 -0.00732406 0.26544783 60 60 60
-0.08241837 -0.03624916 0.29193485 124 124 124
-0.06479408 -0.0368254 0.30063242 61 61 61
-0.05780467 -0.0065548 0.26754129 63 63 63
-0.08692502 -0.028861 0.28372326 127 127 127
-0.08275347 -0.03558806 0.29166457 122 122 122
-0.04559582 -0.01377402 0.26361433 108 108 108
-0.06243872 -0.04138004 0.29832548 126 126 126
-0.08692924 -0.0286842 0.28351927 127 127 127
-0.0834266 -0.0343703 0.29108027 121 121 121
-0.05575727 -0.01023037 0.26597708 111 111 111
-0.065362 -0.03674605 0.30019614 65 65 65
-0.08713546 -0.0281893 0.28322414 107 107 107
-0.06357222 -0.04002683 0.29799965 106 106 106
-0.06622233 -0.03548378 0.29994711 55 55 55
-0.06329446 -0.04059597 0.29786268 111 111 111
-0.08596305 -0.02995921 0.28749818 78 78 78
-0.08332635 -0.03420214 0.29115087 127 127 127
-0.08344342 -0.0254254 0.28433204 115 115 115
-0.05367333 -0.01376164 0.26618361 134 134 134
-0.07681201 -0.034938 0.29587126 66 66 66
-0.08572435 -0.03021244 0.28786498 99 99 99
-0.06634019 -0.03597651 0.29986435 57 57 57
-0.05402644 -0.01298904 0.26571715 127 127 127
-0.06332494 -0.04122018 0.29775304 121 121 121
-0.04712557 -0.01139056 0.26360914 123 123 123
-0.08557137 -0.03029542 0.28795215 114 114 114
-0.08276819 -0.03476566 0.29161778 114 114 114
-0.05389041 -0.01308186 0.26579511 124 124 124
-0.06329983 -0.04161108 0.29791206 125 125 125
-0.08733779 -0.02704296 0.2774336 142 142 142
-0.0866619 -0.02832956 0.28371957 128 128 128
-0.05317495 -0.01402272 0.2669493 110 110 110
-0.08204746 -0.03577425 0.29225528 120 120 120
-0.04679952 -0.01217625 0.26348197 117 117 117
-0.07820659 -0.01821327 0.27168307 123 123 123
-0.06718545 -0.03541153 0.29967245 55 55 55
-0.07812972 -0.01841778 0.27356473 108 108 108
-0.08514653 -0.03065274 0.28826392 116 116 116
-0.08203347 -0.03561908 0.29224694 114 114 114
-0.06724107 -0.03547791 0.29963446 56 56 56
-0.07853935 -0.01806164 0.27128422 106 106 106
-0.06672422 -0.03652186 0.29977351 58 58 58
-0.07804579 -0.01880044 0.27524763 121 121 121
-0.07856663 -0.01810721 0.27163985 98 98 98
-0.05345241 -0.01326178 0.26619649 120 120 120
-0.06757349 -0.03527251 0.29952163 57 57 57
-0.07860644 -0.01810091 0.27216133 96 96 96
-0.05334006 -0.01325817 0.2663655 106 106 106
-0.07812745 -0.01904557 0.27394646 117 117 117
-0.0833133 -0.02389565 0.28076571 72 72 72
-0.08063748 -0.03751554 0.29479185 111 111 111
-0.07816105 -0.01912952 0.27499202 112 112 112
-0.06416856 -0.04148342 0.2975392 113 113 113
-0.08690281 -0.02716074 0.27803242 121 121 121
-0.08518854 -0.03012205 0.28809303 79 79 79
-0.06447829 -0.04115512 0.29750022 108 108 108
-0.06770867 -0.03570276 0.29936296 60 60 60
-0.07845599 -0.01903454 0.27212518 133 133 133
-0.06696831 -0.03712237 0.29977301 62 62 62
-0.07828438 -0.01942522 0.27367574 124 124 124
-0.06450375 -0.04145567 0.29749942 94 94 94
-0.08469151 -0.0307511 0.28864834 121 121 121
-0.07835632 -0.01953214 0.27375683 124 124 124
-0.06474215 -0.04117562 0.29748464 101 101 101
-0.07843896 -0.0195822 0.27306843 128 128 128
-0.08684189 -0.02697441 0.27784479 123 123 123
-0.08605745 -0.02834901 0.28460386 127 127 127
-0.08351116 -0.03248134 0.29114699 66 66 66
-0.07891153 -0.0189742 0.27155289 119 119 119
-0.07854856 -0.01969544 0.27313808 125 125 125
-0.08394907 -0.02315232 0.28034347 111 111 111
-0.0677732 -0.03664639 0.29941085 63 63 63
-0.08449715 -0.03071364 0.28879118 123 123 123
-0.08355378 -0.02381008 0.28066197 70 70 70
-0.0471239 -0.01243215 0.26346031 98 98 98
-0.08685613 -0.02661738 0.27769402 118 118 118
-0.08646038 -0.02733565 0.28409493 88 88 88
-0.0825405 -0.03371209 0.2916711 119 119 119
-0.06803685 -0.03671057 0.29938155 63 63 63
-0.04738388 -0.01207641 0.26349604 95 95 95
-0.06793645 -0.03702424 0.29955161 65 65 65
-0.08464815 -0.03008947 0.2880787 70 70 70
-0.07899653 -0.01984238 0.27159405 128 128 128
-0.06813895 -0.03685577 0.29945505 63 63 63
-0.07904407 -0.01992406 0.27164719 132 132 132
-0.08594199 -0.02788128 0.28453425 116 116 116
-0.08460017 -0.03008239 0.28848752 90 90 90
-0.08040114 -0.03675455 0.29455391 117 117 117
-0.05530392 -0.00778633 0.26745355 65 65 65
-0.07763558 -0.03489778 0.29542509 64 64 64
-0.08448856 -0.03007563 0.2885772 93 93 93
-0.08242877 -0.03340775 0.29171929 128 128 128
-0.06900746 -0.03598847 0.29890865 66 66 66
-0.06785919 -0.03799365 0.30004773 64 64 64
-0.06939185 -0.03551254 0.29867548 64 64 64
-0.08410507 -0.03055019 0.28904587 115 115 115
-0.07956813 -0.01968054 0.27115381 128 128 128
-0.07945137 -0.0200338 0.27128428 137 137 137
-0.08641757 -0.02650808 0.27834246 118 118 118
-0.08504712 -0.02885281 0.28705698 137 137 137
-0.08041966 -0.03627463 0.29412639 118 118 118
-0.06911609 -0.03639724 0.29922044 69 69 69
-0.07968248 -0.01996472 0.27112553 129 129 129
-0.08420707 -0.03004508 0.28852451 79 79 79
-0.07969715 -0.02010606 0.27115223 132 132 132
-0.07498845 -0.03731781 0.29716262 77 77 77
-0.07970016 -0.02027774 0.27126089 126 126 126
-0.08206508 -0.03334372 0.29191709 128 128 128
-0.05463602 -0.00820229 0.26734665 59 59 59
-0.08540528 -0.027778 0.28518116 113 113 113
-0.08028324 -0.01965032 0.27088434 123 123 123
-0.07003234 -0.03574894 0.29859233 69 69 69
-0.06760807 -0.03990019 0.29926798 83 83 83
-0.0854233 -0.02752921 0.28429177 65 65 65
-0.08158717 -0.03374196 0.29226404 111 111 111
-0.05418335 -0.00871243 0.26741749 58 58 58
-0.07953122 -0.02113619 0.27884126 68 68 68
-0.06785055 -0.03985306 0.29827285 111 111 111
-0.08377707 -0.03006991 0.28910661 133 133 133
-0.08041229 -0.02006637 0.27079973 125 125 125
-0.06831624 -0.03920014 0.29782248 109 109 109
-0.08546735 -0.02718848 0.28391266 71 71 71
-0.08041407 -0.02022136 0.27080634 128 128 128
-0.06815993 -0.03965957 0.29788628 113 113 113
-0.08025386 -0.02060331 0.27099898 124 124 124
-0.06807962 -0.03998844 0.29794827 119 119 119
-0.08601537 -0.02610547 0.27909905 120 120 120
-0.08197378 -0.0326812 0.29200149 122 122 122
-0.08067692 -0.0201053 0.2706835 128 128 128
-0.07070863 -0.03582427 0.29852015 68 68 68
-0.08661204 -0.02498732 0.27854431 112 112 112
-0.08490034 -0.0278155 0.28588703 118 118 118
-0.06907329 -0.03871817 0.29734266 111 111 111
-0.07857236 -0.03790558 0.29419085 104 104 104
-0.06786278 -0.04079775 0.29869363 125 125 125
-0.08649515 -0.02501992 0.27807635 118 118 118
-0.08048813 -0.02091988 0.27100125 129 129 129
-0.0544391 -0.00758063 0.26707593 55 55 55
-0.068193 -0.04042469 0.29789516 116 116 116
-0.08084919 -0.02046224 0.27064979 129 129 129
-0.07128082 -0.03559218 0.29808822 68 68 68
-0.0843773 -0.02835741 0.2875073 109 109 109
-0.07988883 -0.03560149 0.29536915 68 68 68
-0.05421837 -0.00782247 0.26708841 56 56 56
-0.08640639 -0.02475341 0.27422372 99 99 99
-0.06885549 -0.03986726 0.29743475 115 115 115
-0.0837174 -0.02920202 0.2872929 68 68 68
-0.07844989 -0.03763089 0.29422298 111 111 111
-0.06868823 -0.0403062 0.29758275 122 122 122
-0.08567242 -0.02589297 0.27999094 123 123 123
-0.08125059 -0.02043924 0.27054274 123 123 123
-0.08003058 -0.03496077 0.2946547 107 107 107
-0.08089668 -0.02116774 0.27082944 123 123 123
-0.06993625 -0.03858369 0.29674622 111 111 111
-0.08417735 -0.02818106 0.28742489 121 121 121
-0.0799001 -0.03496376 0.29479697 86 86 86
-0.06926588 -0.03989 0.29728863 120 120 120
-0.08144974 -0.02058981 0.27054203 118 118 118
-0.0701335 -0.03860436 0.2966235 113 113 113
-0.08152382 -0.0322702 0.29228604 117 117 117
-0.07802965 -0.03779326 0.2942434 128 128 128
-0.07018779 -0.03869008 0.29657328 117 117 117
-0.08444709 -0.02738474 0.28401169 73 73 73
-0.08247035 -0.03057748 0.28976014 66 66 66
-0.08012947 -0.03429104 0.29404062 115 115 115
-0.07022451 -0.03877636 0.2965335 117 117 117
-0.0698052 -0.03962633 0.29682168 121 121 121
-0.08498742 -0.02633156 0.28405693 92 92 92
-0.08062749 -0.03337153 0.29305032 112 112 112
-0.08086974 -0.0219932 0.28025004 54 54 54
-0.07027091 -0.03904447 0.29646593 120 120 120
-0.08180688 -0.02080055 0.2705459 110 110 110
-0.08413306 -0.02751357 0.28418234 72 72 72
-0.08053526 -0.03334203 0.29315174 111 111 111
-0.07728448 -0.03851191 0.29445565 120 120 120
-0.07037388 -0.03920583 0.29639846 123 123 123
-0.08174158 -0.02122995 0.27065015 117 117 117
-0.07243705 -0.03602787 0.2977865 66 66 66
-0.08000395 -0.03403479 0.29417396 121 121 121
-0.08389772 -0.02310217 0.28045517 110 110 110
-0.08525303 -0.02541954 0.28032568 126 126 126
-0.07072933 -0.03909242 0.29624701 120 120 120
-0.08024495 -0.03349012 0.29355943 112 112 112
-0.08118546 -0.02246076 0.2808322 64 64 64
-0.07298438 -0.0356673 0.29743576 61 61 61
-0.08125277 -0.02252349 0.28087783 62 62 62
-0.08042873 -0.03301967 0.2932111 124 124 124
-0.07714693 -0.03825726 0.29444209 121 121 121
-0.08213661 -0.02130611 0.27809221 65 65 65
-0.08562234 -0.02437816 0.273918 126 126 126
-0.08108644 -0.03182672 0.29214281 68 68 68
-0.07907271 -0.03503191 0.29454839 65 65 65
-0.08212159 -0.02157204 0.27080235 114 114 114
-0.08217971 -0.02151307 0.27947244 110 110 110
-0.08497271 -0.02538764 0.28100887 134 134 134
-0.08306263 -0.02846763 0.28707853 64 64 64
-0.07917394 -0.03469814 0.29429623 67 67 67
-0.08222961 -0.02160526 0.2793304 114 114 114
-0.08552903 -0.02425169 0.27386907 127 127 127
-0.0825193 -0.02127993 0.27826378 102 102 102
-0.07322608 -0.03624408 0.29755062 66 66 66
-0.07985414 -0.0334795 0.29427677 112 112 112
-0.08217967 -0.02203354 0.28026932 126 126 126
-0.07157366 -0.0390715 0.2959885 114 114 114
-0.0836634 -0.02716342 0.28419241 69 69 69
-0.08037354 -0.03249043 0.29321742 123 123 123
-0.08231014 -0.02198307 0.27954111 130 130 130
-0.07507113 -0.04098053 0.29763663 131 131 131
-0.08239055 -0.02196317 0.27918521 127 127 127
-0.08505917 -0.02477572 0.28055087 119 119 119
-0.08345372 -0.02731631 0.28441992 68 68 68
-0.08013588 -0.03268402 0.29352611 124 124 124
-0.07506239 -0.04083856 0.29760852 130 130 130
-0.07147235 -0.03973021 0.29590335 125 125 125
-0.08253483 -0.02204736 0.27879936 129 129 129
-0.08341976 -0.027213 0.28437272 68 68 68
-0.07357532 -0.03646941 0.29754499 68 68 68
-0.07403861 -0.03575484 0.29706272 64 64 64
-0.08261896 -0.02207842 0.27849859 127 127 127
-0.07391376 -0.03616187 0.29726499 66 66 66
-0.08300133 -0.02777919 0.28589216 56 56 56
-0.08046477 -0.03189416 0.29302797 111 111 111
-0.07657438 -0.0380421 0.29463798 102 102 102
-0.07428187 -0.03573624 0.29696542 59 59 59
-0.07389291 -0.03642308 0.29741335 67 67 67
-0.0833209 -0.02709703 0.28437647 68 68 68
-0.08037075 -0.03189116 0.29309574 109 109 109
-0.07625922 -0.0383964 0.29490608 135 135 135
-0.04953154 -0.01148745 0.26418012 118 118 118
-0.07403227 -0.03655816 0.29748115 67 67 67
-0.084007 -0.02579981 0.28435564 93 93 93
-0.0802944 -0.03185949 0.29304481 103 103 103
-0.07175382 -0.04040743 0.29599687 123 123 123
-0.08320774 -0.02208721 0.27651033 132 132 132
-0.08495422 -0.0240308 0.27415225 119 119 119
-0.08438634 -0.02504584 0.28167966 126 126 126
-0.07495667 -0.03935267 0.29722846 100 100 100
-0.0762909 -0.03800097 0.29476184 125 125 125
-0.04968643 -0.01140545 0.26418656 118 118 118
-0.07538287 -0.03510028 0.29643229 62 62 62
-0.08479635 -0.02424922 0.28108373 107 107 107
-0.07476266 -0.03616018 0.2972548 64 64 64
-0.07811277 -0.03490202 0.29508808 65 65 65
-0.08329045 -0.02261346 0.27665249 127 127 127
-0.07532708 -0.03545571 0.29671013 64 64 64
-0.04921987 -0.01249639 0.26407233 104 104 104
-0.08478952 -0.0240878 0.28103617 78 78 78
-0.08276137 -0.02380712 0.28095856 69 69 69
-0.07581823 -0.03841849 0.29520419 123 123 123
-0.07530426 -0.03574753 0.29698277 74 74 74
-0.07512714 -0.03629282 0.29731268 82 82 82
-0.08432944 -0.02467339 0.28160545 116 116 116
-0.08358706 -0.02283642 0.27596885 126 126 126
-0.07594522 -0.03808048 0.294972 124 124 124
-0.07577631 -0.03547332 0.29665276 70 70 70
-0.04955941 -0.01202764 0.26411885 97 97 97
-0.07605641 -0.03516375 0.29635781 65 65 65
-0.07977352 -0.03182997 0.29261968 69 69 69
-0.0755203 -0.03861174 0.29570103 121 121 121
-0.07495366 -0.03699352 0.29749227 73 73 73
-0.08389411 -0.02274544 0.27516767 126 126 126
-0.08450951 -0.02401472 0.2808513 66 66 66
-0.07502928 -0.01297778 0.27043316 103 103 103
-0.07447803 -0.01335673 0.27025506 103 103 103
-0.07573093 -0.01279387 0.27051669 103 103 103
-0.07479171 -0.01346463 0.27007508 106 106 106
-0.07527982 -0.01333937 0.27011105 106 106 106
-0.07426035 -0.01395042 0.2698583 107 107 107
-0.07297986 -0.01310271 0.27177215 66 66 66
-0.07355171 -0.01448464 0.26982918 98 98 98
-0.07409601 -0.01270254 0.27112156 80 80 80
-0.07546847 -0.01370113 0.26982912 112 112 112
-0.07600686 -0.01346766 0.27002588 112 112 112
-0.0741354 -0.014618 0.26941523 115 115 115
-0.07399515 -0.01479135 0.26935136 112 112 112
-0.07250427 -0.01310299 0.27171052 66 66 66
-0.0762131 -0.01372082 0.26988414 113 113 113
-0.07394335 -0.01503267 0.26923093 116 116 116
-0.07366402 -0.0152646 0.26921141 116 116 116
-0.07306781 -0.01268146 0.27151769 69 69 69
-0.07520303 -0.01464647 0.26921901 122 122 122
-0.074579 -0.01509025 0.26903567 117 117 117
-0.0716726 -0.01635434 0.2696192 110 110 110
-0.0757199 -0.01458457 0.26926294 121 121 121
-0.07438142 -0.0153943 0.268933 118 118 118
-0.07277291 -0.01266106 0.27140993 69 69 69
-0.07485905 -0.015265 0.26892552 119 119 119
-0.07263853 -0.01265358 0.27138612 67 67 67
-0.07518629 -0.01521022 0.26892474 120 120 120
-0.07405328 -0.01586167 0.26880383 121 121 121
-0.07396035 -0.01186424 0.27159253 64 64 64
-0.0760306 -0.01496377 0.2690722 121 121 121
-0.07408772 -0.01605499 0.2687273 122 122 122
-0.07366203 -0.01632605 0.26878506 114 114 114
-0.07440398 -0.01155318 0.27177078 64 64 64
-0.07412254 -0.01624615 0.2686637 123 123 123
-0.07407513 -0.01635514 0.26865482 123 123 123
-0.0749588 -0.01108542 0.27191851 63 63 63
-0.07430905 -0.01634897 0.26861399 113 113 113
-0.07446982 -0.01637047 0.2685951 127 127 127
-0.07404581 -0.01156489 0.27153099 61 61 61
-0.07534757 -0.01606385 0.26861626 122 122 122
-0.07599357 -0.01583613 0.26867962 124 124 124
-0.06933568 -0.01490934 0.26752448 107 107 107
-0.0756338 -0.01622895 0.26853603 123 123 123
-0.07221997 -0.01233106 0.2712391 67 67 67
-0.07552104 -0.01648583 0.26847592 124 124 124
-0.06947643 -0.0146293 0.26763812 108 108 108
-0.07649782 -0.01618942 0.26856703 121 121 121
-0.07626856 -0.01642543 0.26844186 121 121 121
-0.07570799 -0.01689577 0.26839578 124 124 124
-0.07619534 -0.0168704 0.2683253 125 125 125
-0.07652403 -0.01680056 0.2683571 117 117 117
-0.06862982 -0.01469998 0.26745826 114 114 114
-0.0719837 -0.01190364 0.27111897 66 66 66
-0.069293 -0.01412235 0.26768866 105 105 105
-0.08000591 -0.01474522 0.27351102 71 71 71
-0.08019916 -0.01470698 0.27354765 71 71 71
-0.06941002 -0.01373784 0.26786706 104 104 104
-0.0830346 -0.01314836 0.27531469 73 73 73
-0.06881013 -0.01401002 0.26760319 124 124 124
-0.08116268 -0.01460496 0.27429438 98 98 98
-0.06817444 -0.01423089 0.2675671 115 115 115
-0.08379178 -0.01314261 0.27583066 71 71 71
-0.08076335 -0.01516912 0.27392125 101 101 101
-0.06933679 -0.01338806 0.26796108 99 99 99
-0.08038199 -0.01572652 0.27365035 96 96 96
-0.07200963 -0.01114663 0.27079266 68 68 68
-0.08043534 -0.01594985 0.27342463 97 97 97
-0.07203341 -0.0110589 0.27076232 60 60 60
-0.06641151 -0.01453166 0.26795885 126 126 126
-0.07206834 -0.01094042 0.27073038 58 58 58
-0.08048976 -0.01645207 0.27287924 99 99 99
-0.08032975 -0.01666367 0.27273601 102 102 102
-0.07150153 -0.01104644 0.27092075 65 65 65
-0.06602638 -0.01450648 0.26809058 123 123 123
-0.07971306 -0.01734949 0.27229533 102 102 102
-0.06880751 -0.01317565 0.26788461 118 118 118
-0.06539375 -0.01456102 0.26845565 127 127 127
-0.07959568 -0.01768348 0.27202758 105 105 105
-0.07937565 -0.01791612 0.27192429 109 109 109
-0.06878653 -0.01308293 0.26791683 117 117 117
-0.06519194 -0.01451369 0.26863033 124 124 124
-0.07881872 -0.01824053 0.27207935 114 114 114
-0.08529705 -0.01408055 0.27657315 63 63 63
-0.06695864 -0.01381899 0.26795578 121 121 121
-0.08030559 -0.01777085 0.27178168 116 116 116
-0.08015016 -0.0179646 0.27166945 121 121 121
-0.07138143 -0.01077276 0.27084282 64 64 64
-0.06594139 -0.01410395 0.26821399 126 126 126
-0.08163927 -0.01727472 0.2720165 113 113 113
-0.08137834 -0.01755243 0.27180919 115 115 115
-0.0684082 -0.01296998 0.26794615 117 117 117
-0.07897584 -0.01881988 0.2715418 129 129 129
-0.07886697 -0.01891469 0.2716203 123 123 123
-0.07469767 -0.04042111 0.29729363 133 133 133
-0.06697409 -0.01350329 0.26805449 121 121 121
-0.06654124 -0.01367472 0.26813748 120 120 120
-0.08043858 -0.01849169 0.27130798 123 123 123
-0.08037341 -0.01863107 0.27124992 124 124 124
-0.0689412 -0.01245229 0.26822376 113 113 113
-0.06528068 -0.01394394 0.26873466 107 107 107
-0.08571765 -0.01477532 0.27668846 60 60 60
-0.07177982 -0.01030144 0.27055064 58 58 58
-0.06664866 -0.01342055 0.26819459 121 121 121
-0.08151819 -0.01837438 0.27127606 123 123 123
-0.08178122 -0.01833743 0.27131146 121 121 121
-0.06802943 -0.01272036 0.26808518 116 116 116
-0.08029309 -0.01919746 0.27102679 127 127 127
-0.08061032 -0.01915293 0.27098346 125 125 125
-0.08108 -0.0190398 0.27094448 126 126 126
-0.06856135 -0.0123406 0.26822665 117 117 117
-0.08005485 -0.01959527 0.27096757 133 133 133
-0.08049143 -0.01949275 0.27087152 132 132 132
-0.06933295 -0.01176506 0.26868179 94 94 94
-0.06556049 -0.01343868 0.26881129 108 108 108
-0.08010027 -0.01985356 0.27092338 129 129 129
-0.08084761 -0.01966308 0.27072307 136 136 136
-0.06885902 -0.01194472 0.26844785 111 111 111
-0.08044159 -0.0199267 0.27078703 125 125 125
-0.08140828 -0.01961257 0.27065992 135 135 135
-0.0806242 -0.02007121 0.27070564 127 127 127
-0.0670685 -0.01270875 0.2683346 117 117 117
-0.08245526 -0.01922509 0.27097464 118 118 118
-0.07098534 -0.0100699 0.27064079 60 60 60
-0.06578861 -0.01305942 0.26881289 110 110 110
-0.08222989 -0.0196779 0.27071977 129 129 129
-0.08224767 -0.01976352 0.27069876 131 131 131
-0.06540981 -0.01297215 0.26923811 93 93 93
-0.06959218 -0.01095084 0.26922771 90 90 90
-0.06596086 -0.01279069 0.26881933 108 108 108
-0.07116237 -0.0097894 0.27041835 63 63 63
-0.06582657 -0.01271456 0.26898956 101 101 101
-0.06697699 -0.01221551 0.26854578 117 117 117
-0.0682495 -0.0115217 0.26861393 113 113 113
-0.06872337 -0.01113914 0.26881963 112 112 112
-0.06879362 -0.01098052 0.26891777 108 108 108
-0.06869029 -0.01093536 0.26892275 112 112 112
-0.06885122 -0.01073966 0.26906189 110 110 110
-0.06866007 -0.01072462 0.26903379 109 109 109
-0.06847665 -0.01072773 0.26902217 109 109 109
-0.06821901 -0.01075927 0.2690112 112 112 112
-0.06758484 -0.01093857 0.26899862 114 114 114
-0.06698395 -0.01107612 0.26914939 106 106 106
-0.06726182 -0.01084352 0.26916543 110 110 110
-0.06770271 -0.01053685 0.26921973 104 104 104
-0.06754263 -0.01047669 0.26931256 102 102 102
-0.06815665 -0.01007378 0.26948878 94 94 94
-0.08518624 -0.03557662 0.28972012 117 117 117
-0.06798571 -0.00988957 0.26970285 90 90 90
-0.07940768 -0.03708332 0.29457244 124 124 124
-0.0784642 -0.03754393 0.29424199 111 111 111
-0.05423559 -0.01210691 0.26585457 116 116 116
-0.08459151 -0.02234611 0.27448493 107 107 107
-0.08122703 -0.02241336 0.28079322 65 65 65
-0.06527149 -0.01068082 0.26985684 68 68 68
-0.05550592 -0.01206971 0.26556337 121 121 121
-0.06622185 -0.01018954 0.26980394 72 72 72
-0.08405195 -0.02290353 0.27493685 116 116 116
-0.08508779 -0.03520239 0.28985763 114 114 114
-0.06664976 -0.00988402 0.26982546 72 72 72
-0.08563031 -0.02255223 0.274176 118 118 118
-0.07920364 -0.0375236 0.29431692 138 138 138
-0.08532352 -0.02294325 0.27394965 115 115 115
-0.08196898 -0.0228149 0.28092328 60 60 60
-0.05795993 -0.04192054 0.29951245 98 98 98
-0.06632978 -0.00990565 0.26964498 69 69 69
-0.08242214 -0.02301879 0.28090221 59 59 59
-0.08543129 -0.02348177 0.27378723 120 120 120
-0.0851639 -0.02365622 0.27384788 121 121 121
-0.08212662 -0.02338968 0.28110191 64 64 64
-0.08588587 -0.02355664 0.27381089 127 127 127
-0.05734015 -0.01089648 0.26522884 133 133 133
-0.08568839 -0.02382808 0.27375132 127 127 127
-0.05425299 -0.01255749 0.26568007 123 123 123
-0.05719186 -0.01095955 0.26523131 133 133 133
-0.08894244 -0.03413175 0.28523526 122 122 122
-0.08286703 -0.02389988 0.28095746 69 69 69
-0.07820109 -0.03728594 0.29432085 124 124 124
-0.0649405 -0.01009838 0.26957059 69 69 69
-0.06527998 -0.00988809 0.26943946 70 70 70
-0.07762361 -0.03742141 0.29436558 120 120 120
-0.08474085 -0.03495582 0.29007384 119 119 119
-0.07722414 -0.03751462 0.294424 117 117 117
-0.05456881 -0.0126184 0.26555049 131 131 131
-0.08451141 -0.03494657 0.29017201 125 125 125
-0.08493999 -0.02449388 0.28083223 116 116 116
-0.07202934 -0.03953027 0.2957907 124 124 124
-0.04411069 -0.0081976 0.26447555 64 64 64
-0.08010075 -0.0371793 0.29481328 114 114 114
-0.08918255 -0.03368178 0.28514913 124 124 124
-0.07939555 -0.03620421 0.29513946 96 96 96
-0.04558099 -0.00807007 0.26475522 59 59 59
-0.04612394 -0.00789286 0.26481664 60 60 60
-0.08223812 -0.02577686 0.2842347 59 59 59
-0.04682155 -0.007693 0.26501676 65 65 65
-0.04632011 -0.00796529 0.2650966 71 71 71
-0.04333005 -0.00946484 0.26497027 70 70 70
-0.04711623 -0.00766072 0.26520905 65 65 65
-0.04575726 -0.00846048 0.2649473 97 97 97
-0.08316718 -0.02546122 0.28468525 63 63 63
-0.04616438 -0.00836383 0.26497868 103 103 103
-0.04460017 -0.00922224 0.26484445 103 103 103
-0.04840558 -0.00729175 0.26532215 61 61 61
-0.04455061 -0.00934928 0.26481301 105 105 105
-0.04836707 -0.0073779 0.26541856 60 60 60
-0.04598901 -0.00883155 0.26469463 106 106 106
-0.08593792 -0.02566816 0.27909669 114 114 114
-0.0437447 -0.00986344 0.26500976 101 101 101
-0.04749537 -0.00801881 0.26521373 100 100 100
-0.04468808 -0.00964232 0.26461676 113 113 113
-0.04858045 -0.00745827 0.26566032 72 72 72
-0.071826 -0.03940484 0.29584327 122 122 122
-0.04406688 -0.00997772 0.26476198 106 106 106
-0.04798019 -0.00798001 0.26532057 101 101 101
-0.0445921 -0.00994083 0.26450887 117 117 117
-0.04846054 -0.00768776 0.26564756 87 87 87
-0.04306634 -0.01047746 0.26520747 99 99 99
-0.04670202 -0.0090606 0.26448184 117 117 117
-0.04336141 -0.01054101 0.26492429 104 104 104
-0.04703601 -0.00898112 0.26452202 115 115 115
-0.04232222 -0.01078522 0.2657724 78 78 78
-0.04597962 -0.00967515 0.26422685 119 119 119
-0.04264185 -0.01085048 0.26544723 91 91 91
-0.04622922 -0.00966145 0.26420438 120 120 120
-0.08870032 -0.03373525 0.28516462 126 126 126
-0.04335597 -0.01088135 0.26477757 110 110 110
-0.04701957 -0.00935305 0.26433089 121 121 121
-0.08627409 -0.02602419 0.27852538 113 113 113
-0.04530375 -0.01031811 0.26409718 125 125 125
-0.04227702 -0.01116992 0.26579487 85 85 85
-0.0457702 -0.01022186 0.26402164 123 123 123
-0.08313733 -0.02621272 0.28428143 65 65 65
-0.04498139 -0.01065264 0.2641066 116 116 116
-0.04886822 -0.00846408 0.26513284 110 110 110
-0.04581983 -0.01041633 0.26395744 125 125 125
-0.08314248 -0.02630676 0.28427336 65 65 65
-0.07927105 -0.03777923 0.29427835 119 119 119
-0.0458452 -0.01050937 0.26392877 124 124 124
-0.04321055 -0.01159596 0.26461524 110 110 110
-0.04692436 -0.01008339 0.26398849 123 123 123
-0.05482124 -0.01262156 0.26548091 123 123 123
-0.04304305 -0.01170584 0.26469871 106 106 106
-0.04679583 -0.01025806 0.26392394 125 125 125
-0.04396941 -0.01155095 0.26425162 119 119 119
-0.04853941 -0.00924912 0.26463288 97 97 97
-0.04362887 -0.0117473 0.26433542 115 115 115
-0.04827418 -0.00959065 0.26440838 121 121 121
-0.04598396 -0.01098224 0.26378396 126 126 126
-0.083041 -0.02661888 0.28431547 67 67 67
-0.04577662 -0.01116467 0.26378122 118 118 118
-0.04968065 -0.00886577 0.26509431 112 112 112
-0.04819334 -0.00998505 0.26421738 120 120 120
-0.08359981 -0.02646865 0.2843191 63 63 63
-0.0464111 -0.01107677 0.26371688 117 117 117
-0.08880872 -0.0335966 0.28512919 129 129 129
-0.04790167 -0.0103823 0.26397699 125 125 125
-0.08315805 -0.02677532 0.28432387 67 67 67
-0.08784053 -0.02624464 0.27745631 114 114 114
-0.07093139 -0.03635591 0.2982291 80 80 80
-0.04987488 -0.0092888 0.26492226 100 100 100
-0.04878913 -0.01008341 0.26439291 106 106 106
-0.08740836 -0.02649329 0.27744442 123 123 123
-0.04968731 -0.00964977 0.26472965 101 101 101
-0.04907284 -0.01010797 0.26447296 128 128 128
-0.08476878 -0.02624178 0.28414392 70 70 70
-0.04974132 -0.0098347 0.26467109 125 125 125
-0.08391161 -0.02671681 0.28417376 64 64 64
-0.05308491 -0.00748631 0.26701251 58 58 58
-0.04718571 -0.01162463 0.26356551 125 125 125
-0.05286812 -0.00770956 0.26697266 63 63 63
-0.04920637 -0.01049378 0.26438421 105 105 105
-0.08722667 -0.02685671 0.27743572 128 128 128
-0.04929123 -0.01052739 0.26438662 126 126 126
-0.04874642 -0.01098608 0.26406497 110 110 110
-0.05364748 -0.00759112 0.26703945 59 59 59
-0.04904331 -0.01089891 0.26422486 126 126 126
-0.08346684 -0.02720263 0.28432924 68 68 68
-0.05194334 -0.00866445 0.26686329 70 70 70
-0.04985569 -0.01063516 0.26439944 126 126 126
-0.08421188 -0.02701788 0.28402224 70 70 70
-0.05188088 -0.00884133 0.26696768 70 70 70
-0.0875492 -0.02709956 0.27739936 134 134 134
-0.05071487 -0.01031889 0.26472071 104 104 104
-0.07805801 -0.03651249 0.29468039 113 113 113
-0.0533477 -0.00831377 0.26705319 61 61 61
-0.06775209 -0.04202967 0.29979041 128 128 128
-0.08024602 -0.03732758 0.29481471 114 114 114
-0.05239315 -0.00888873 0.26694947 70 70 70
-0.05021436 -0.01095828 0.26432762 126 126 126
-0.0878413 -0.02711892 0.27743641 119 119 119
-0.05268867 -0.00891926 0.26701328 69 69 69
-0.07957444 -0.03563289 0.29535779 67 67 67
-0.05333411 -0.00869072 0.26709896 69 69 69
-0.04913455 -0.01182867 0.26407483 116 116 116
-0.05312208 -0.00888084 0.26708907 71 71 71
-0.04955888 -0.03903119 0.30318809 63 63 63
-0.04923002 -0.0118548 0.2641046 109 109 109
-0.05596315 -0.00747056 0.26758051 74 74 74
-0.0489949 -0.03940007 0.30317065 64 64 64
-0.05165197 -0.03816785 0.30324224 59 59 59
-0.05375422 -0.00873145 0.26725256 64 64 64
-0.07412972 -0.0374851 0.2983948 59 59 59
-0.05477007 -0.01273227 0.26548046 127 127 127
-0.05335815 -0.03747146 0.30328187 56 56 56
-0.05487556 -0.0081894 0.26752037 65 65 65
-0.05015135 -0.01172025 0.26412702 118 118 118
-0.05493691 -0.00822973 0.26761848 67 67 67
-0.0574703 -0.01162989 0.26507592 123 123 123
-0.07885057 -0.0358627 0.2952165 102 102 102
-0.05304196 -0.0377085 0.30324888 56 56 56
-0.07404846 -0.03741372 0.29832822 62 62 62
-0.05517823 -0.00820531 0.26764542 74 74 74
-0.07221543 -0.03867492 0.29615861 117 117 117
-0.05206286 -0.03831799 0.30313295 60 60 60
-0.05268051 -0.00955511 0.26734263 68 68 68
-0.05648343 -0.00779021 0.26730046 83 83 83
-0.08560533 -0.03596713 0.28957418 128 128 128
-0.05426008 -0.03734839 0.30323902 55 55 55
-0.05471954 -0.00859151 0.26765731 73 73 73
-0.08846411 -0.0333435 0.28532496 123 123 123
-0.04943988 -0.03967683 0.30331925 67 67 67
-0.05055204 -0.01190707 0.26413721 114 114 114
-0.05585584 -0.00836808 0.26705334 91 91 91
-0.08307925 -0.02808675 0.28638685 63 63 63
-0.05330181 -0.0380657 0.30307356 60 60 60
-0.05108327 -0.01169859 0.26430446 113 113 113
-0.0563494 -0.00835181 0.26678261 91 91 91
-0.05764026 -0.01105432 0.26517919 129 129 129
-0.0501754 -0.03953764 0.30334637 62 62 62
-0.07938279 -0.03544331 0.29506022 66 66 66
-0.05557285 -0.00876992 0.26687038 96 96 96
-0.07836926 -0.03590471 0.29512128 105 105 105
-0.07140979 -0.03885801 0.29610217 122 122 122
-0.08814739 -0.03321234 0.28558528 120 120 120
-0.05066773 -0.01214227 0.26412928 121 121 121
-0.04913612 -0.04003128 0.30349797 65 65 65
-0.05101558 -0.03926663 0.30328634 67 67 67
-0.05729485 -0.00817598 0.26661417 100 100 100
-0.05779161 -0.01159442 0.26506892 122 122 122
-0.05694199 -0.04407176 0.30255949 113 113 113
-0.05414936 -0.03799299 0.30301732 59 59 59
-0.05443042 -0.00928866 0.26742667 86 86 86
-0.05976191 -0.006581 0.26801962 66 66 66
-0.05150365 -0.03923566 0.30331388 64 64 64
-0.05626898 -0.03717487 0.30265093 58 58 58
-0.05580832 -0.00908503 0.26645643 104 104 104
-0.08526883 -0.0278194 0.28538939 115 115 115
-0.05444932 -0.03806663 0.30297399 60 60 60
-0.07790919 -0.03591575 0.29511845 106 106 106
-0.05395864 -0.03840728 0.30292591 59 59 59
-0.05552805 -0.00933734 0.26643664 106 106 106
-0.07616004 -0.03668689 0.29522076 98 98 98
-0.05209956 -0.03926465 0.30330375 65 65 65
-0.07885765 -0.03538327 0.29515544 65 65 65
-0.04754768 -0.04139975 0.30360347 71 71 71
-0.05410353 -0.00965391 0.26754832 85 85 85
-0.05812956 -0.00822012 0.2664879 104 104 104
-0.05461453 -0.03829966 0.3028895 59 59 59
-0.07854877 -0.03538362 0.29534623 71 71 71
-0.07381377 -0.03704373 0.29792908 61 61 61
-0.04793702 -0.04135498 0.30334753 77 77 77
-0.05507633 -0.00971097 0.26648 108 108 108
-0.06021761 -0.00670227 0.26818252 67 67 67
-0.05297917 -0.03915619 0.30324402 62 62 62
-0.088493 -0.02840343 0.27864364 101 101 101
-0.05354343 -0.00994627 0.26799914 65 65 65
-0.05774868 -0.00867546 0.26615945 115 115 115
-0.04825271 -0.04160659 0.30271274 82 82 82
-0.07657096 -0.03620084 0.29528245 99 99 99
-0.06992107 -0.03679224 0.29817367 81 81 81
-0.06509774 -0.04094436 0.29756904 100 100 100
-0.05441388 -0.0101299 0.26669478 104 104 104
-0.05808348 -0.00860359 0.26620105 114 114 114
-0.07728314 -0.03576049 0.29535049 101 101 101
-0.07163908 -0.0381013 0.29646453 113 113 113
-0.08412117 -0.03342282 0.29104251 109 109 109
-0.07656026 -0.03596881 0.29549223 96 96 96
-0.05359756 -0.03935696 0.30338666 62 62 62
-0.05604347 -0.00965933 0.26603454 115 115 115
-0.06121847 -0.00657547 0.26805207 60 60 60
-0.05469589 -0.0390503 0.30287036 65 65 65
-0.0840951 -0.02905264 0.28726488 68 68 68
-0.05396237 -0.03943024 0.30321267 63 63 63
-0.05501157 -0.01017228 0.26629344 114 114 114
-0.05763784 -0.00909841 0.26591092 113 113 113
-0.04932045 -0.04198365 0.30154094 87 87 87
-0.05430566 -0.03939893 0.30308181 64 64 64
-0.07784704 -0.03527738 0.29557815 82 82 82
-0.0710199 -0.03817886 0.29649651 115 115 115
-0.07995709 -0.03800282 0.29446277 136 136 136
-0.04634019 -0.04300881 0.30381802 74 74 74
-0.05056357 -0.04146254 0.3016144 81 81 81
-0.0613609 -0.03667816 0.30125099 65 65 65
-0.05853792 -0.00868927 0.26615998 117 117 117
-0.07649046 -0.03574646 0.29575941 91 91 91
-0.04784433 -0.04282825 0.30164698 92 92 92
-0.0545304 -0.03950313 0.30310059 63 63 63
-0.05937137 -0.03752152 0.3018555 67 67 67
-0.04810083 -0.04289248 0.30140322 98 98 98
-0.05424529 -0.03966621 0.30331656 58 58 58
-0.05847156 -0.00885072 0.26605433 118 118 118
-0.06126914 -0.0086911 0.2668829 101 101 101
-0.05857863 -0.01148671 0.26515675 108 108 108
-0.05073144 -0.04174665 0.30130422 100 100 100
-0.05538087 -0.03933214 0.30290133 63 63 63
-0.05591365 -0.0101847 0.26591662 119 119 119
-0.07756911 -0.03517111 0.29568607 77 77 77
-0.08439124 -0.02953349 0.28727534 74 74 74
-0.06917932 -0.03867226 0.29727384 110 110 110
-0.05016221 -0.04218051 0.3011041 114 114 114
-0.05891231 -0.03799276 0.30237541 62 62 62
-0.05870511 -0.01036204 0.26545957 130 130 130
-0.05480556 -0.01072651 0.26615381 116 116 116
-0.0585079 -0.00906006 0.26593739 121 121 121
-0.05203302 -0.04135771 0.30130935 87 87 87
-0.05980484 -0.03773903 0.30201635 70 70 70
-0.04938183 -0.04276077 0.30091304 113 113 113
-0.05542571 -0.03960219 0.30296865 64 64 64
-0.08486538 -0.02961012 0.28731331 72 72 72
-0.0829825 -0.0335059 0.2914094 122 122 122
-0.04867385 -0.04317994 0.30090502 112 112 112
-0.05461957 -0.0399907 0.30342701 59 59 59
-0.06007585 -0.03788543 0.3015998 78 78 78
-0.05765048 -0.00966995 0.2656216 125 125 125
-0.06333572 -0.03656945 0.30092335 61 61 61
-0.07040655 -0.03812401 0.29670218 109 109 109
-0.06871646 -0.03868764 0.29763356 103 103 103
-0.05091708 -0.04225014 0.30091989 114 114 114
-0.05539652 -0.03980844 0.3030501 63 63 63
-0.06072599 -0.03772543 0.30138198 83 83 83
-0.07909922 -0.03458398 0.29420877 67 67 67
-0.07047121 -0.0379902 0.29676214 108 108 108
-0.06555729 -0.03993958 0.2980907 100 100 100
-0.05713577 -0.01002663 0.26551723 123 123 123
-0.04832905 -0.04355654 0.30088195 110 110 110
-0.05243822 -0.04167498 0.30092311 101 101 101
-0.05931855 -0.03843959 0.30158848 77 77 77
-0.08513901 -0.02971811 0.28733942 74 74 74
-0.04972912 -0.04305222 0.30069861 117 117 117
-0.05541064 -0.03998277 0.30312443 62 62 62
-0.05789106 -0.01194747 0.26499858 123 123 123
-0.06410643 -0.03654728 0.3006576 63 63 63
-0.05738459 -0.01001789 0.26549166 124 124 124
-0.0803988 -0.03794422 0.29465297 131 131 131
-0.04975537 -0.04314964 0.30065283 117 117 117
-0.05536941 -0.04008722 0.30319965 59 59 59
-0.06013286 -0.03841114 0.30101639 83 83 83
-0.08316905 -0.0332172 0.29140109 119 119 119
-0.05069397 -0.0428082 0.3006998 119 119 119
-0.05623689 -0.03985763 0.30284262 65 65 65
-0.0618198 -0.03772295 0.30077115 79 79 79
-0.08569335 -0.03651805 0.28954783 129 129 129
-0.06911789 -0.03835648 0.29743478 100 100 100
-0.05687869 -0.01035049 0.26544487 126 126 126
-0.0644871 -0.04043398 0.29768026 107 107 107
-0.04947755 -0.04348911 0.30053851 120 120 120
-0.08765628 -0.03214376 0.28613865 122 122 122
-0.05975068 -0.03879675 0.30085197 78 78 78
-0.06399811 -0.03679774 0.30138564 58 58 58
-0.07101291 -0.03751641 0.29694152 97 97 97
-0.05170868 -0.0425934 0.30060092 109 109 109
-0.05876036 -0.03927339 0.30117396 82 82 82
-0.06411889 -0.04049255 0.29769772 110 110 110
-0.06109165 -0.0383208 0.30050275 83 83 83
-0.05577751 -0.0108442 0.2658031 116 116 116
-0.05969742 -0.00884573 0.26632506 117 117 117
-0.04912362 -0.04387506 0.30047429 114 114 114
-0.05527143 -0.04045565 0.30343774 59 59 59
-0.06061779 -0.03866328 0.30038735 84 84 84
-0.07576431 -0.03535729 0.29657909 64 64 64
-0.05232868 -0.04251159 0.30043143 109 109 109
-0.05943037 -0.03929505 0.30045831 77 77 77
-0.06887272 -0.038226 0.29771841 91 91 91
-0.06191108 -0.03817888 0.30017874 85 85 85
-0.0563429 -0.01076833 0.26554206 118 118 118
-0.04985137 -0.04376289 0.30040032 119 119 119
-0.05590707 -0.04044374 0.30317163 61 61 61
-0.06118652 -0.03868342 0.30002448 85 85 85
-0.0875076 -0.03201367 0.28627378 127 127 127
-0.06083378 -0.00816782 0.26703382 108 108 108
-0.05286131 -0.04249783 0.30029541 118 118 118
-0.05945018 -0.03954067 0.30013391 78 78 78
-0.07075303 -0.03742636 0.29707026 92 92 92
-0.06549229 -0.03679945 0.30016276 64 64 64
-0.05630209 -0.01088117 0.26554132 119 119 119
-0.05754777 -0.01036723 0.2653591 129 129 129
-0.05928746 -0.03979199 0.29995921 78 78 78
-0.06548462 -0.03690491 0.30024892 60 60 60
-0.04462762 -0.04556665 0.30462378 55 55 55
-0.0584044 -0.00991204 0.26554641 127 127 127
-0.06169145 -0.03883771 0.29958138 90 90 90
-0.08608299 -0.0302578 0.28771701 102 102 102
-0.07268088 -0.03628204 0.29787251 63 63 63
-0.0669262 -0.03835218 0.30050379 59 59 59
-0.0564061 -0.04060039 0.30315408 65 65 65
-0.06177993 -0.03892977 0.29944003 88 88 88
-0.05488845 -0.01153942 0.26580384 120 120 120
-0.07278944 -0.03618446 0.29770842 65 65 65
-0.05404834 -0.04236875 0.30026558 109 109 109
-0.05993828 -0.03987372 0.29944149 92 92 92
-0.08018992 -0.03825837 0.2945503 129 129 129
-0.06716136 -0.03819123 0.30029196 62 62 62
-0.05615753 -0.04086133 0.30335793 60 60 60
-0.05653084 -0.01090804 0.26542667 120 120 120
-0.06051316 -0.0085984 0.26670858 100 100 100
-0.0864123 -0.03046774 0.28749332 113 113 113
-0.05701018 -0.01115096 0.26522538 122 122 122
-0.05880524 -0.04059199 0.29953107 87 87 87
-0.06278441 -0.03882361 0.29914001 81 81 81
-0.05490069 -0.01196301 0.26564842 125 125 125
-0.05942647 -0.04045407 0.29921967 98 98 98
-0.06349366 -0.03862165 0.2991257 84 84 84
-0.08750471 -0.03174668 0.28637087 124 124 124
-0.0533737 -0.04311907 0.30001125 119 119 119
-0.05944419 -0.04055965 0.29914096 104 104 104
-0.06347252 -0.03873519 0.298985 84 84 84
-0.05405422 -0.01190579 0.26608458 116 116 116
-0.05767012 -0.0105172 0.26531076 130 130 130
-0.08613013 -0.03084701 0.28749689 124 124 124
-0.0540821 -0.04290153 0.29997134 118 118 118
-0.07048622 -0.03704501 0.29751888 86 86 86
-0.06131276 -0.03983708 0.29896119 112 112 112
-0.06611867 -0.0374085 0.30026063 61 61 61
-0.08608672 -0.03096582 0.28752473 123 123 123
-0.05419295 -0.04295662 0.29995328 121 121 121
-0.06102429 -0.04010028 0.29892582 105 105 105
-0.06658314 -0.03735243 0.29993534 65 65 65
-0.0584629 -0.01213532 0.26499605 136 136 136
-0.07246915 -0.03600977 0.29774961 66 66 66
-0.05510391 -0.04252566 0.30041263 99 99 99
-0.06183169 -0.03985885 0.2987625 104 104 104
-0.06904093 -0.0364903 0.29928505 66 66 66
-0.05522846 -0.01160274 0.26571056 127 127 127
-0.05897374 -0.00987968 0.26568481 105 105 105
-0.06723174 -0.03793028 0.30007851 63 63 63
-0.05912737 -0.04111787 0.29896319 104 104 104
-0.06286601 -0.03952633 0.2984896 108 108 108
-0.06954369 -0.03640903 0.29893833 73 73 73
-0.08647098 -0.03116045 0.28719667 121 121 121
-0.0828531 -0.03246211 0.29163072 70 70 70
-0.05907754 -0.04123048 0.29894352 107 107 107
-0.06304478 -0.03955942 0.29840943 110 110 110
-0.06985223 -0.03642773 0.2986719 77 77 77
-0.08043966 -0.03831773 0.29464409 128 128 128
-0.06435913 -0.03949584 0.29816827 103 103 103
-0.05813066 -0.04168146 0.2994321 91 91 91
-0.06221408 -0.04003092 0.29851344 108 108 108
-0.0685035 -0.03697477 0.29954746 66 66 66
-0.07178853 -0.03580128 0.29800934 65 65 65
-0.08695857 -0.03149586 0.28677216 125 125 125
-0.05966532 -0.04121422 0.29874179 111 111 111
-0.05820549 -0.012167 0.26496741 124 124 124
-0.07039903 -0.03643589 0.29831111 83 83 83
-0.05335709 -0.01384247 0.26661411 121 121 121
-0.08544765 -0.01967864 0.27695543 107 107 107
-0.08605397 -0.019974 0.27686173 112 112 112
-0.08544321 -0.02004831 0.27661937 114 114 114
-0.08621152 -0.02037079 0.27653241 113 113 113
-0.08823997 -0.02052359 0.28052893 65 65 65
-0.08654592 -0.01951874 0.27771476 109 109 109
-0.08594207 -0.0207915 0.27590755 118 118 118
-0.08623262 -0.02102108 0.27585077 121 121 121
-0.05861076 -0.01458432 0.26968491 93 93 93
-0.08600149 -0.01922709 0.27759907 102 102 102
-0.08603358 -0.02143635 0.27529195 122 122 122
-0.05256487 -0.03908227 0.30318546 63 63 63
-0.05014567 -0.03990647 0.30410272 66 66 66
-0.08632009 -0.02192885 0.27506658 117 117 117
-0.08552344 -0.0219683 0.27457333 123 123 123
-0.08504862 -0.02206857 0.2744877 113 113 113
-0.05297743 -0.01312253 0.26621619 118 118 118
-0.07891589 -0.01786124 0.27141795 119 119 119
-0.08564059 -0.02269341 0.27409372 121 121 121
-0.08263108 -0.01844119 0.27147406 114 114 114
-0.08263467 -0.01834868 0.27153239 112 112 112
-0.08589154 -0.02324044 0.27391422 123 123 123
-0.08270612 -0.01809308 0.27172336 114 114 114
-0.07175653 -0.01598116 0.26944673 120 120 120
-0.08238292 -0.01786615 0.27174884 117 117 117
-0.07187584 -0.01585044 0.26967552 120 120 120
-0.07190782 -0.01571102 0.26971665 120 120 120
-0.08585986 -0.0177699 0.2767629 71 71 71
-0.08273318 -0.01748892 0.27216429 124 124 124
-0.08251552 -0.01733768 0.27218249 125 125 125
-0.08251738 -0.0172468 0.27224964 122 122 122
-0.0822824 -0.01713795 0.27224609 121 121 121
-0.07201995 -0.01514591 0.27001816 121 121 121
-0.05253343 -0.01141153 0.26580745 121 121 121
-0.05266789 -0.03957175 0.30415908 66 66 66
-0.08813717 -0.02629498 0.2775605 118 118 118
-0.08776385 -0.02633919 0.27744803 114 114 114
-0.08274441 -0.01669162 0.27276418 122 122 122
-0.08803137 -0.02664259 0.27741027 127 127 127
-0.07152176 -0.01458854 0.2691859 126 126 126
-0.07195049 -0.01453426 0.27007505 121 121 121
-0.08126297 -0.01610628 0.27297434 102 102 102
-0.08158142 -0.016087 0.27299011 108 108 108
-0.08213889 -0.01611847 0.27303195 116 116 116
-0.08289196 -0.01616885 0.27325842 124 124 124
-0.08610322 -0.01640644 0.2768245 67 67 67
-0.07947999 -0.01532147 0.27380416 78 78 78
-0.0816529 -0.01574408 0.27331877 107 107 107
-0.08288681 -0.0158965 0.27349555 122 122 122
-0.07137476 -0.01390129 0.26934001 122 122 122
-0.07992439 -0.01515325 0.27379581 79 79 79
-0.08227567 -0.01559038 0.2735467 116 116 116
-0.05221016 -0.00991102 0.26769018 69 69 69
-0.07937653 -0.01490867 0.27351445 78 78 78
-0.0818895 -0.0153485 0.27367246 110 110 110
-0.08302941 -0.01544391 0.27394855 108 108 108
-0.05251829 -0.00969741 0.26747659 67 67 67
-0.08318877 -0.01540543 0.27407002 108 108 108
-0.05285316 -0.00968281 0.26746523 69 69 69
-0.08019424 -0.01475668 0.27357402 71 71 71
-0.08589837 -0.01554727 0.27674851 63 63 63
-0.05284885 -0.00953291 0.26733744 69 69 69
-0.08236191 -0.01498057 0.27403769 120 120 120
-0.05016536 -0.00909765 0.26512733 111 111 111
-0.08164139 -0.01474914 0.27413133 102 102 102
-0.04960186 -0.00889438 0.26504907 112 112 112
-0.07678615 -0.01405158 0.26981321 124 124 124
-0.04934576 -0.00875304 0.26506132 111 111 111
-0.07655229 -0.01393209 0.26981881 121 121 121
-0.04934983 -0.00866223 0.26511982 116 116 116
-0.08105361 -0.01433925 0.27424142 83 83 83
-0.05120628 -0.00882048 0.26659516 84 84 84
-0.08228138 -0.01451049 0.2744109 120 120 120
-0.0714346 -0.01267313 0.27009633 116 116 116
-0.04815949 -0.00828827 0.26510727 106 106 106
-0.07669496 -0.01368975 0.27003676 120 120 120
-0.04978986 -0.00846846 0.2654607 114 114 114
-0.0818669 -0.01422621 0.27459416 110 110 110
-0.08987735 -0.02986659 0.28135967 132 132 132
-0.08903654 -0.02981015 0.2812438 117 117 117
-0.0770515 -0.01356093 0.27029258 111 111 111
-0.05148944 -0.03959254 0.30424306 65 65 65
-0.0479384 -0.00792671 0.2653527 101 101 101
-0.0813712 -0.01401474 0.27416694 73 73 73
-0.06426641 -0.01104311 0.26780042 117 117 117
-0.08916247 -0.03007161 0.28118423 120 120 120
-0.07228005 -0.01231003 0.27121946 69 69 69
-0.04901333 -0.00794945 0.26561043 104 104 104
-0.07733959 -0.01335025 0.27064881 113 113 113
-0.06666694 -0.04036922 0.29871565 107 107 107
-0.08294492 -0.0139564 0.27521524 110 110 110
-0.07207634 -0.01208935 0.27116528 66 66 66
-0.04879372 -0.00769518 0.26576322 96 96 96
-0.07654328 -0.01300417 0.27049929 118 118 118
-0.04992243 -0.00780751 0.26618269 75 75 75
-0.08200776 -0.01366628 0.2748704 91 91 91
-0.07549307 -0.01271737 0.27058008 104 104 104
-0.04857433 -0.00751373 0.26572385 75 75 75
-0.07598278 -0.01269354 0.27061149 102 102 102
-0.06684019 -0.04031018 0.29906982 103 103 103
-0.07629931 -0.01269131 0.27067241 114 114 114
-0.04905021 -0.00743124 0.26576325 71 71 71
-0.06482663 -0.03989428 0.29794323 112 112 112
-0.06439424 -0.01017228 0.26980874 75 75 75
-0.07644919 -0.01253434 0.27084538 113 113 113
-0.07753425 -0.0126285 0.2714119 107 107 107
-0.08413716 -0.01355647 0.27624273 79 79 79
-0.07612088 -0.01227456 0.27100173 104 104 104
-0.07681762 -0.01233098 0.27117968 110 110 110
-0.07835609 -0.01239998 0.27286616 73 73 73
-0.06480126 -0.00985116 0.26954609 64 64 64
-0.07702293 -0.01215847 0.27148348 107 107 107
-0.07879414 -0.01233125 0.27282423 66 66 66
-0.06948718 -0.01071426 0.26931983 99 99 99
-0.07570135 -0.01171924 0.27155337 101 101 101
-0.07684237 -0.01183124 0.27176777 95 95 95
-0.05809646 -0.00844976 0.26630512 108 108 108
-0.07090799 -0.01058015 0.27090046 78 78 78
-0.07667376 -0.0116258 0.27195847 90 90 90
-0.05861008 -0.0083489 0.26638806 111 111 111
-0.06969795 -0.01028794 0.2697638 93 93 93
-0.07662839 -0.01139684 0.27228498 85 85 85
-0.05928613 -0.00833253 0.26647365 115 115 115
-0.06954408 -0.01007242 0.2698524 103 103 103
-0.05877397 -0.00813738 0.26654598 107 107 107
-0.06566905 -0.03986659 0.29820222 98 98 98
-0.06892423 -0.00988633 0.26973215 96 96 96
-0.05877957 -0.00802354 0.26663798 103 103 103
-0.06859008 -0.00970696 0.2698251 91 91 91
-0.05929054 -0.00803091 0.26667172 109 109 109
-0.06982497 -0.0098181 0.27042672 92 92 92
-0.06062691 -0.00823077 0.26693067 110 110 110
-0.07619242 -0.01090151 0.27234691 67 67 67
-0.06105277 -0.00819337 0.26709029 108 108 108
-0.07661861 -0.01090929 0.27243149 67 67 67
-0.06102576 -0.008115 0.26713875 111 111 111
-0.07653736 -0.01079579 0.27236047 62 62 62
-0.05965632 -0.00775239 0.26699066 106 106 106
-0.0615473 -0.00801013 0.26745954 106 106 106
-0.05725591 -0.00707827 0.26770926 71 71 71
-0.05927482 -0.00747671 0.26723647 94 94 94
-0.06025378 -0.00757772 0.26738915 102 102 102
-0.06095289 -0.00761646 0.26762506 101 101 101
-0.06527218 -0.03969458 0.29816741 109 109 109
-0.05946614 -0.00722092 0.26758489 90 90 90
-0.060027 -0.00723383 0.26772678 92 92 92
-0.05991999 -0.00712679 0.26782596 91 91 91
-0.06079406 -0.0072171 0.26806408 89 89 89
-0.06625262 -0.03977107 0.29878527 95 95 95
-0.05913495 -0.00677532 0.26795891 77 77 77
-0.0597132 -0.00671525 0.26812339 67 67 67
-0.07922418 -0.03241744 0.29312909 59 59 59
-0.06601021 -0.03954108 0.29879552 93 93 93
-0.07889275 -0.03344756 0.29359707 62 62 62
-0.07902605 -0.03386975 0.29384008 66 66 66
-0.07951467 -0.03449405 0.29431906 64 64 64
-0.06556369 -0.03939065 0.29860476 88 88 88
-0.06498515 -0.03947967 0.29824698 105 105 105
-0.04979415 -0.0397714 0.30349392 63 63 63
-0.0796352 -0.03685038 0.29476267 114 114 114
-0.05663052 -0.0433001 0.30198044 114 114 114
-0.07132075 -0.0360511 0.2983841 72 72 72
-0.08006721 -0.0377032 0.29456699 131 131 131
-0.071521 -0.0363966 0.29812545 87 87 87
-0.07279289 -0.0366578 0.29821116 70 70 70
-0.07145992 -0.03663801 0.29785097 86 86 86
-0.05565068 -0.04250827 0.30079949 111 111 111
-0.07206886 -0.03701382 0.29757801 100 100 100
-0.05386222 -0.04213288 0.3004334 104 104 104
-0.07079552 -0.03709168 0.29736897 83 83 83
-0.05435397 -0.04210336 0.30048925 104 104 104
-0.07069941 -0.03724504 0.29724687 87 87 87
-0.05447954 -0.04203958 0.30057442 104 104 104
-0.0724984 -0.03763547 0.29713768 87 87 87
-0.05533136 -0.04209024 0.30088645 98 98 98
-0.07106643 -0.03754458 0.2969096 98 98 98
-0.07319434 -0.03800878 0.29720035 100 100 100
-0.05132664 -0.04139946 0.30145919 86 86 86
-0.07347582 -0.03821599 0.29731384 100 100 100
-0.05368156 -0.04163807 0.30083218 92 92 92
-0.06329504 -0.03672348 0.30167314 64 64 64
-0.06530086 -0.03718774 0.30069503 58 58 58
-0.05305745 -0.04143377 0.30105543 89 89 89
-0.07243035 -0.03849342 0.29631472 106 106 106
-0.0629332 -0.03707439 0.30123624 69 69 69
-0.05461792 -0.0415834 0.30108604 95 95 95
-0.0638418 -0.03727458 0.30075717 73 73 73
-0.06479792 -0.03756888 0.30047762 87 87 87
-0.05230956 -0.04115614 0.30146405 77 77 77
-0.07404175 -0.03918651 0.29708794 114 114 114
-0.06292877 -0.03750427 0.30063638 71 71 71
-0.05424397 -0.04139181 0.3012062 91 91 91
-0.06384026 -0.03773607 0.30009851 77 77 77
-0.0644977 -0.03794108 0.299885 87 87 87
-0.0552413 -0.04144345 0.30161458 90 90 90
-0.06476676 -0.03807179 0.29980147 95 95 95
-0.06548681 -0.03829371 0.29996112 82 82 82
-0.05203405 -0.04085718 0.30190259 73 73 73
-0.06240183 -0.03797159 0.30023828 75 75 75
-0.05485671 -0.04121554 0.30174285 91 91 91
-0.06362791 -0.03824491 0.29951337 78 78 78
-0.06411058 -0.03841598 0.29927728 85 85 85
-0.05252008 -0.04072899 0.30196553 75 75 75
-0.06254874 -0.03834652 0.29974702 77 77 77
-0.05447374 -0.04094161 0.30196133 85 85 85
-0.06494309 -0.03885565 0.29890996 96 96 96
-0.0651971 -0.0389685 0.29889259 100 100 100
-0.06288607 -0.03869301 0.29925177 80 80 80
-0.05419387 -0.04073176 0.30220148 81 81 81
-0.0656816 -0.03922991 0.29888704 105 105 105
-0.0638155 -0.03899175 0.29861772 89 89 89
-0.08670922 -0.03737137 0.29318383 126 126 126
-0.08966605 -0.03215589 0.28596836 132 132 132
-0.08671224 -0.03499237 0.29118702 132 132 132
-0.08968037 -0.03169277 0.28626204 140 140 140
-0.08933022 -0.03152936 0.28656664 139 139 139
-0.08962169 -0.03099659 0.28674054 146 146 146
-0.08979408 -0.03056013 0.28687239 119 119 119
-0.08900589 -0.0307971 0.28707987 145 145 145
-0.08952589 -0.03031374 0.28716078 148 148 148
-0.08933501 -0.03026097 0.28726751 146 146 146
-0.08904225 -0.03026218 0.28736299 139 139 139
-0.08978574 -0.02816853 0.28173515 129 129 129
-0.0899793 -0.02935423 0.28708696 126 126 126
-0.08966195 -0.02946086 0.28743881 145 145 145
-0.08913936 -0.0296312 0.28767803 138 138 138
-0.08974396 -0.02764323 0.28198138 129 129 129
-0.08966901 -0.02900807 0.28756419 119 119 119
-0.08892719 -0.02933738 0.28792888 136 136 136
-0.08925547 -0.02894845 0.28794408 119 119 119
-0.08949184 -0.02863347 0.2878733 112 112 112
-0.08901279 -0.02880439 0.28815106 107 107 107
-0.08910152 -0.02925597 0.29062948 100 100 100
-0.08899254 -0.02708015 0.28298536 146 146 146
-0.08947851 -0.02884305 0.29067016 66 66 66
-0.08894908 -0.02679143 0.28319824 147 147 147
-0.08833863 -0.02538241 0.27768356 131 131 131
-0.08921971 -0.02619714 0.28331277 153 153 153
-0.08803146 -0.02519426 0.27810025 143 143 143
-0.08826041 -0.02486896 0.27810457 147 147 147
-0.08899853 -0.02576507 0.28367034 137 137 137
-0.08792063 -0.02460529 0.27859628 146 146 146
-0.08948791 -0.0255283 0.28584394 75 75 75
-0.08940548 -0.02545964 0.28656191 92 92 92
-0.08781243 -0.0239304 0.27905563 154 154 154
-0.08830364 -0.02337733 0.27891243 130 130 130
-0.08835616 -0.02307765 0.2789593 155 155 155
-0.08829869 -0.02283354 0.27910292 129 129 129
-0.0873314 -0.02316323 0.27976537 146 146 146
-0.08749025 -0.02282213 0.2798143 146 146 146
-0.08776525 -0.02238282 0.27978125 144 144 144
-0.08830456 -0.02184657 0.28189436 66 66 66
-0.08528204 -0.02088973 0.2742767 134 134 134
-0.08524331 -0.02031452 0.27485391 131 131 131
-0.08528741 -0.01976698 0.2750532 132 132 132
-0.08524164 -0.01931647 0.27545145 133 133 133
-0.08520841 -0.01880573 0.27581486 117 117 117
-0.08827218 -0.02509507 0.27868348 132 132 132
-0.08520085 -0.0207387 0.27464172 139 139 139
-0.08815179 -0.0246164 0.27905279 128 128 128
-0.08990073 -0.02828458 0.28268421 122 122 122
-0.08989802 -0.02807283 0.28296688 120 120 120
-0.08845423 -0.02401663 0.28007677 132 132 132
-0.08985794 -0.0324875 0.28629047 133 133 133
-0.08845832 -0.02368548 0.28049505 124 124 124
-0.08518149 -0.018724 0.27590784 125 125 125
-0.07931135 -0.0168527 0.27157161 140 140 140
-0.07930744 -0.01685036 0.27184778 139 139 139
-0.08499614 -0.01862027 0.27636793 102 102 102
-0.07932287 -0.01651024 0.27207544 140 140 140
-0.08814713 -0.02278131 0.28109154 107 107 107
-0.08816294 -0.02268213 0.28123528 107 107 107
-0.0895153 -0.03126618 0.28738892 133 133 133
-0.07924258 -0.01577848 0.27258021 150 150 150
-0.08910241 -0.02623354 0.28476503 107 107 107
-0.08918331 -0.02432128 0.2839542 104 104 104
-0.08878885 -0.03047058 0.28769261 143 143 143
-0.0868018 -0.03391034 0.29249844 127 127 127
-0.08938649 -0.03041169 0.28862044 130 130 130
-0.08903034 -0.02313141 0.28429165 104 104 104
-0.08691353 -0.0344599 0.29210421 137 137 137
-0.08889662 -0.0298045 0.28899103 107 107 107
-0.08551022 -0.02011504 0.27655214 118 118 118
-0.088452 -0.02448132 0.27953097 126 126 126
-0.08851005 -0.02428772 0.27986178 125 125 125
-0.08824608 -0.0238163 0.28002337 129 129 129
-0.08825767 -0.02369214 0.28019094 127 127 127
-0.08790387 -0.02332316 0.28030911 119 119 119
-0.05259412 -0.01174222 0.265683 124 124 124
-0.05271017 -0.0118682 0.26593086 120 120 120
-0.05251252 -0.01115398 0.26611385 136 136 136
-0.05194807 -0.01005204 0.26618859 121 121 121
-0.0521915 -0.0103878 0.26635984 133 133 133
-0.05249595 -0.01102607 0.26652867 133 133 133
-0.08516405 -0.02129633 0.2751365 105 105 105
-0.05170023 -0.00943277 0.26679143 117 117 117
-0.06414159 -0.01062535 0.2678149 121 121 121
-0.06489644 -0.01342354 0.26815692 114 114 114
-0.06467711 -0.01194148 0.26821446 124 124 124
-0.06465904 -0.01174835 0.26830226 123 123 123
-0.06437864 -0.01076596 0.26835683 137 137 137
-0.06251109 -0.00798139 0.26837415 95 95 95
-0.06469198 -0.01181961 0.2686381 131 131 131
-0.06436634 -0.01063538 0.26870775 128 128 128
-0.06477408 -0.01263735 0.26903185 115 115 115
-0.06430954 -0.0103507 0.26905441 121 121 121
-0.06456116 -0.01134614 0.26926091 117 117 117
-0.07190414 -0.01487043 0.26979065 124 124 124
-0.07624111 -0.0113633 0.27219361 90 90 90
-0.07169002 -0.01324705 0.27017534 120 120 120
-0.0898618 -0.02813157 0.28282601 129 129 129
-0.07193465 -0.01381127 0.2704511 133 133 133
-0.07161015 -0.01261274 0.27051467 111 111 111
-0.07200103 -0.0142965 0.27072981 120 120 120
-0.08995266 -0.03242382 0.28561378 123 123 123
-0.08027246 -0.03890262 0.30228758 101 101 101
-0.07950441 -0.03936705 0.30217665 105 105 105
-0.07969721 -0.03978898 0.30182683 110 110 110
-0.0668891 -0.04068629 0.29880145 115 115 115
-0.06760234 -0.04138242 0.29967386 119 119 119
-0.06690022 -0.04035773 0.29912969 92 92 92
-0.06576737 -0.03890507 0.29936326 84 84 84
-0.06663775 -0.03969223 0.29948428 80 80 80
-0.06579602 -0.03850435 0.29996356 86 86 86
-0.04597922 -0.01626906 0.26763359 119 119 119
-0.05302589 -0.01355133 0.26628295 122 122 122
-0.05276674 -0.01248525 0.2657975 119 119 119
-0.08674724 -0.01849098 0.27807793 69 69 69
-0.05601152 -0.04216382 0.3016431 83 83 83
-0.05552666 -0.04181221 0.30138117 97 97 97
-0.05586771 -0.04231074 0.30126068 104 104 104
-0.05676617 -0.04364045 0.30218917 113 113 113
-0.05673542 -0.04373348 0.30208659 124 124 124
-0.05709137 -0.04448432 0.30282393 115 115 115
-0.07426471 -0.03941283 0.29722494 112 112 112
-0.07515204 -0.04035078 0.29772925 108 108 108
-0.07425094 -0.0390734 0.29747352 94 94 94
-0.07312204 -0.03757481 0.2976428 93 93 93
-0.07335111 -0.03760566 0.29786831 78 78 78
-0.0733202 -0.03680146 0.29796419 59 59 59
-0.06377966 -0.01621086 0.27146688 96 96 96
-0.08017198 -0.03770006 0.29461488 131 131 131
-0.08099546 -0.03847996 0.29486853 114 114 114
-0.08016289 -0.03732236 0.29477626 119 119 119
-0.0793948 -0.03627707 0.29508194 103 103 103
-0.07988137 -0.03657507 0.29506388 96 96 96
-0.07960045 -0.03453784 0.29443249 60 60 60
-0.07934649 -0.03364484 0.293973 58 58 58
-0.07895064 -0.03254928 0.29320052 60 60 60
-0.08561862 -0.01501158 0.27671143 62 62 62
-0.08573856 -0.03626249 0.28955469 134 134 134
-0.08613176 -0.03634878 0.28965092 119 119 119
-0.08638964 -0.03633361 0.28994477 124 124 124
-0.07185575 -0.01583398 0.26961884 120 120 120
-0.0828261 -0.03089184 0.29018414 74 74 74
-0.07546972 -0.01807853 0.26893219 109 109 109
-0.07157847 -0.01247028 0.2705639 106 106 106
-0.08362918 -0.02879677 0.28718206 60 60 60
-0.08406652 -0.02893109 0.28731 67 67 67
-0.08447012 -0.02921854 0.28735188 69 69 69
-0.08219986 -0.02549019 0.28403598 61 61 61
-0.08253938 -0.02552362 0.28408343 59 59 59
-0.08247797 -0.02515399 0.28380764 58 58 58
-0.08318639 -0.0258116 0.28447431 61 61 61
-0.08300267 -0.02532216 0.28465515 60 60 60
-0.08086497 -0.02190033 0.2800343 54 54 54
-0.08113278 -0.02193419 0.28037295 59 59 59
-0.08844938 -0.03172174 0.29315159 64 64 64
-0.08121002 -0.02153 0.28065625 61 61 61
-0.08183683 -0.02204736 0.28128812 56 56 56
-0.0821607 -0.02223793 0.28133553 53 53 53
-0.08279952 -0.02277095 0.28109393 69 69 69
-0.08552583 -0.01569703 0.27676353 67 67 67
-0.08899086 -0.0304014 0.29345027 65 65 65
-0.08574021 -0.01596187 0.2767548 66 66 66
-0.08942528 -0.02995913 0.29353637 63 63 63
-0.08694553 -0.02528576 0.2748031 110 110 110
-0.08953514 -0.0291751 0.29299289 59 59 59
-0.08956511 -0.02874031 0.29193419 61 61 61
-0.08495791 -0.01941038 0.27682039 80 80 80
-0.08801431 -0.02252634 0.28125095 99 99 99
-0.08945893 -0.02385247 0.28443599 56 56 56
-0.08810748 -0.02095063 0.28043085 71 71 71
-0.05280609 -0.0124768 0.26590949 106 106 106
-0.05298287 -0.01285749 0.26630408 110 110 110
-0.06910729 -0.04305467 0.30293396 111 111 111
-0.05272812 -0.01505899 0.26939362 115 115 115
-0.06912566 -0.04263756 0.30404711 100 100 100
-0.05249538 -0.01594721 0.27054718 111 111 111
-0.06930012 -0.04218244 0.30438596 70 70 70
-0.06943052 -0.042317 0.3046822 72 72 72
-0.08120214 -0.02144897 0.28002593 59 59 59
-0.08127149 -0.02178567 0.28068474 59 59 59
-0.07568041 -0.04147323 0.30021706 127 127 127
-0.07576243 -0.04070671 0.30116299 116 116 116
-0.07573157 -0.04032447 0.30151531 105 105 105
-0.07952138 -0.03199448 0.29281658 64 64 64
-0.07937157 -0.03264713 0.29361665 56 56 56
-0.07971717 -0.03210879 0.29300952 61 61 61
-0.07957725 -0.03431887 0.2943857 61 61 61
-0.07936796 -0.03261652 0.29422972 51 51 51
-0.07522757 -0.04020572 0.30407235 99 99 99
-0.08276688 -0.03056573 0.28996611 64 64 64
-0.08146515 -0.03871794 0.29511762 108 108 108
-0.08913794 -0.0296413 0.2807487 114 114 114
-0.08605928 -0.0360803 0.28969848 114 114 114
-0.08958586 -0.03299424 0.28431442 111 111 111
-0.05711219 -0.04632782 0.3091214 62 62 62
-0.05646075 -0.04684947 0.31006661 61 61 61
-0.08263788 -0.03745937 0.30063131 67 67 67
-0.05654045 -0.04659543 0.30968112 64 64 64
-0.08230018 -0.03764551 0.30183196 64 64 64
-0.05632918 -0.04668887 0.30993754 63 63 63
-0.08737829 -0.03340025 0.29384974 72 72 72
-0.08472063 -0.03506516 0.2991592 62 62 62
-0.05742497 -0.01494362 0.27623671 64 64 64
-0.08712576 -0.03315444 0.29586169 99 99 99
-0.08703462 -0.03320899 0.2966457 103 103 103
-0.08594319 -0.03448709 0.29930255 64 64 64
-0.08625074 -0.03430431 0.29920655 63 63 63
-0.08953767 -0.02901911 0.29265696 65 65 65
-0.08808707 -0.03326077 0.29664901 61 61 61
-0.05514446 -0.04684641 0.31047356 61 61 61
-0.05664254 -0.04314092 0.30208302 101 101 101
-0.06489807 -0.01409159 0.26829028 106 106 106
-0.06361895 -0.01667592 0.27162486 117 117 117
-0.06347938 -0.0167664 0.2721588 106 106 106
-0.06396622 -0.01597857 0.2714875 102 102 102
-0.06116387 -0.01492692 0.27582669 63 63 63
-0.06174509 -0.01522929 0.27583799 57 57 57
-0.07142381 -0.01718988 0.27190226 109 109 109
-0.07128079 -0.01735513 0.2716746 104 104 104
-0.05670961 -0.04329266 0.30217606 105 105 105
-0.05563423 -0.01468143 0.27571222 62 62 62
-0.06343929 -0.01599814 0.27269587 78 78 78
-0.0560086 -0.04674161 0.31001413 64 64 64
-0.05257456 -0.04803059 0.31123695 66 66 66
-0.08531282 -0.03395843 0.29905474 86 86 86
-0.06295236 -0.01506484 0.27378184 74 74 74
-0.08775783 -0.02623428 0.27706927 108 108 108
-0.06356819 -0.01660952 0.2720122 103 103 103
-0.05162493 -0.04810268 0.31107298 71 71 71
-0.06382524 -0.01613096 0.27164629 87 87 87
-0.07548527 -0.04057804 0.3045781 65 65 65
-0.05043803 -0.01395111 0.27638447 52 52 52
-0.07620448 -0.03977946 0.30117446 62 62 62
-0.06172625 -0.01484939 0.27508628 88 88 88
-0.06177945 -0.01483273 0.27514759 78 78 78
-0.06255049 -0.01527019 0.27498883 61 61 61
-0.06244351 -0.01525629 0.27509344 61 61 61
-0.05051578 -0.01436884 0.27566928 54 54 54
-0.05016824 -0.01440112 0.2757068 57 57 57
-0.06214848 -0.01523365 0.27550456 59 59 59
-0.07126942 -0.01727495 0.27209887 112 112 112
-0.05760246 -0.04520571 0.30716965 67 67 67
-0.08812232 -0.033262 0.29544356 61 61 61
-0.07086054 -0.0173121 0.27303144 102 102 102
-0.08734372 -0.025995 0.27711859 107 107 107
-0.05046704 -0.01438935 0.2741735 58 58 58
-0.04945134 -0.01447497 0.2745043 62 62 62
-0.07066989 -0.01724101 0.27347067 104 104 104
-0.04819709 -0.01466296 0.27470124 63 63 63
-0.07049899 -0.01715016 0.27384043 103 103 103
-0.05200655 -0.01410321 0.27291566 63 63 63
-0.05200514 -0.01403529 0.27276036 64 64 64
-0.07036821 -0.01644975 0.27454254 82 82 82
-0.07046778 -0.01630155 0.27501085 69 69 69
-0.07163455 -0.01671859 0.2758396 62 62 62
-0.07239917 -0.0172873 0.27679163 65 65 65
-0.07298261 -0.0173845 0.27689096 59 59 59
-0.0578658 -0.04342032 0.30062872 112 112 112
-0.084811 -0.02214334 0.2738938 115 115 115
-0.0794487 -0.02002404 0.27839392 114 114 114
-0.08368123 -0.02728157 0.28653231 53 53 53
-0.08206298 -0.02134806 0.27827987 67 67 67
-0.08351385 -0.02792965 0.28616449 56 56 56
-0.08368609 -0.02786781 0.28592047 58 58 58
-0.08396646 -0.02783388 0.285633 59 59 59
-0.0812287 -0.02137566 0.27995607 60 60 60
-0.08523953 -0.02391372 0.27968881 125 125 125
-0.06412267 -0.01542055 0.27444443 65 65 65
-0.06587001 -0.01602415 0.27525657 94 94 94
-0.06422126 -0.01537888 0.27437139 68 68 68
-0.06576411 -0.0166484 0.27468228 99 99 99
-0.05282584 -0.01398281 0.27257895 63 63 63
-0.05499522 -0.01631088 0.27331343 95 95 95
-0.05539083 -0.01646016 0.27350211 99 99 99
-0.06406581 -0.01523214 0.27386421 67 67 67
-0.06416103 -0.0151695 0.27382371 66 66 66
-0.07282529 -0.01748385 0.27587393 105 105 105
-0.07339824 -0.01782355 0.27590734 99 99 99
-0.05971459 -0.04529049 0.30810052 80 80 80
-0.06389404 -0.01508212 0.27347454 66 66 66
-0.07275753 -0.01776974 0.27558422 110 110 110
-0.05893775 -0.04521973 0.30766708 71 71 71
-0.05493385 -0.01504763 0.27445886 107 107 107
-0.04760742 -0.01681433 0.27272764 106 106 106
-0.04374037 -0.01674629 0.27185026 108 108 108
-0.04333435 -0.0164854 0.27184576 107 107 107
-0.06054987 -0.01508325 0.2761386 64 64 64
-0.06024733 -0.01491538 0.27612805 67 67 67
-0.0431981 -0.01624773 0.27197728 110 110 110
-0.08239114 -0.02081674 0.27736649 98 98 98
-0.05088076 -0.0143219 0.27402881 58 58 58
-0.04371459 -0.01627691 0.27235469 109 109 109
-0.05866958 -0.01465037 0.27607122 90 90 90
-0.05058287 -0.01433668 0.27413598 58 58 58
-0.0594064 -0.046136 0.30706507 124 124 124
-0.08661608 -0.02735244 0.28311998 113 113 113
-0.08668645 -0.02735346 0.28321281 115 115 115
-0.05023999 -0.01445489 0.27434766 60 60 60
-0.04779026 -0.01547811 0.27384987 96 96 96
-0.05942446 -0.04635447 0.3067649 133 133 133
-0.05712635 -0.01493901 0.27622151 60 60 60
-0.04976786 -0.01449408 0.27450439 59 59 59
-0.08272021 -0.02105516 0.27680773 113 113 113
-0.04724034 -0.01504709 0.27408096 93 93 93
-0.05559009 -0.04676075 0.31021291 62 62 62
-0.04824186 -0.04870488 0.30796802 111 111 111
-0.04827118 -0.04866477 0.30807477 111 111 111
-0.04785135 -0.0483677 0.3080852 116 116 116
-0.04823388 -0.04853542 0.3082352 108 108 108
-0.05875834 -0.04659223 0.30582219 123 123 123
-0.04739407 -0.04749442 0.30837372 94 94 94
-0.04772982 -0.04766788 0.30866528 103 103 103
-0.08299878 -0.02172857 0.27574453 121 121 121
-0.04666192 -0.01468186 0.27559996 60 60 60
-0.07774452 -0.01817961 0.27411798 96 96 96
-0.04656687 -0.01443392 0.27588561 60 60 60
-0.04584167 -0.01451827 0.27583024 60 60 60
-0.07672203 -0.04054208 0.30043381 111 111 111
-0.08504964 -0.02781537 0.28570262 118 118 118
-0.04362076 -0.01434978 0.27582178 58 58 58
-0.07896883 -0.04012347 0.3016659 108 108 108
-0.07869109 -0.03980966 0.30189657 102 102 102
-0.07929967 -0.03927169 0.30226353 101 101 101
-0.07794361 -0.01857759 0.2730622 115 115 115
-0.0778924 -0.01859357 0.27285248 121 121 121
-0.04963441 -0.04849021 0.31067705 60 60 60
-0.07511888 -0.04072525 0.30510327 65 65 65
-0.04766954 -0.0478076 0.30842385 108 108 108
-0.04662893 -0.04705039 0.3069236 99 99 99
-0.04735715 -0.04790679 0.3078306 115 115 115
-0.08675525 -0.03025435 0.2871097 121 121 121
-0.04692381 -0.04731614 0.30753481 106 106 106
-0.04764481 -0.04818815 0.30800569 115 115 115
-0.08552532 -0.0277043 0.28494239 107 107 107
-0.04634797 -0.04660705 0.30589837 109 109 109
-0.04722332 -0.04830192 0.30726251 120 120 120
-0.04701222 -0.04731398 0.30782253 101 101 101
-0.04751298 -0.04836825 0.30749056 112 112 112
-0.08287206 -0.02259871 0.28063378 120 120 120
-0.04625997 -0.04636733 0.30533719 98 98 98
-0.04703642 -0.0472968 0.30796769 80 80 80
-0.04639958 -0.04677446 0.30534238 98 98 98
-0.0464003 -0.04677439 0.30526799 99 99 99
-0.07801021 -0.0185606 0.27485371 120 120 120
-0.07802169 -0.01869292 0.27504656 119 119 119
-0.04742019 -0.04756403 0.30875307 72 72 72
-0.04661278 -0.04734248 0.30498183 112 112 112
-0.04653731 -0.04710295 0.30474418 113 113 113
-0.04636008 -0.04631446 0.30414924 106 106 106
-0.08295495 -0.02463969 0.28304976 60 60 60
-0.07789744 -0.01811718 0.27575412 104 104 104
-0.07746494 -0.01789137 0.27567202 67 67 67
-0.0848942 -0.03414752 0.29001814 113 113 113
-0.08311969 -0.02812885 0.28661719 74 74 74
-0.08253255 -0.02082723 0.27736735 70 70 70
-0.0717911 -0.01801786 0.2727727 124 124 124
-0.07157675 -0.01752909 0.27276969 117 117 117
-0.0873653 -0.02598674 0.27717677 107 107 107
-0.07168781 -0.01758646 0.27358225 110 110 110
-0.07174812 -0.01758563 0.27390924 111 111 111
-0.07181954 -0.01754767 0.27422634 107 107 107
-0.08289638 -0.02084218 0.27709645 72 72 72
-0.08265573 -0.03234845 0.29143384 66 66 66
-0.08525966 -0.02373778 0.28047577 73 73 73
-0.07265036 -0.01734183 0.27581522 109 109 109
-0.07306395 -0.01718878 0.27624813 92 92 92
-0.05498464 -0.01510889 0.27444553 104 104 104
-0.07243267 -0.01682484 0.27595639 105 105 105
-0.0717398 -0.01643262 0.27532473 81 81 81
-0.07145215 -0.01660912 0.27539283 68 68 68
-0.0548271 -0.01559703 0.27390841 106 106 106
-0.05365415 -0.01537127 0.27252451 117 117 117
-0.05401316 -0.01576115 0.27277195 104 104 104
-0.05359267 -0.01564018 0.27212909 116 116 116
-0.05393494 -0.01603116 0.27238038 99 99 99
-0.05380194 -0.01608974 0.27213466 110 110 110
-0.04152275 -0.01474352 0.26877084 105 105 105
-0.05349102 -0.01607491 0.27150777 120 120 120
-0.04162436 -0.01520727 0.26929772 113 113 113
-0.08025789 -0.03564196 0.29420513 112 112 112
-0.08299258 -0.02164385 0.2759116 121 121 121
-0.08561509 -0.02419202 0.2793979 127 127 127
-0.05327237 -0.01590826 0.27037099 128 128 128
-0.0643311 -0.01686189 0.2717686 117 117 117
-0.08842058 -0.03236693 0.28534371 117 117 117
-0.04157802 -0.01491921 0.26998261 109 109 109
-0.04148955 -0.01467171 0.2699084 112 112 112
-0.06423893 -0.01671316 0.27245075 108 108 108
-0.06483662 -0.01710735 0.27334303 96 96 96
-0.06552749 -0.01700629 0.27413139 96 96 96
-0.04145024 -0.01449663 0.2702086 98 98 98
-0.04131638 -0.01438644 0.27012661 78 78 78
-0.08359201 -0.02180627 0.27576026 96 96 96
-0.06557813 -0.01649587 0.27465785 102 102 102
-0.06462366 -0.01613749 0.27384368 103 103 103
-0.06535072 -0.01606071 0.27478579 101 101 101
-0.06471591 -0.01559187 0.27427921 97 97 97
-0.06557683 -0.01556109 0.27537355 91 91 91
-0.0881568 -0.02910844 0.28143227 114 114 114
-0.08633212 -0.02486777 0.27839097 129 129 129
-0.08622266 -0.02704035 0.28378209 79 79 79
-0.0858114 -0.02567358 0.27930489 116 116 116
-0.08572053 -0.02550336 0.27945992 116 116 116
-0.08295705 -0.03244982 0.29137155 65 65 65
-0.08680738 -0.02713685 0.2838217 62 62 62
-0.08518586 -0.02763008 0.28541428 113 113 113
-0.08532816 -0.02537452 0.28012067 124 124 124
-0.04698484 -0.04804249 0.30697 110 110 110
-0.06445463 -0.01704436 0.27276528 112 112 112
-0.06428508 -0.01691041 0.27218434 116 116 116
-0.06433083 -0.0168523 0.27265951 110 110 110
-0.07855182 -0.01927507 0.27188712 132 132 132
-0.08436315 -0.0326078 0.29103419 85 85 85
-0.07994895 -0.03544724 0.29519442 69 69 69
-0.05719347 -0.04159146 0.30130202 89 89 89
-0.05712019 -0.04194062 0.30120584 98 98 98
-0.08642112 -0.02622358 0.27826867 121 121 121
-0.08507901 -0.02409009 0.28087142 97 97 97
-0.04681545 -0.0443341 0.30210197 112 112 112
-0.08515606 -0.02368791 0.28035858 75 75 75
-0.05747977 -0.04185334 0.30022278 105 105 105
-0.04665517 -0.04425004 0.30241084 109 109 109
-0.07156482 -0.0174261 0.27289537 113 113 113
-0.05778405 -0.0416956 0.29979923 100 100 100
-0.0465741 -0.0439479 0.30267465 105 105 105
-0.07159743 -0.01757412 0.27263114 116 116 116
-0.0839768 -0.02256686 0.27505437 109 109 109
-0.04682004 -0.04320726 0.30260995 103 103 103
-0.08369835 -0.0227994 0.27558047 131 131 131
-0.08375829 -0.02252178 0.27540988 118 118 118
-0.08363783 -0.02259632 0.27563208 129 129 129
-0.04619974 -0.04365227 0.30372873 91 91 91
-0.06374744 -0.0364597 0.30067694 63 63 63
-0.08667719 -0.02654999 0.27788356 124 124 124
-0.07494312 -0.03847846 0.29676604 105 105 105
-0.046892 -0.0418484 0.30378145 67 67 67
-0.08335427 -0.02202653 0.27623838 117 117 117
-0.08344946 -0.02175977 0.27617785 115 115 115
-0.07516044 -0.03737739 0.29628852 97 97 97
-0.07553501 -0.03658421 0.29595253 94 94 94
-0.08307276 -0.02172525 0.27688724 112 112 112
-0.08312525 -0.02143737 0.27697635 103 103 103
-0.08687171 -0.03038354 0.28705963 101 101 101
-0.08481091 -0.03382786 0.29034024 110 110 110
-0.08643354 -0.03113576 0.28722933 125 125 125
-0.08246967 -0.02140499 0.27850208 111 111 111
-0.0426692 -0.01207668 0.26494107 114 114 114
-0.08711518 -0.03072987 0.28652373 124 124 124
-0.08768999 -0.0288488 0.2824882 111 111 111
-0.04260707 -0.01162165 0.26513967 109 109 109
-0.04237929 -0.01182475 0.26535898 111 111 111
-0.08074384 -0.02109114 0.27814654 67 67 67
-0.08055712 -0.02108134 0.27824232 69 69 69
-0.08069573 -0.02049672 0.27777642 96 96 96
-0.04224856 -0.01156192 0.2656706 108 108 108
-0.08819603 -0.0290264 0.28181276 99 99 99
-0.08766173 -0.0313349 0.28623402 118 118 118
-0.04234222 -0.01102444 0.26575634 93 93 93
-0.06804335 -0.03875417 0.29844999 96 96 96
-0.0883648 -0.02922787 0.28166491 101 101 101
-0.0532103 -0.01572981 0.27097821 117 117 117
-0.07869755 -0.01940197 0.27168354 130 130 130
-0.06787235 -0.03944154 0.29834384 106 106 106
-0.07846649 -0.01909569 0.27207553 133 133 133
-0.07865451 -0.01924933 0.27173874 128 128 128
-0.06716996 -0.01005778 0.26983589 94 94 94
-0.07100765 -0.00994034 0.27052668 62 62 62
-0.07387732 -0.0128733 0.27110445 88 88 88
-0.07342593 -0.01356625 0.2708275 91 91 91
-0.07338788 -0.01419744 0.27021357 96 96 96
-0.07272213 -0.01494524 0.27020094 101 101 101
-0.07847793 -0.0184633 0.27241507 121 121 121
-0.07897313 -0.0187554 0.27157751 127 127 127
-0.07516467 -0.03999374 0.29734749 122 122 122
-0.0850649 -0.03553168 0.28976831 125 125 125
-0.08461539 -0.03507915 0.29008961 122 122 122
-0.07881436 -0.02042031 0.27877486 64 64 64
-0.08464458 -0.03465651 0.29022291 118 118 118
-0.07535318 -0.03686246 0.29608965 95 95 95
-0.07532813 -0.03674639 0.29628149 95 95 95
-0.07535031 -0.0366637 0.29630312 93 93 93
-0.07559129 -0.03650297 0.29593736 95 95 95
-0.06848487 -0.03851209 0.29793847 99 99 99
-0.075826 -0.03624683 0.2958574 98 98 98
-0.07972686 -0.02071142 0.2786299 62 62 62
-0.06721266 -0.03839228 0.30042046 63 63 63
-0.06832889 -0.03821409 0.29838747 97 97 97
-0.0802945 -0.02063098 0.27851629 65 65 65
-0.06706543 -0.03827021 0.30038184 62 62 62
-0.08837655 -0.03312454 0.28542548 122 122 122
-0.05755056 -0.04135278 0.30054072 92 92 92
-0.06823356 -0.03789079 0.29894152 84 84 84
-0.08854161 -0.03287771 0.28542867 120 120 120
-0.05784585 -0.04108909 0.30024818 91 91 91
-0.06853542 -0.03762547 0.29866871 90 90 90
-0.07984421 -0.02113162 0.27864656 67 67 67
-0.06666368 -0.03791326 0.3002668 60 60 60
-0.08828513 -0.03266916 0.28562129 122 122 122
-0.05778352 -0.04075735 0.30071595 92 92 92
-0.05848679 -0.04051523 0.29995841 86 86 86
-0.08094477 -0.02105808 0.27805704 65 65 65
-0.05746759 -0.04053487 0.30171779 86 86 86
-0.06885484 -0.03699626 0.29909807 74 74 74
-0.08031866 -0.02138775 0.27857217 67 67 67
-0.05811635 -0.04026373 0.30071411 92 92 92
-0.05856214 -0.04009853 0.30033755 82 82 82
-0.08799578 -0.03214712 0.28596818 117 117 117
-0.05762753 -0.04006208 0.301911 86 86 86
-0.05347333 -0.0132897 0.26617441 128 128 128
-0.05684109 -0.04007851 0.30295935 62 62 62
-0.05960482 -0.03945391 0.30012739 83 83 83
-0.04686915 -0.04344005 0.30234867 105 105 105
-0.05871583 -0.03956722 0.30083805 90 90 90
-0.08789463 -0.0317308 0.2861751 117 117 117
-0.0582036 -0.039545 0.30150545 91 91 91
-0.08776708 -0.03169517 0.28626788 120 120 120
-0.05818706 -0.03943066 0.30166927 88 88 88
-0.08774669 -0.03157495 0.28628936 118 118 118
-0.05805241 -0.03933713 0.30196971 92 92 92
-0.08735325 -0.03160729 0.28650144 121 121 121
-0.05773158 -0.03923912 0.30266425 80 80 80
-0.06096942 -0.03835271 0.30054554 85 85 85
-0.04722901 -0.04275453 0.3023816 90 90 90
-0.05829825 -0.03895109 0.30207399 75 75 75
-0.04687538 -0.04268462 0.30295116 95 95 95
-0.08687651 -0.02524867 0.27820468 105 105 105
-0.04662391 -0.04259036 0.3036156 86 86 86
-0.0480816 -0.04221553 0.30204046 87 87 87
-0.06446698 -0.03675062 0.30077186 61 61 61
-0.04662001 -0.04237348 0.30384168 68 68 68
-0.0480607 -0.04196171 0.30239996 87 87 87
-0.06062596 -0.03781645 0.30134726 83 83 83
-0.08656009 -0.03102075 0.2871604 124 124 124
-0.0472363 -0.04195172 0.30327269 80 80 80
-0.04864124 -0.04153623 0.3024995 83 83 83
-0.05382624 -0.01177307 0.26638791 116 116 116
-0.08387484 -0.02262053 0.27520186 119 119 119
-0.0469958 -0.04166072 0.3037698 63 63 63
-0.04716809 -0.04150691 0.30376548 66 66 66
-0.06283287 -0.03641877 0.30087101 64 64 64
-0.05303844 -0.03926821 0.30340955 62 62 62
-0.05304131 -0.03919246 0.30328932 62 62 62
-0.04859998 -0.04047214 0.3039135 66 66 66
-0.04842515 -0.04045488 0.30381134 69 69 69
-0.05182787 -0.03931073 0.30338123 64 64 64
-0.05431866 -0.01021713 0.26672482 103 103 103
-0.08304863 -0.02261015 0.28099537 84 84 84
-0.04922014 -0.03994363 0.3034429 64 64 64
-0.05424374 -0.00972391 0.26724806 102 102 102
-0.08849639 -0.02959098 0.28154656 115 115 115
-0.08349241 -0.02287305 0.2807681 96 96 96
-0.08385079 -0.02308229 0.28044206 104 104 104
-0.08330064 -0.02340218 0.28080004 71 71 71
-0.08743925 -0.02833695 0.28289664 119 119 119
-0.08449369 -0.02843364 0.2873618 118 118 118
-0.04258883 -0.01143884 0.26523367 118 118 118
-0.08688224 -0.02785246 0.28359735 105 105 105
-0.0866563 -0.02760736 0.28390414 115 115 115
-0.08512256 -0.02411436 0.28083053 97 97 97
-0.08499562 -0.02671033 0.28400096 70 70 70
-0.08512582 -0.02450695 0.28061208 113 113 113
-0.08707974 -0.02669063 0.27750862 124 124 124
-0.08531652 -0.02469713 0.28028241 115 115 115
-0.08578306 -0.02473839 0.27979922 105 105 105
-0.08617938 -0.02469051 0.27950811 97 97 97
-0.08632067 -0.02479901 0.27928543 96 96 96
-0.08645602 -0.02570958 0.27848738 115 115 115
-0.08629169 -0.02633706 0.27854145 117 117 117
-0.08553351 -0.02516668 0.27978754 117 117 117
-0.08327237 -0.02528006 0.28435248 105 105 105
-0.08392519 -0.02576618 0.28409281 119 119 119
-0.08678002 -0.02595906 0.27807391 114 114 114
-0.07096682 -0.0096794 0.27045143 66 66 66
-0.07482903 -0.01117903 0.27187383 62 62 62
-0.06822854 -0.00996599 0.26957405 94 94 94
-0.05797465 -0.00741312 0.26731318 84 84 84
-0.07422148 -0.01160021 0.2716772 63 63 63
-0.05779989 -0.00774672 0.26695469 88 88 88
-0.05694367 -0.00744529 0.26749662 81 81 81
-0.07528359 -0.01276089 0.27057761 99 99 99
-0.08532582 -0.01442726 0.27662444 63 63 63
-0.08491198 -0.0145216 0.27672568 78 78 78
-0.08539916 -0.01499069 0.27673852 62 62 62
-0.06537361 -0.01081958 0.27000463 68 68 68
-0.08558156 -0.01568582 0.27674967 66 66 66
-0.08546145 -0.01599205 0.2768133 70 70 70
-0.0802258 -0.0161181 0.27335009 93 93 93
-0.0526982 -0.00988101 0.26757434 68 68 68
-0.07858326 -0.01809554 0.27155644 107 107 107
-0.04974931 -0.04174008 0.30161005 83 83 83
-0.07820319 -0.01963844 0.27850527 62 62 62
-0.07934143 -0.0200341 0.27885866 63 63 63
-0.07969337 -0.02026699 0.27878937 65 65 65
-0.07890455 -0.02020435 0.27873313 63 63 63
-0.05007886 -0.0408676 0.30246589 72 72 72
-0.05181365 -0.04098623 0.30181333 72 72 72
-0.05162705 -0.04043966 0.30258945 71 71 71
-0.05266445 -0.04060628 0.30212304 75 75 75
-0.05293115 -0.04042099 0.30241296 74 74 74
-0.08537658 -0.02423329 0.28052557 101 101 101
-0.0511883 -0.03928116 0.30332223 68 68 68
-0.08761569 -0.0262973 0.27748817 113 113 113
-0.08762103 -0.02650393 0.27740589 123 123 123
-0.05500994 -0.04000054 0.30327818 59 59 59
-0.08330072 -0.02557391 0.28468484 62 62 62
-0.07963081 -0.03586596 0.29548064 93 93 93
-0.08935014 -0.02978132 0.28123304 125 125 125
-0.06034619 -0.03796703 0.30135313 82 82 82
-0.06199097 -0.03783745 0.30057618 81 81 81
-0.06245932 -0.03784196 0.30038041 73 73 73
-0.08467726 -0.02878478 0.28773528 61 61 61
-0.06179245 -0.03710639 0.30163687 69 69 69
-0.06654906 -0.03861516 0.30069703 59 59 59
-0.06201366 -0.0368061 0.30194318 66 66 66
-0.06282892 -0.03698864 0.30142096 68 68 68
-0.06318064 -0.03691228 0.30144984 66 66 66
-0.06615376 -0.03782075 0.30060095 61 61 61
-0.08665519 -0.03078637 0.28720585 118 118 118
-0.0869141 -0.03112537 0.28691903 122 122 122
-0.064712 -0.03671291 0.30054453 61 61 61
-0.08799234 -0.03249193 0.28582937 119 119 119
-0.08925047 -0.0333462 0.28522095 127 127 127
-0.07084931 -0.03718634 0.29726616 87 87 87
-0.07113618 -0.03680787 0.29765615 81 81 81
-0.07410047 -0.0373811 0.29824975 61 61 61
-0.07345903 -0.03696598 0.29802477 63 63 63
-0.08395203 -0.03298797 0.29143506 98 98 98
-0.08394571 -0.03355747 0.2909852 113 113 113
-0.08410044 -0.03416806 0.29063141 119 119 119
-0.08458062 -0.0347037 0.29022175 119 119 119
-0.08002812 -0.0370892 0.29481602 115 115 115
-0.08695185 -0.01837499 0.27870619 62 62 62
-0.0851087 -0.01894134 0.27596003 124 124 124
-0.08504987 -0.0192946 0.27587032 145 145 145
-0.08835357 -0.02173277 0.28216815 64 64 64
-0.08501597 -0.01998363 0.27552941 156 156 156
-0.08506701 -0.02021277 0.27528936 152 152 152
-0.08500299 -0.02072271 0.27505076 159 159 159
-0.08715565 -0.02278036 0.28009188 147 147 147
-0.08741482 -0.02306616 0.27975753 147 147 147
-0.0873638 -0.02332464 0.27966848 146 146 146
-0.08907332 -0.02916855 0.29134357 111 111 111
-0.08897295 -0.02552397 0.28379571 109 109 109
-0.08911701 -0.02917704 0.29003194 75 75 75
-0.08838677 -0.02627562 0.28375536 114 114 114
-0.08774143 -0.02412534 0.27901417 149 149 149
-0.08801949 -0.02432953 0.27869725 153 153 153
-0.0889403 -0.02705433 0.28303033 148 148 148
-0.08639949 -0.03375289 0.2921294 121 121 121
-0.08657722 -0.03396296 0.2921192 134 134 134
-0.08932794 -0.02765711 0.28245166 152 152 152
-0.08694361 -0.03453045 0.29210025 139 139 139
-0.08965207 -0.02816932 0.28191254 150 150 150
-0.08969471 -0.02853116 0.2816419 145 145 145
-0.08960608 -0.02888986 0.28150848 137 137 137
-0.08964769 -0.02915418 0.28125203 129 129 129
-0.08985714 -0.03255387 0.28620803 134 134 134
-0.08778819 -0.02351993 0.28004509 114 114 114
-0.0877732 -0.02375091 0.27979323 113 113 113
-0.08786438 -0.02299407 0.2806384 110 110 110
-0.08835775 -0.02292305 0.28122541 124 124 124
-0.08788393 -0.02017066 0.28030729 95 95 95
-0.08905347 -0.02307907 0.28420717 125 125 125
-0.06441448 -0.0107149 0.26909795 118 118 118
-0.06444596 -0.01082243 0.26905257 128 128 128
-0.08491162 -0.0214201 0.27471921 118 118 118
-0.07928333 -0.01692679 0.27191845 137 137 137
-0.08498706 -0.01840472 0.27648312 98 98 98
-0.07171785 -0.01266023 0.27100149 117 117 117
-0.07174487 -0.01279199 0.27085078 126 126 126
-0.07147384 -0.01233264 0.2704452 119 119 119
-0.07904152 -0.01577586 0.273397 128 128 128
-0.0791182 -0.01533559 0.27306554 134 134 134
-0.08832869 -0.02498685 0.27883697 135 135 135
-0.07741173 -0.01275504 0.27117449 113 113 113
-0.06482851 -0.01275127 0.26867849 121 121 121
-0.08505908 -0.02014075 0.27643225 122 122 122
-0.08519822 -0.02058189 0.27591902 118 118 118
-0.08508033 -0.02120387 0.27521765 119 119 119
-0.08964861 -0.02837232 0.28232387 118 118 118
-0.08950461 -0.02781354 0.28285512 126 126 126
-0.06485309 -0.01294785 0.26856989 119 119 119
-0.08920117 -0.02716214 0.28349203 129 129 129
-0.07195206 -0.01364771 0.27062559 123 123 123
-0.07200978 -0.01401293 0.27076462 124 124 124
-0.05256689 -0.01115972 0.26690194 124 124 124
-0.05220151 -0.01026477 0.26682216 124 124 124
-0.05266584 -0.01143963 0.26652199 132 132 132
-0.06481618 -0.01330288 0.26903751 115 115 115
-0.05262996 -0.01143481 0.26613158 134 134 134
-0.07532415 -0.01217843 0.27110663 96 96 96
-0.079186 -0.01670711 0.27262136 113 113 113
-0.08789892 -0.02358418 0.28001425 121 121 121
-0.06465404 -0.0117725 0.2691699 117 117 117
-0.08935674 -0.03150862 0.28653452 148 148 148
-0.08902876 -0.03091902 0.28701359 146 146 146
-0.08838541 -0.02979885 0.2878826 119 119 119
-0.08884594 -0.02935445 0.28795263 133 133 133
-0.07985565 -0.03904179 0.30232134 106 106 106
-0.08678855 -0.03410575 0.29135528 119 119 119
-0.08726853 -0.03418279 0.29119608 116 116 116
-0.0869487 -0.03497925 0.2907027 119 119 119
-0.0867115 -0.03474113 0.29091406 116 116 116
-0.08263744 -0.03717654 0.29878321 72 72 72
-0.08458761 -0.02244207 0.27384603 103 103 103
-0.08974881 -0.0324707 0.28609094 128 128 128
-0.0866664 -0.03383083 0.29240268 126 126 126
-0.08658323 -0.03358785 0.29261756 116 116 116
-0.08352829 -0.01319089 0.27577692 67 67 67
-0.08681461 -0.03342261 0.29286331 77 77 77
-0.08979869 -0.02849267 0.28231192 117 117 117
-0.08780456 -0.03271586 0.29271349 70 70 70
-0.0881322 -0.03243211 0.29289868 69 69 69
-0.08789728 -0.03170862 0.2927843 67 67 67
-0.08470102 -0.0192012 0.27653182 88 88 88
-0.08500725 -0.019195 0.2767106 79 79 79
-0.08504263 -0.01883664 0.27664313 76 76 76
-0.08504444 -0.01841424 0.27629715 103 103 103
-0.0890424 -0.0259269 0.28456506 77 77 77
-0.08501457 -0.0182434 0.27647012 96 96 96
-0.08805034 -0.02273602 0.28103891 103 103 103
-0.08802871 -0.0225989 0.28116706 102 102 102
-0.08701768 -0.01830279 0.27878544 72 72 72
-0.08824915 -0.02206213 0.28102356 71 71 71
-0.08935107 -0.02443485 0.28423131 71 71 71
-0.08931865 -0.02420687 0.28425872 64 64 64
-0.08932254 -0.02900882 0.29257464 72 72 72
-0.08827719 -0.02090444 0.28054062 68 68 68
-0.08804466 -0.02053097 0.28044134 68 68 68
-0.08351789 -0.01309408 0.27565768 63 63 63
-0.08750307 -0.02237783 0.28039137 72 72 72
-0.08807302 -0.02027275 0.28050637 69 69 69
-0.08664486 -0.03510358 0.29095495 120 120 120
-0.08878977 -0.02904368 0.2884331 73 73 73
-0.08670888 -0.03339455 0.29274026 87 87 87
-0.08774129 -0.03236549 0.29266238 67 67 67
-0.0895039 -0.02701274 0.28877395 66 66 66
-0.08209798 -0.03737363 0.29978645 98 98 98
-0.08192699 -0.03744764 0.30050561 109 109 109
-0.08828935 -0.03041472 0.29300249 98 98 98
-0.08835813 -0.02625457 0.27659518 116 116 116
-0.08951434 -0.02908782 0.29274613 67 67 67
-0.08571723 -0.03382986 0.29872692 98 98 98
-0.08657814 -0.03397516 0.29894054 69 69 69
-0.0883709 -0.02557799 0.27752888 121 121 121
-0.08147793 -0.03869436 0.29513061 87 87 87
-0.08794519 -0.03206813 0.2927998 71 71 71
-0.05711206 -0.0446266 0.30290249 117 117 117
-0.08202656 -0.0380701 0.2961123 100 100 100
-0.08717439 -0.03341922 0.29502499 101 101 101
-0.06902351 -0.04340972 0.30181897 107 107 107
-0.06909041 -0.0434752 0.30206355 118 118 118
-0.07577146 -0.04110724 0.30019382 124 124 124
-0.07577972 -0.04060178 0.30037254 123 123 123
-0.07577568 -0.04036653 0.30059525 116 116 116
-0.05726181 -0.046097 0.30639941 100 100 100
-0.06906562 -0.04263133 0.30306509 106 106 106
-0.07574786 -0.04044373 0.3012163 107 107 107
-0.06903447 -0.04212298 0.30336121 96 96 96
-0.07571783 -0.04015919 0.30153158 111 111 111
-0.06905656 -0.04234435 0.3038125 103 103 103
-0.08440305 -0.03474695 0.29887894 78 78 78
-0.05707097 -0.04541947 0.30783367 70 70 70
-0.06918514 -0.0422135 0.30448371 85 85 85
-0.08177324 -0.03739724 0.30095068 103 103 103
-0.05505086 -0.04650009 0.3101196 92 92 92
-0.08973427 -0.02914527 0.28111976 119 119 119
-0.08819477 -0.02587959 0.27751529 105 105 105
-0.08194188 -0.03728293 0.30044898 96 96 96
-0.07575931 -0.04122689 0.29949719 118 118 118
-0.07596084 -0.03982192 0.30133578 64 64 64
-0.07571614 -0.04136113 0.29921576 110 110 110
-0.08789781 -0.03335143 0.29478529 64 64 64
-0.08833999 -0.03023836 0.29303411 99 99 99
-0.07336555 -0.04099816 0.30526584 97 97 97
-0.0871958 -0.03326828 0.29183519 94 94 94
-0.05758108 -0.04668236 0.30528915 106 106 106
-0.05741931 -0.04619794 0.30577689 100 100 100
-0.05732673 -0.04582585 0.30604577 95 95 95
-0.08207264 -0.03661961 0.29740056 67 67 67
-0.08366328 -0.03667613 0.29736134 98 98 98
-0.0868537 -0.03551729 0.29026109 102 102 102
-0.05615216 -0.04617581 0.30900732 103 103 103
-0.07610913 -0.03983976 0.30124003 63 63 63
-0.0828525 -0.0365288 0.29733881 84 84 84
-0.08358104 -0.03660768 0.29740256 93 93 93
-0.08254908 -0.03732989 0.29665491 89 89 89
-0.08331117 -0.0370948 0.29698703 96 96 96
-0.08321727 -0.03730401 0.29678828 96 96 96
-0.08294835 -0.03775055 0.29634914 99 99 99
-0.08197245 -0.03836682 0.2956495 98 98 98
-0.0820112 -0.03861667 0.29530579 111 111 111
-0.07620123 -0.04122535 0.29931015 97 97 97
-0.08797308 -0.03322278 0.296056 58 58 58
-0.06129088 -0.04725857 0.30385512 106 106 106
-0.08791785 -0.03327077 0.29681173 54 54 54
-0.04455719 -0.0177529 0.26823738 98 98 98
-0.06408852 -0.01529508 0.27402878 64 64 64
-0.0768183 -0.03995175 0.30097955 84 84 84
-0.07660856 -0.04060465 0.30028254 103 103 103
-0.07593333 -0.04110849 0.29922283 92 92 92
-0.07630289 -0.04123925 0.29936105 102 102 102
-0.05143502 -0.01421769 0.27354479 59 59 59
-0.04656221 -0.01408439 0.27620205 58 58 58
-0.05310216 -0.01409453 0.27304995 62 62 62
-0.05279009 -0.01369783 0.27212152 65 65 65
-0.06979413 -0.04329316 0.30189297 116 116 116
-0.06989958 -0.0430073 0.30234879 104 104 104
-0.06957606 -0.04286741 0.30228874 95 95 95
-0.07008014 -0.04227867 0.30324534 91 91 91
-0.06977409 -0.04214452 0.30318016 76 76 76
-0.06426059 -0.01516277 0.27387753 69 69 69
-0.08167873 -0.03847823 0.29530632 104 104 104
-0.06440842 -0.01523259 0.27421293 67 67 67
-0.08224599 -0.03836626 0.29570955 101 101 101
-0.05970719 -0.04599911 0.3074213 128 128 128
-0.05803763 -0.04646672 0.30494225 89 89 89
-0.07149965 -0.01634365 0.2748898 64 64 64
-0.07523949 -0.04020022 0.29749894 120 120 120
-0.08600717 -0.03579212 0.28946671 112 112 112
-0.0532424 -0.01420016 0.27341989 61 61 61
-0.08577474 -0.03560767 0.28951624 105 105 105
-0.07897531 -0.01982551 0.2787129 95 95 95
-0.08290823 -0.03033341 0.29011604 93 93 93
-0.05691306 -0.04331637 0.30233389 89 89 89
-0.05797244 -0.04657429 0.30449998 102 102 102
-0.08293658 -0.02813461 0.28658324 67 67 67
-0.08451217 -0.03305202 0.29062545 117 117 117
-0.08617254 -0.02463095 0.27893811 119 119 119
-0.08483624 -0.02769312 0.28590274 126 126 126
-0.08691767 -0.02526662 0.27821824 105 105 105
-0.08408251 -0.0279099 0.2870959 132 132 132
-0.08291648 -0.03094482 0.29024386 76 76 76
-0.08283578 -0.0304624 0.29010934 97 97 97
-0.08062562 -0.03615386 0.29381049 121 121 121
-0.08025318 -0.03636578 0.29501957 82 82 82
-0.08443393 -0.02246797 0.27452019 95 95 95
-0.08339482 -0.02538056 0.28442881 106 106 106
-0.07992081 -0.0353181 0.29505503 72 72 72
-0.07984376 -0.03451896 0.29468462 94 94 94
-0.08731294 -0.02867625 0.2829026 112 112 112
-0.08542778 -0.03508214 0.28980017 93 93 93
-0.08708432 -0.03034101 0.2857475 129 129 129
-0.08548224 -0.03523982 0.289563 111 111 111
-0.08721405 -0.03039927 0.28559256 130 130 130
-0.08729728 -0.0307239 0.28580108 127 127 127
-0.08240298 -0.02162242 0.27876827 122 122 122
-0.08217174 -0.02158497 0.27954337 116 116 116
-0.08202158 -0.02113939 0.2798588 93 93 93
-0.08773181 -0.03143734 0.28613454 120 120 120
-0.08802315 -0.0318327 0.28579661 118 118 118
-0.08837452 -0.03225183 0.28570962 104 104 104
-0.07955915 -0.02001477 0.2786206 91 91 91
-0.07854985 -0.01811435 0.27168357 98 98 98
-0.07798765 -0.01847642 0.27511424 116 116 116
-0.05692968 -0.04289274 0.30204344 98 98 98
-0.07161345 -0.01742388 0.27215916 119 119 119
-0.05701151 -0.04324116 0.30203906 110 110 110
-0.07102592 -0.01007713 0.27061424 60 60 60
-0.08468764 -0.03436817 0.29036963 96 96 96
-0.07293115 -0.01316846 0.27184957 65 65 65
-0.05204269 -0.03929545 0.30332869 69 69 69
-0.0851825 -0.02957805 0.28735891 77 77 77
-0.05338638 -0.0129428 0.26636815 94 94 94
-0.07469001 -0.03719739 0.29806194 63 63 63
-0.08001798 -0.03185865 0.29348698 106 106 106
-0.08514905 -0.02771577 0.28550065 120 120 120
-0.08470675 -0.02771742 0.28606057 133 133 133
-0.08721136 -0.02604438 0.27776483 104 104 104
-0.07625079 -0.01715888 0.26830325 106 106 106
-0.06728297 -0.03831684 0.30032957 64 64 64
-0.08462258 -0.02242875 0.27443472 105 105 105
-0.06370392 -0.03653342 0.30078045 63 63 63
-0.06327397 -0.03656714 0.30097213 58 58 58
-0.06301334 -0.03649245 0.30089381 63 63 63
-0.06248157 -0.03643159 0.30093941 64 64 64
-0.05122957 -0.0392879 0.30333459 68 68 68
-0.05683742 -0.04104951 0.30288786 59 59 59
-0.06878195 -0.00890949 0.27018026 63 63 63
-0.06516055 -0.01126643 0.27029422 71 71 71
-0.06534143 -0.01387463 0.26872545 103 103 103
-0.07439878 -0.01153086 0.27175003 64 64 64
-0.0723468 -0.01291399 0.27159104 66 66 66
-0.07241302 -0.01317169 0.27177015 66 66 66
-0.07256424 -0.01329655 0.27185825 68 68 68
-0.05316232 -0.00998099 0.26781043 69 69 69
-0.08348261 -0.01320546 0.27579135 68 68 68
-0.07863318 -0.01803748 0.2713652 106 106 106
-0.07959706 -0.01750446 0.27219281 105 105 105
-0.08501901 -0.02198982 0.27455673 117 117 117
-0.07959469 -0.03623217 0.29520741 100 100 100
-0.07377519 -0.0372545 0.29814777 61 61 61
-0.07957894 -0.03421681 0.29440907 71 71 71
-0.06606156 -0.03804146 0.3007217 60 60 60
-0.06422023 -0.03680513 0.30123597 54 54 54
-0.06382772 -0.03663741 0.30091825 56 56 56
-0.06020336 -0.0379271 0.30148199 79 79 79
-0.0625117 -0.03645758 0.30097148 64 64 64
-0.05338718 -0.03925705 0.30331326 61 61 61
-0.08415359 -0.026251 0.28436294 67 67 67
-0.0516592 -0.00902601 0.26708937 75 75 75
-0.06880732 -0.00950049 0.27014279 85 85 85
-0.06941841 -0.00970418 0.2701776 94 94 94
-0.06456967 -0.01032951 0.26985636 71 71 71
-0.06464756 -0.01099408 0.27005881 70 70 70
-0.07612967 -0.01095134 0.27238175 69 69 69
-0.076075 -0.01123357 0.27228111 81 81 81
-0.07585344 -0.01149541 0.27185351 98 98 98
-0.07540157 -0.0117337 0.2715902 81 81 81
-0.05454706 -0.0409992 0.30189407 95 95 95
-0.07547924 -0.01192709 0.27133468 99 99 99
-0.05164942 -0.04081893 0.30207947 73 73 73
-0.04999754 -0.04073606 0.3026782 71 71 71
-0.05296724 -0.04049492 0.30228785 74 74 74
-0.05259746 -0.04038948 0.30247065 72 72 72
-0.05467717 -0.04003285 0.3034263 58 58 58
-0.05369066 -0.03982315 0.30376139 63 63 63
-0.04984482 -0.03994841 0.30408806 66 66 66
-0.05226827 -0.03962763 0.30408278 68 68 68
-0.05231599 -0.03949668 0.30422112 70 70 70
-0.07225524 -0.01280372 0.27153811 65 65 65
-0.07218995 -0.01301705 0.27170241 63 63 63
-0.06536319 -0.03785399 0.30043063 96 96 96
-0.06386827 -0.03703953 0.30112103 70 70 70
-0.06235336 -0.03676422 0.3018387 68 68 68
-0.07192761 -0.0152988 0.26973373 116 116 116
-0.07938159 -0.01508042 0.27361122 76 76 76
-0.08527403 -0.02023121 0.27346429 130 130 130
-0.08554312 -0.01640346 0.27677169 69 69 69
-0.05206374 -0.04525778 0.30291513 103 103 103
-0.08859421 -0.03069089 0.29340166 59 59 59
-0.08940709 -0.02664461 0.28445444 125 125 125
-0.08867101 -0.03128166 0.29332879 66 66 66
-0.08840734 -0.03142207 0.29318374 61 61 61
-0.06490257 -0.01367259 0.26812181 114 114 114
-0.08952735 -0.03339877 0.28531975 134 134 134
-0.079036 -0.01773313 0.27162415 133 133 133
-0.07919495 -0.01705077 0.27228108 131 131 131
-0.06448709 -0.0110709 0.26847178 123 123 123
-0.06444851 -0.01086157 0.26893282 117 117 117
-0.07181659 -0.01317092 0.27057594 122 122 122
-0.07178603 -0.01289433 0.27092931 124 124 124
-0.0790592 -0.01537234 0.27336293 116 116 116
-0.07161244 -0.01223875 0.27109727 107 107 107
-0.07199147 -0.01223955 0.27128088 66 66 66
-0.07903825 -0.01486459 0.27317402 112 112 112
-0.06237346 -0.00787316 0.26844457 105 105 105
-0.0852493 -0.01624118 0.27683425 85 85 85
-0.06897926 -0.00954375 0.27014717 78 78 78
-0.08493163 -0.01571369 0.27648374 112 112 112
-0.07835804 -0.01246724 0.27287579 73 73 73
-0.08450999 -0.01465806 0.2764037 119 119 119
-0.07434229 -0.03951324 0.29725891 109 109 109
-0.07941391 -0.0151896 0.27367419 79 79 79
-0.07894139 -0.01612877 0.2735962 107 107 107
-0.07907755 -0.0162079 0.27320048 120 120 120
-0.07914298 -0.01668598 0.27285755 111 111 111
-0.07925785 -0.01678756 0.2721886 143 143 143
-0.08287819 -0.01326649 0.27527118 75 75 75
-0.08346885 -0.01371031 0.27600607 110 110 110
-0.07495079 -0.01113599 0.27195519 61 61 61
-0.08489998 -0.0139937 0.27651668 71 71 71
-0.08509031 -0.01796412 0.27632734 103 103 103
-0.0848478 -0.01528633 0.27682611 124 124 124
-0.08520647 -0.01441833 0.27663603 69 69 69
-0.08512498 -0.01747987 0.27670705 83 83 83
-0.08524266 -0.01559879 0.27683461 84 84 84
-0.0854983 -0.01642632 0.27677593 71 71 71
-0.07183731 -0.01285587 0.2715731 92 92 92
-0.07181924 -0.01216586 0.27130622 69 69 69
-0.07169136 -0.0124994 0.27117237 110 110 110
-0.07164925 -0.01240267 0.27101341 121 121 121
-0.07193024 -0.01368794 0.27050078 126 126 126
-0.07199449 -0.01586019 0.26994178 118 118 118
-0.08813901 -0.0259992 0.27747697 114 114 114
-0.08706272 -0.01858747 0.27930367 114 114 114
-0.08794491 -0.02479661 0.27865696 123 123 123
-0.08777158 -0.02416557 0.27926511 114 114 114
-0.08816593 -0.02432498 0.27936411 136 136 136
-0.08746623 -0.02235037 0.28035221 70 70 70
-0.08755996 -0.02252075 0.28059608 72 72 72
-0.08812968 -0.0208639 0.28044844 69 69 69
-0.08786707 -0.02281441 0.28079745 110 110 110
-0.06471937 -0.01240707 0.26976869 106 106 106
-0.06468145 -0.01253494 0.26959851 116 116 116
-0.06447377 -0.01110609 0.26964307 123 123 123
-0.06469373 -0.01207824 0.26930118 122 122 122
-0.06473972 -0.01247993 0.26913887 119 119 119
-0.06486232 -0.01358508 0.26885656 117 117 117
-0.06488565 -0.01360547 0.26865152 130 130 130
-0.08959036 -0.02961447 0.28129938 124 124 124
-0.08977371 -0.02884673 0.28194883 122 122 122
-0.08941581 -0.02781375 0.28279766 125 125 125
-0.08907414 -0.02713108 0.2834855 123 123 123
-0.08936815 -0.02723037 0.28349918 127 127 127
-0.08883978 -0.02641468 0.28428897 106 106 106
-0.0890099 -0.0264521 0.28433618 111 111 111
-0.08942298 -0.02492932 0.28423664 67 67 67
-0.08957777 -0.02674339 0.28453654 118 118 118
-0.08968348 -0.03228772 0.28610048 115 115 115
-0.0521415 -0.01021768 0.26767257 110 110 110
-0.08973736 -0.03203509 0.2866565 133 133 133
-0.05204795 -0.00997742 0.26733491 120 120 120
-0.05252654 -0.01102918 0.26681229 130 130 130
-0.05289135 -0.01212193 0.26635534 132 132 132
-0.05189757 -0.00971896 0.26703668 126 126 126
-0.05153776 -0.00897084 0.26702005 74 74 74
-0.05161594 -0.00935004 0.26664335 117 117 117
-0.08942066 -0.02702605 0.2887218 64 64 64
-0.08795279 -0.03099233 0.29313228 49 49 49
-0.08810867 -0.03036245 0.29335201 49 49 49
-0.0883529 -0.03047116 0.29345337 54 54 54
-0.06919045 -0.04232713 0.30478662 83 83 83
-0.06944014 -0.0418004 0.30365628 62 62 62
-0.08129746 -0.02108011 0.28016391 54 54 54
-0.0573197 -0.04561817 0.30793205 65 65 65
-0.05745568 -0.04512587 0.3071121 66 66 66
-0.05714411 -0.04553932 0.30663973 92 92 92
-0.05727078 -0.04568673 0.30618834 93 93 93
-0.05737213 -0.04588387 0.30590585 96 96 96
-0.05114894 -0.04780641 0.31093669 61 61 61
-0.07653899 -0.04032761 0.30276412 66 66 66
-0.07484314 -0.04044948 0.30459693 103 103 103
-0.0752148 -0.04074146 0.3051534 71 71 71
-0.08732788 -0.03332583 0.29426491 65 65 65
-0.07089654 -0.01712962 0.27316147 110 110 110
-0.08150194 -0.03755757 0.30160499 102 102 102
-0.08941516 -0.02929873 0.29291648 67 67 67
-0.05973335 -0.01465821 0.27602074 79 79 79
-0.08543438 -0.03406824 0.29882801 89 89 89
-0.08646786 -0.03326971 0.29809988 112 112 112
-0.08575796 -0.03396509 0.29908732 79 79 79
-0.08639522 -0.03411209 0.29905516 63 63 63
-0.08659961 -0.03409127 0.29912779 65 65 65
-0.04522171 -0.01762476 0.27128452 104 104 104
-0.04568314 -0.0177447 0.27113417 103 103 103
-0.04911971 -0.01428088 0.27423507 70 70 70
-0.05199798 -0.01536417 0.27192691 91 91 91
-0.05275556 -0.0150087 0.26966205 104 104 104
-0.07196364 -0.01665063 0.27611402 68 68 68
-0.05429832 -0.0488278 0.30382657 91 91 91
-0.07059015 -0.0163579 0.27432075 84 84 84
-0.07603654 -0.04102052 0.29943511 93 93 93
-0.05868562 -0.01482038 0.27628219 68 68 68
-0.05951173 -0.01469869 0.27596396 91 91 91
-0.07628898 -0.03967477 0.30100232 61 61 61
-0.06975126 -0.04174371 0.30370423 62 62 62
-0.04997144 -0.04794091 0.31029803 112 112 112
-0.0825825 -0.03754615 0.30110815 65 65 65
-0.05598677 -0.01489745 0.27596593 64 64 64
-0.07555052 -0.04040147 0.3042424 81 81 81
-0.07545386 -0.04069816 0.30492201 64 64 64
-0.06284386 -0.01542456 0.27369905 94 94 94
-0.08816569 -0.0263118 0.27686971 108 108 108
-0.05131093 -0.01434093 0.27396235 60 60 60
-0.05130519 -0.0142566 0.27370536 60 60 60
-0.08834197 -0.02613868 0.27707091 99 99 99
-0.04925542 -0.01482037 0.27394462 86 86 86
-0.05198531 -0.01412927 0.27297664 63 63 63
-0.05187564 -0.01404193 0.27286619 65 65 65
-0.04997808 -0.01539108 0.27355826 92 92 92
-0.04839857 -0.01547008 0.27382609 99 99 99
-0.0491975 -0.01576132 0.27356648 99 99 99
-0.04972675 -0.01616308 0.27326575 93 93 93
-0.08738822 -0.03356835 0.29827946 62 62 62
-0.07612563 -0.0408034 0.29978132 88 88 88
-0.07675027 -0.04055815 0.30043346 111 111 111
-0.07739186 -0.01788501 0.27566439 66 66 66
-0.07602678 -0.04050284 0.30380997 68 68 68
-0.07494635 -0.04051612 0.30501714 73 73 73
-0.05886415 -0.04657224 0.30595645 118 118 118
-0.05886947 -0.04620418 0.30647594 129 129 129
-0.05938157 -0.04610769 0.30708089 124 124 124
-0.05786217 -0.04505949 0.3070505 63 63 63
-0.05967307 -0.04566272 0.30768466 118 118 118
-0.06370392 -0.01508712 0.2731809 64 64 64
-0.08784929 -0.03331479 0.29711488 53 53 53
-0.08298641 -0.02819216 0.28668958 67 67 67
-0.0526411 -0.01372397 0.27207205 66 66 66
-0.05646066 -0.01490778 0.27609277 65 65 65
-0.04798457 -0.01477137 0.27417812 94 94 94
-0.05970033 -0.01492646 0.27627459 74 74 74
-0.05033212 -0.01431926 0.27412659 59 59 59
-0.04828762 -0.01528551 0.27391237 97 97 97
-0.05052629 -0.01403277 0.27381945 55 55 55
-0.04904759 -0.01537062 0.27380285 96 96 96
-0.08106913 -0.03813387 0.29468614 111 111 111
-0.06472223 -0.01600712 0.27406192 100 100 100
-0.05890718 -0.04637267 0.30630445 122 122 122
-0.05875827 -0.04606344 0.30650428 129 129 129
-0.05862915 -0.04561772 0.30670989 117 117 117
-0.05924641 -0.04555171 0.30743915 112 112 112
-0.06422073 -0.01579142 0.27094564 104 104 104
-0.05341923 -0.01420268 0.27362829 62 62 62
-0.07177041 -0.01668379 0.27597016 63 63 63
-0.05376039 -0.0153391 0.2727589 111 111 111
-0.08305315 -0.02839586 0.28701517 64 64 64
-0.07180884 -0.01661041 0.27488866 104 104 104
-0.05318062 -0.01556428 0.27008206 122 122 122
-0.05340041 -0.01604024 0.27127278 118 118 118
-0.05321282 -0.01562755 0.27117655 111 111 111
-0.05346729 -0.01553251 0.27189821 109 109 109
-0.07178272 -0.01737042 0.27425784 111 111 111
-0.05350626 -0.01476184 0.27260706 110 110 110
-0.05457352 -0.0486401 0.30362743 107 107 107
-0.05416229 -0.04870265 0.30370608 102 102 102
-0.07169529 -0.01777112 0.27336973 113 113 113
-0.05003875 -0.01450325 0.27440554 59 59 59
-0.04716932 -0.04828456 0.30727223 120 120 120
-0.0468948 -0.04742777 0.30729285 118 118 118
-0.07782272 -0.01764106 0.2753928 65 65 65
-0.06463076 -0.01559302 0.27411518 93 93 93
-0.06470004 -0.01622193 0.27391627 103 103 103
-0.06420217 -0.01638583 0.27273706 106 106 106
-0.06416601 -0.01648208 0.27209252 108 108 108
-0.07802283 -0.01850725 0.27294129 109 109 109
-0.08483531 -0.03400165 0.29008877 113 113 113
-0.06441702 -0.01641699 0.27327487 103 103 103
-0.08691487 -0.0304669 0.28692654 117 117 117
-0.07785341 -0.01787563 0.27564266 99 99 99
-0.07797964 -0.01827438 0.2749401 106 106 106
-0.07801998 -0.01859437 0.27460665 113 113 113
-0.084672 -0.03332565 0.29063314 106 106 106
-0.08460315 -0.03306196 0.29078215 111 111 111
-0.05339259 -0.01555205 0.27171293 106 106 106
-0.05340308 -0.01525328 0.27205968 104 104 104
-0.08732976 -0.02596329 0.2771728 107 107 107
-0.08221108 -0.02137612 0.27931738 108 108 108
-0.08717503 -0.02578402 0.27736685 106 106 106
-0.0715784 -0.01691121 0.27374291 89 89 89
-0.08346935 -0.0221667 0.27514437 118 118 118
-0.08710779 -0.02555934 0.27786466 106 106 106
-0.07161227 -0.01743394 0.27333137 112 112 112
-0.08646661 -0.02715946 0.28331903 119 119 119
-0.08640414 -0.02708121 0.28343114 119 119 119
-0.08436391 -0.02784608 0.28657091 124 124 124
-0.08481309 -0.02757871 0.28586954 107 107 107
-0.08509079 -0.02773655 0.28559402 118 118 118
-0.08844031 -0.02936623 0.28119206 113 113 113
-0.08813503 -0.02899534 0.2803354 113 113 113
-0.08808838 -0.02882835 0.28001547 112 112 112
-0.06767644 -0.03923566 0.29909194 91 91 91
-0.06805351 -0.03838046 0.29875267 91 91 91
-0.08285823 -0.03243775 0.29151693 70 70 70
-0.08708696 -0.03070284 0.2864947 124 124 124
-0.08431374 -0.02757463 0.28643537 129 129 129
-0.08735589 -0.03100464 0.28633067 121 121 121
-0.07493145 -0.03830926 0.29682875 98 98 98
-0.08724972 -0.02572426 0.27774119 91 91 91
-0.08691639 -0.02525939 0.27825013 105 105 105
-0.08666961 -0.02505908 0.27842218 112 112 112
-0.06388681 -0.03652869 0.30072936 63 63 63
-0.05723331 -0.0413953 0.3013843 85 85 85
-0.06305831 -0.03649575 0.30088267 62 62 62
-0.06253999 -0.03643962 0.30094168 64 64 64
-0.06169095 -0.03665606 0.30122012 61 61 61
-0.06099537 -0.03674527 0.30133563 65 65 65
-0.0600932 -0.03707473 0.3015486 66 66 66
-0.08046501 -0.03694161 0.29461333 119 119 119
-0.08292017 -0.02255288 0.28097302 99 99 99
-0.08401196 -0.02249915 0.27502406 114 114 114
-0.05288283 -0.03911679 0.3032088 61 61 61
-0.08362377 -0.02204484 0.27576473 109 109 109
-0.0521622 -0.03915392 0.30320832 63 63 63
-0.08293301 -0.02158518 0.27726883 122 122 122
-0.08288416 -0.02132998 0.27748537 113 113 113
-0.0820658 -0.0211789 0.2797524 104 104 104
-0.05038614 -0.03959195 0.30344412 53 53 53
-0.04947346 -0.0398112 0.30345407 63 63 63
-0.0800293 -0.02026555 0.278137 113 113 113
-0.07809079 -0.01855904 0.27390432 112 112 112
-0.07805528 -0.01828543 0.2741982 106 106 106
-0.07235418 -0.01724171 0.27671838 62 62 62
-0.0715093 -0.01701887 0.27306515 87 87 87
-0.07505597 -0.03990662 0.29742515 108 108 108
-0.05361098 -0.01198648 0.26654536 90 90 90
-0.07982763 -0.03565643 0.29541838 68 68 68
-0.06476242 -0.03692989 0.30080649 60 60 60
-0.05207606 -0.03935543 0.30332479 63 63 63
-0.08499593 -0.03561935 0.28978074 125 125 125
-0.05198946 -0.03913247 0.30322176 67 67 67
-0.06355026 -0.03657457 0.30086848 62 62 62
-0.06081571 -0.03688478 0.30151919 63 63 63
-0.08443868 -0.03444953 0.29038686 120 120 120
-0.08291564 -0.03241939 0.29129547 65 65 65
-0.08831482 -0.03242932 0.28569314 123 123 123
-0.07535519 -0.0109078 0.27204043 58 58 58
-0.08750293 -0.03113472 0.28664503 86 86 86
-0.08633956 -0.03032408 0.28760678 109 109 109
-0.08553865 -0.0292908 0.28720662 117 117 117
-0.08424572 -0.02823362 0.28761527 101 101 101
-0.08289811 -0.02093532 0.27746969 79 79 79
-0.08713171 -0.02813141 0.28325471 110 110 110
-0.08664104 -0.02740576 0.28402448 102 102 102
-0.08329635 -0.02177463 0.2764577 108 108 108
-0.08337417 -0.02208023 0.27618238 117 117 117
-0.0831491 -0.02514698 0.28438848 110 110 110
-0.08695052 -0.02599264 0.2779443 103 103 103
-0.08609881 -0.02510035 0.27926666 107 107 107
-0.08613165 -0.02477633 0.27948871 99 99 99
-0.08653015 -0.02497199 0.27848843 116 116 116
-0.08557171 -0.02403879 0.28048545 95 95 95
-0.08296467 -0.02262057 0.2808311 110 110 110
-0.0499569 -0.03965961 0.3034133 61 61 61
-0.0521097 -0.039212 0.30325696 65 65 65
-0.07096139 -0.01007866 0.27067193 60 60 60
-0.07534687 -0.0110977 0.27214304 58 58 58
-0.06576588 -0.03768804 0.30079585 54 54 54
-0.06259751 -0.03649866 0.30103055 67 67 67
-0.0832701 -0.01320612 0.2756421 63 63 63
-0.08425421 -0.01367603 0.2763885 83 83 83
-0.07971486 -0.03565671 0.29539382 68 68 68
-0.08507108 -0.0353798 0.28980306 128 128 128
-0.08456516 -0.03443906 0.29035494 115 115 115
-0.08398215 -0.03337618 0.29115489 87 87 87
-0.07920436 -0.01992705 0.27886191 58 58 58
-0.07965197 -0.02030082 0.27876326 65 65 65
-0.0877786 -0.03180394 0.28622323 112 112 112
-0.0852655 -0.02943604 0.2874009 83 83 83
-0.08777983 -0.02604111 0.27586487 95 95 95
-0.08765351 -0.02627769 0.27749142 113 113 113
-0.08697186 -0.02807054 0.28340268 111 111 111
-0.08425974 -0.02846296 0.28788108 61 61 61
-0.05685828 -0.04370802 0.30241179 112 112 112
-0.05226739 -0.03920582 0.30325475 64 64 64
-0.06817798 -0.00899242 0.27007398 59 59 59
-0.06448389 -0.01021931 0.26983306 59 59 59
-0.08815148 -0.02650211 0.27749544 123 123 123
-0.07447815 -0.03951831 0.29744872 101 101 101
-0.07980964 -0.03715974 0.29469436 125 125 125
-0.08540843 -0.0354068 0.28975675 105 105 105
-0.08608873 -0.03607865 0.28971493 114 114 114
-0.08861237 -0.02145433 0.28347027 84 84 84
-0.05587703 -0.04675781 0.3100943 63 63 63
-0.05681544 -0.04338885 0.3023257 106 106 106
-0.06907496 -0.04325457 0.30217263 108 108 108
-0.0832514 -0.02816502 0.28705767 60 60 60
-0.07451596 -0.03950783 0.29751539 95 95 95
-0.08118412 -0.02121572 0.2806882 58 58 58
-0.08129591 -0.02156782 0.28087503 58 58 58
-0.0711579 -0.01729635 0.27237126 105 105 105
-0.08277453 -0.02474903 0.28392875 63 63 63
-0.06822086 -0.01855827 0.27369022 97 97 97
-0.06909887 -0.04304595 0.30287549 111 111 111
-0.07235371 -0.01717589 0.27666837 47 47 47
-0.07569403 -0.03998449 0.30128077 95 95 95
-0.08141245 -0.02128775 0.2796185 59 59 59
-0.08819225 -0.0263601 0.2766459 101 101 101
-0.08835329 -0.02614461 0.27704829 99 99 99
-0.08211736 -0.03768743 0.30191201 62 62 62
-0.08683547 -0.03322498 0.29247767 66 66 66
-0.08708175 -0.0331424 0.29524589 93 93 93
-0.08700445 -0.03318356 0.29678294 124 124 124
-0.08659026 -0.03370229 0.2987828 64 64 64
-0.0874544 -0.03353982 0.2981413 63 63 63
-0.04996358 -0.01440655 0.27432036 55 55 55
-0.05259998 -0.01557626 0.27049696 105 105 105
-0.04970567 -0.04823923 0.31058145 61 61 61
-0.08830497 -0.02968623 0.28817129 100 100 100
-0.08849984 -0.03015603 0.28763735 130 130 130
-0.07596132 -0.01116497 0.27227312 76 76 76
-0.07482756 -0.01211019 0.27129099 85 85 85
-0.07204528 -0.016681 0.27041641 119 119 119
-0.08725211 -0.02324211 0.27997696 111 111 111
-0.08752799 -0.02327499 0.28019944 95 95 95
-0.08912788 -0.02919886 0.2928175 75 75 75
-0.08907865 -0.02931856 0.29303387 72 72 72
-0.08953824 -0.02843128 0.28194648 135 135 135
-0.08929045 -0.03010868 0.29347259 63 63 63
-0.05755238 -0.04627908 0.30377927 106 106 106
-0.05767794 -0.04649483 0.3043386 105 105 105
-0.05710557 -0.0441817 0.30265146 117 117 117
-0.05715786 -0.04452391 0.30288219 114 114 114
-0.06119408 -0.04402328 0.30258527 106 106 106
-0.06300648 -0.04294209 0.30180073 101 101 101
-0.0690331 -0.04197632 0.3037397 86 86 86
-0.06900879 -0.04203409 0.30378246 90 90 90
-0.0681655 -0.04205224 0.30019915 111 111 111
-0.06792622 -0.04168867 0.30001 105 105 105
-0.0675518 -0.03843618 0.30016991 63 63 63
-0.05318942 -0.01097947 0.26733965 95 95 95
-0.0528517 -0.01037689 0.26796535 70 70 70
-0.05299578 -0.01308224 0.26627466 115 115 115
-0.07574689 -0.04116955 0.2993322 107 107 107
-0.07458065 -0.03790799 0.29780617 76 76 76
-0.07476276 -0.03871876 0.29733089 97 97 97
-0.07483942 -0.03907147 0.29740492 90 90 90
-0.06416874 -0.01568251 0.27062464 114 114 114
-0.0639867 -0.01624591 0.27229756 95 95 95
-0.06420799 -0.0154633 0.27027747 110 110 110
-0.06484054 -0.0147545 0.26889387 107 107 107
-0.07108516 -0.0161771 0.27406162 77 77 77
-0.08579861 -0.01486136 0.27670628 61 61 61
-0.08349998 -0.01323419 0.27584824 69 69 69
-0.08691526 -0.01845 0.27886429 76 76 76
-0.08217424 -0.03744326 0.30126855 64 64 64
-0.08175816 -0.03759093 0.30199149 63 63 63
-0.08188225 -0.03722601 0.30063149 84 84 84
-0.08915155 -0.02342965 0.28451172 68 68 68
-0.0879644 -0.0201979 0.28046229 73 73 73
-0.08946089 -0.03307897 0.28524446 113 113 113
-0.08861803 -0.03264838 0.28536496 111 111 111
-0.06856821 -0.00918009 0.27026823 69 69 69
-0.0868886 -0.0335427 0.29309538 100 100 100
-0.08944988 -0.02705603 0.28873846 66 66 66
-0.08893737 -0.02981142 0.28125429 118 118 118
-0.08734763 -0.02585419 0.27764514 93 93 93
-0.08112851 -0.03833429 0.29486308 112 112 112
-0.08119748 -0.03829427 0.29481214 112 112 112
-0.07529562 -0.04025119 0.30395108 98 98 98
-0.07554965 -0.04019935 0.30313781 97 97 97
-0.07283165 -0.04095884 0.3055031 78 78 78
-0.08768389 -0.03228531 0.29260299 71 71 71
-0.08292807 -0.03627506 0.2978085 68 68 68
-0.08874951 -0.02691959 0.28338653 124 124 124
-0.05631539 -0.04605017 0.30913207 81 81 81
-0.0563693 -0.04601674 0.30897659 89 89 89
-0.04960798 -0.04792536 0.31033254 92 92 92
-0.05091569 -0.04776967 0.31070352 105 105 105
-0.08458921 -0.03481952 0.29907647 63 63 63
-0.05129609 -0.01399844 0.27313396 63 63 63
-0.04860315 -0.01446364 0.27423602 83 83 83
-0.07018375 -0.01628052 0.27489319 88 88 88
-0.05796539 -0.01480666 0.27597916 85 85 85
-0.05834523 -0.01465792 0.27611133 76 76 76
-0.08144151 -0.02090974 0.27779526 76 76 76
-0.08168831 -0.02097875 0.27773112 77 77 77
-0.07798916 -0.01925575 0.27827868 67 67 67
-0.05694533 -0.04539172 0.30775195 80 80 80
-0.07775539 -0.01768866 0.27478659 89 89 89
-0.07814521 -0.01850001 0.27324224 105 105 105
-0.08004169 -0.01599956 0.27353415 91 91 91
-0.08323219 -0.02279934 0.28090748 88 88 88
-0.08313231 -0.02270918 0.28100994 88 88 88
-0.07772467 -0.01796355 0.27590045 74 74 74
-0.08361647 -0.02445635 0.28191781 62 62 62
-0.07312775 -0.01699967 0.27648288 89 89 89
-0.08328601 -0.02453629 0.28299579 71 71 71
-0.08337744 -0.02793706 0.28681779 80 80 80
-0.08378838 -0.02775413 0.28717434 117 117 117
-0.08510317 -0.02762035 0.28508052 72 72 72
-0.08335821 -0.02797553 0.28618342 57 57 57
-0.08379255 -0.02784445 0.28750354 109 109 109
-0.0853225 -0.02911464 0.28720251 114 114 114
-0.06529574 -0.01546701 0.27517894 89 89 89
-0.08326845 -0.03007877 0.28933582 74 74 74
-0.08361349 -0.03002702 0.28902888 82 82 82
-0.05590742 -0.0145678 0.27547026 95 95 95
-0.08041452 -0.03707898 0.29488197 103 103 103
-0.08037818 -0.03691066 0.29488343 94 94 94
-0.08684903 -0.02741623 0.28381547 92 92 92
-0.08690234 -0.02725548 0.28375137 84 84 84
-0.08624266 -0.02453124 0.27939647 93 93 93
-0.08654741 -0.02492801 0.27866903 113 113 113
-0.08699131 -0.03055601 0.28701144 107 107 107
-0.08382618 -0.02571125 0.28429773 107 107 107
-0.08302408 -0.02514477 0.28462872 66 66 66
-0.08355964 -0.02582843 0.28459743 59 59 59
-0.04627289 -0.04254531 0.30385715 61 61 61
-0.08264573 -0.0323454 0.2915042 67 67 67
-0.06460947 -0.01165193 0.27024344 88 88 88
-0.04892186 -0.04087365 0.30323249 73 73 73
-0.05183106 -0.04009999 0.30287707 68 68 68
-0.05378577 -0.03963941 0.30377448 55 55 55
-0.05800422 -0.0387864 0.30258539 65 65 65
-0.05445912 -0.00884808 0.26767984 69 69 69
-0.08264443 -0.02239267 0.28106353 92 92 92
-0.04890893 -0.00755619 0.2658515 83 83 83
-0.06383006 -0.03664945 0.30103078 56 56 56
-0.05028417 -0.03983192 0.30411983 65 65 65
-0.06444102 -0.01051353 0.26985827 84 84 84
-0.0828476 -0.02994448 0.28995547 56 56 56
