-0.08894043 -0.02938259 0.28952193 78 78 78
-0.08842374 -0.02309303 0.27735069 125 125 125
-0.07528565 -0.01022441 0.27192727 52 52 52
-0.08528189 -0.01911505 0.27399695 135 135 135
-0.08964441 -0.02611212 0.28137305 121 121 121
-0.08912343 -0.03204744 0.29451206 62 62 62
-0.08014807 -0.01477714 0.27357078 71 71 71
-0.08481572 -0.01851935 0.27330083 130 130 130
-0.08886554 -0.02492823 0.27996600 119 119 119
-0.08942365 -0.03018947 0.28992251 115 115 115
-0.08941384 -0.02553186 0.28101292 122 122 122
-0.08490527 -0.01834331 0.27353796 131 131 131
-0.07549557 -0.01070214 0.27202505 56 56 56
-0.08522987 -0.01919979 0.27380544 135 135 135
-0.08861649 -0.02466686 0.27963635 119 119 119
-0.08933309 -0.03001496 0.28947505 115 115 115
-0.08906243 -0.02935931 0.28987244 95 95 95
-0.08846320 -0.02300895 0.27755541 121 121 121
-0.08477463 -0.01863970 0.27317995 129 129 129
-0.04437829 -0.05071795 0.31261188 88 88 88
-0.08507110 -0.01850153 0.27378345 131 131 131
-0.07779287 -0.01209905 0.27244419 88 88 88
-0.04476994 -0.05041718 0.31207287 96 96 96
-0.08927793 -0.02971250 0.29039854 106 106 106
-0.08842226 -0.02349025 0.27701461 127 127 127
-0.09033272 -0.02923986 0.28581223 114 114 114
-0.04486407 -0.05040995 0.31216478 94 94 94
-0.09007669 -0.02758101 0.28464052 118 118 118
-0.08670019 -0.02093213 0.27636603 111 111 111
-0.07777285 -0.01201175 0.27255243 86 86 86
-0.07866406 -0.01367155 0.27237609 112 112 112
-0.08757070 -0.02250266 0.27614361 125 125 125
-0.09012228 -0.02812462 0.28361851 122 122 122
-0.08857987 -0.03294308 0.29605222 58 58 58
-0.08875030 -0.03236599 0.29693013 59 59 59
-0.08966257 -0.02585992 0.28195223 121 121 121
-0.08530109 -0.01871939 0.27430359 131 131 131
-0.08417046 -0.01823476 0.27263418 122 122 122
-0.08802832 -0.02438761 0.27919734 119 119 119
-0.08884194 -0.02979145 0.28894696 107 107 107
-0.05082066 -0.04947477 0.30411181 81 81 81
-0.08389780 -0.01806904 0.27250260 116 116 116
-0.04988357 -0.04836490 0.30353034 109 109 109
-0.08903416 -0.02559056 0.27971590 120 120 120
-0.08949487 -0.03081567 0.28974929 111 111 111
-0.08678668 -0.02085878 0.27653620 110 110 110
-0.07777947 -0.01186462 0.27270246 75 75 75
-0.07445287 -0.01032208 0.27163160 54 54 54
-0.08530259 -0.01985011 0.27368271 138 138 138
-0.08945527 -0.02631685 0.28029296 121 121 121
-0.08873817 -0.03217717 0.29348111 66 66 66
-0.04865150 -0.04737664 0.30354568 88 88 88
-0.08910920 -0.03081116 0.29356238 66 66 66
-0.08883748 -0.02431792 0.28057322 120 120 120
-0.07902689 -0.01480266 0.27316687 112 112 112
-0.08813290 -0.02351250 0.27640137 127 127 127
-0.09030028 -0.02891542 0.28405058 123 123 123
-0.05022183 -0.04824893 0.30353495 101 101 101
-0.07998332 -0.01381754 0.27329296 62 62 62
-0.04581883 -0.05021801 0.31269473 92 92 92
-0.08867840 -0.02533471 0.27906907 122 122 122
-0.08940999 -0.03047924 0.28853664 129 129 129
-0.08963546 -0.02573958 0.28241625 109 109 109
-0.08535679 -0.01860755 0.27465600 128 128 128
-0.04597649 -0.05009394 0.31250915 93 93 93
-0.08393954 -0.01844856 0.27230656 120 120 120
-0.08877466 -0.02471780 0.27725616 117 117 117
-0.09037220 -0.02995554 0.28558975 116 116 116
-0.08923281 -0.03071515 0.29363877 66 66 66
-0.04596775 -0.05029501 0.31310534 89 89 89
-0.08425507 -0.01885595 0.27240327 128 128 128
-0.08818415 -0.02215008 0.27756810 127 127 127
-0.09037542 -0.02979369 0.28505588 118 118 118
-0.08002909 -0.01361113 0.27331659 62 62 62
-0.04928527 -0.04558807 0.30056581 94 94 94
-0.08342032 -0.01815750 0.27209648 107 107 107
-0.08838737 -0.02419596 0.27646476 130 130 130
-0.09031913 -0.02918933 0.28369221 122 122 122
-0.08990953 -0.02699221 0.28510317 118 118 118
-0.08673268 -0.02051617 0.27683914 110 110 110
-0.05039442 -0.04771299 0.30347627 116 116 116
-0.07914715 -0.01520053 0.27265018 114 114 114
-0.08777759 -0.02347964 0.27577448 131 131 131
-0.09003317 -0.02853464 0.28260440 121 121 121
-0.08850752 -0.03303532 0.29424664 63 63 63
-0.05233425 -0.04905654 0.30374390 109 109 109
-0.08907788 -0.02916224 0.29118547 102 102 102
-0.08862752 -0.02376691 0.28073725 117 117 117
-0.07871849 -0.01443239 0.27151328 120 120 120
-0.08697843 -0.02267676 0.27519572 122 122 122
-0.08992776 -0.02780175 0.28099638 118 118 118
-0.08837677 -0.03248041 0.29314262 69 69 69
-0.08467780 -0.01731775 0.27381998 121 121 121
-0.08029824 -0.01367559 0.27346650 59 59 59
-0.04652340 -0.05019157 0.31337076 86 86 86
-0.07354423 -0.01041644 0.27132255 54 54 54
-0.08471478 -0.01980211 0.27271146 136 136 136
-0.08655878 -0.02235057 0.27497306 116 116 116
-0.04946005 -0.04493444 0.30039856 106 106 106
-0.08924491 -0.02656104 0.27932915 125 125 125
-0.05003341 -0.04558393 0.30102903 105 105 105
-0.05012877 -0.04602427 0.30191818 104 104 104
-0.05021827 -0.04605474 0.30209672 105 105 105
-0.05033095 -0.04599877 0.30206159 104 104 104
-0.08504426 -0.01770268 0.27419314 132 132 132
-0.05046101 -0.04588158 0.30191547 108 108 108
-0.05056296 -0.04560743 0.30150369 115 115 115
-0.05027604 -0.04497760 0.30089560 98 98 98
-0.07831205 -0.01411715 0.27108094 115 115 115
-0.04738068 -0.04947538 0.31306684 93 93 93
-0.07924093 -0.01544831 0.27229407 117 117 117
-0.03409845 -0.01563649 0.26682946 61 61 61
-0.05187243 -0.04708924 0.30358335 113 113 113
-0.03337177 -0.01440064 0.26557657 64 64 64
-0.05105010 -0.04577245 0.30231890 118 118 118
-0.03237822 -0.01305598 0.26453131 67 67 67
-0.04794909 -0.04984223 0.31393537 98 98 98
-0.05237743 -0.04715751 0.30369067 115 115 115
-0.03392881 -0.01434547 0.26554823 61 61 61
-0.05092191 -0.04473632 0.30125079 102 102 102
-0.03188011 -0.01187143 0.26362815 75 75 75
-0.05506685 -0.04889696 0.30395561 87 87 87
-0.08990213 -0.02687711 0.28554615 119 119 119
-0.03497166 -0.01551829 0.26679704 53 53 53
-0.05149308 -0.04592679 0.30316201 116 116 116
-0.03349527 -0.01328622 0.26476264 68 68 68
-0.05491626 -0.04804686 0.30331963 101 101 101
-0.03531333 -0.01527536 0.26660174 46 46 46
-0.07280259 -0.00985627 0.27097803 52 52 52
-0.05187532 -0.04591728 0.30341426 109 109 109
-0.08337332 -0.01854550 0.27183023 107 107 107
-0.03433038 -0.01348932 0.26490799 68 68 68
-0.05138873 -0.04451353 0.30158737 115 115 115
-0.03259634 -0.01156194 0.26351246 73 73 73
-0.05596727 -0.04888214 0.30423957 95 95 95
-0.08786474 -0.02397018 0.27567115 127 127 127
-0.05504327 -0.04756495 0.30314940 112 112 112
-0.03507898 -0.01398293 0.26532364 53 53 53
-0.05184631 -0.04484901 0.30215800 110 110 110
-0.03332302 -0.01182142 0.26379427 71 71 71
-0.08411887 -0.01659753 0.27371866 111 111 111
-0.05484293 -0.04698036 0.30306405 117 117 117
-0.07805450 -0.01127225 0.27267876 55 55 55
-0.03520164 -0.01351868 0.26502234 60 60 60
-0.03302526 -0.01085694 0.26310021 73 73 73
-0.05628186 -0.04803953 0.30361676 107 107 107
-0.03517967 -0.01284314 0.26444012 62 62 62
-0.05201715 -0.04356831 0.30070093 110 110 110
-0.05586419 -0.04722419 0.30328926 109 109 109
-0.07834036 -0.01431593 0.27097645 116 116 116
-0.03542372 -0.01280806 0.26458481 60 60 60
-0.05429277 -0.04464227 0.30060330 102 102 102
-0.03326746 -0.01024377 0.26275307 83 83 83
-0.05673831 -0.04780110 0.30369741 118 118 118
-0.03607822 -0.01359259 0.26553097 50 50 50
-0.05423778 -0.04521149 0.30216968 100 100 100
-0.03473193 -0.01158813 0.26386577 78 78 78
-0.08943958 -0.03106117 0.28760123 128 128 128
-0.08991527 -0.02689986 0.28579852 114 114 114
-0.05608210 -0.04679397 0.30329147 109 109 109
-0.03599668 -0.01277790 0.26496962 58 58 58
-0.05480000 -0.04466036 0.30112895 116 116 116
-0.08930337 -0.02454439 0.28189915 118 118 118
-0.03403093 -0.01032594 0.26300901 79 79 79
-0.05728869 -0.04798071 0.30445266 116 116 116
-0.08813361 -0.02170743 0.27786013 125 125 125
-0.03731288 -0.01419177 0.26633909 46 46 46
-0.05533556 -0.04590629 0.30319908 114 114 114
-0.08529347 -0.01888644 0.27671388 78 78 78
-0.03609402 -0.01248275 0.26491845 58 58 58
-0.05502864 -0.04421333 0.30066526 119 119 119
-0.03476602 -0.01064717 0.26337126 81 81 81
-0.03807945 -0.01456634 0.26677379 47 47 47
-0.07880782 -0.01186263 0.27284190 56 56 56
-0.05618804 -0.04609696 0.30310801 105 105 105
-0.03668988 -0.01274340 0.26538488 50 50 50
-0.05518869 -0.04455344 0.30172503 119 119 119
-0.03573128 -0.01125630 0.26403874 76 76 76
-0.03873324 -0.01499800 0.26746693 52 52 52
-0.05692795 -0.04624850 0.30318308 111 111 111
-0.03707097 -0.01277393 0.26556188 47 47 47
-0.05548400 -0.04432263 0.30155319 111 111 111
-0.03595597 -0.01113456 0.26412347 66 66 66
-0.05505433 -0.04314983 0.30015284 112 112 112
-0.03477259 -0.00945895 0.26273108 84 84 84
-0.05763350 -0.04690265 0.30426794 111 111 111
-0.03856630 -0.01404251 0.26670149 54 54 54
-0.05633976 -0.04516666 0.30269492 90 90 90
-0.05561202 -0.04332794 0.30051568 123 123 123
-0.03575321 -0.01013981 0.26340738 88 88 88
-0.03926371 -0.01467113 0.26772979 48 48 48
-0.05736051 -0.04578848 0.30338192 110 110 110
-0.07215834 -0.00946655 0.27066779 54 54 54
-0.03822688 -0.01302365 0.26614541 54 54 54
-0.05650044 -0.04459319 0.30229577 108 108 108
-0.03746121 -0.01196889 0.26541799 49 49 49
-0.05609381 -0.04345252 0.30103445 158 158 158
-0.03521118 -0.00880995 0.26253587 75 75 75
-0.03654607 -0.01054238 0.26421541 64 64 64
-0.03895651 -0.01336406 0.26667696 54 54 54
-0.05672578 -0.04422562 0.30221954 128 128 128
-0.03602896 -0.00930321 0.26309547 88 88 88
-0.03806048 -0.01197681 0.26572844 47 47 47
-0.05689716 -0.04418467 0.30250090 118 118 118
-0.04480207 -0.01777100 0.26821315 96 96 96
-0.03583362 -0.00879458 0.26275766 88 88 88
-0.06018680 -0.04680883 0.30346274 87 87 87
-0.03813315 -0.01174249 0.26566136 51 51 51
-0.05681795 -0.04381727 0.30229473 115 115 115
-0.04429498 -0.01702114 0.26793423 104 104 104
-0.03577615 -0.00834416 0.26251414 87 87 87
-0.05999714 -0.04630625 0.30318350 84 84 84
-0.03763574 -0.01081892 0.26502404 52 52 52
-0.04401604 -0.01643528 0.26759607 104 104 104
-0.05984478 -0.04584707 0.30294859 95 95 95
-0.04593987 -0.01806935 0.26843461 94 94 94
-0.03702125 -0.00937832 0.26350880 90 90 90
-0.06110996 -0.04704705 0.30368534 93 93 93
-0.03723797 -0.00965083 0.26397273 84 84 84
-0.03804486 -0.01071983 0.26516044 51 51 51
-0.04524680 -0.01496849 0.26412109 86 86 86
-0.04437150 -0.01557861 0.26689017 113 113 113
-0.05906235 -0.04443627 0.30257380 111 111 111
-0.04471498 -0.01615662 0.26762894 111 111 111
-0.06036971 -0.04529748 0.30281454 109 109 109
-0.04565977 -0.01669730 0.26777697 109 109 109
-0.03642793 -0.00744932 0.26230088 94 94 94
-0.06045232 -0.04523731 0.30281156 110 110 110
-0.03757431 -0.00873382 0.26340607 95 95 95
-0.06323525 -0.04707988 0.30298835 78 78 78
-0.03774660 -0.00921386 0.26426417 70 70 70
-0.03867614 -0.01013400 0.26519367 49 49 49
-0.08864783 -0.02515639 0.27648261 132 132 132
-0.04601902 -0.01445698 0.26401693 100 100 100
-0.06060158 -0.04328225 0.29980704 118 118 118
-0.04512745 -0.01553747 0.26732162 104 104 104
-0.06000422 -0.04415470 0.30236399 105 105 105
-0.04587783 -0.01602795 0.26750714 107 107 107
-0.03701545 -0.00723147 0.26243556 76 76 76
-0.04697275 -0.01764246 0.26940924 119 119 119
-0.03807840 -0.00898497 0.26446024 56 56 56
-0.06397997 -0.04729093 0.30361450 105 105 105
-0.04600973 -0.01388098 0.26376033 103 103 103
-0.06059835 -0.04255097 0.29930344 104 104 104
-0.04662045 -0.01516331 0.26555789 92 92 92
-0.04667756 -0.01629998 0.26792720 132 132 132
-0.03780040 -0.00754500 0.26291358 97 97 97
-0.06327906 -0.04588233 0.30257162 93 93 93
-0.04719499 -0.01723913 0.26925653 119 119 119
-0.03840049 -0.00856853 0.26423672 70 70 70
-0.06434117 -0.04705649 0.30359602 111 111 111
-0.03900413 -0.00917857 0.26491463 46 46 46
-0.04653423 -0.01368028 0.26377544 97 97 97
-0.06106190 -0.04240546 0.29952571 120 120 120
-0.04705571 -0.01502336 0.26584050 96 96 96
-0.04718930 -0.01631148 0.26840261 136 136 136
-0.03863566 -0.00781488 0.26340133 92 92 92
-0.06434988 -0.04604513 0.30259618 98 98 98
-0.03950316 -0.00899085 0.26492935 44 44 44
-0.06109042 -0.04166286 0.29883367 112 112 112
-0.04668791 -0.01321742 0.26356077 90 90 90
-0.06141664 -0.04221232 0.29958811 115 115 115
-0.04736905 -0.01364349 0.26367289 90 90 90
-0.06151167 -0.04219998 0.29967007 116 116 116
-0.04812626 -0.01469497 0.26489797 110 110 110
-0.08817379 -0.03302978 0.29336366 66 66 66
-0.04768100 -0.01642993 0.26907107 113 113 113
-0.03902831 -0.00791163 0.26420504 70 70 70
-0.06514173 -0.04656326 0.30351606 110 110 110
-0.04679523 -0.01275819 0.26347053 105 105 105
-0.06180850 -0.04208336 0.29970300 108 108 108
-0.06263759 -0.04375331 0.30204681 98 98 98
-0.04883141 -0.01719402 0.26953995 84 84 84
-0.06164673 -0.04129779 0.29874995 114 114 114
-0.04739330 -0.01525128 0.26806313 120 120 120
-0.03875495 -0.00648449 0.26282102 99 99 99
-0.04817768 -0.01327719 0.26354635 103 103 103
-0.04767790 -0.01535611 0.26836306 105 105 105
-0.03876043 -0.00618963 0.26267570 97 97 97
-0.08952313 -0.02793723 0.28880411 66 66 66
-0.04817409 -0.01290885 0.26352450 102 102 102
-0.03951418 -0.00661313 0.26319990 100 100 100
-0.06631106 -0.04527706 0.30158472 80 80 80
-0.04937809 -0.01405565 0.26440245 97 97 97
-0.06471298 -0.04202837 0.29774836 88 88 88
-0.05093271 -0.01770295 0.26959276 86 86 86
-0.04915275 -0.01566027 0.26832247 100 100 100
-0.06701226 -0.04538762 0.30154684 80 80 80
-0.05039635 -0.01450823 0.26463366 98 98 98
-0.04883969 -0.01284591 0.26383165 116 116 116
-0.06528348 -0.04216760 0.29813749 99 99 99
-0.05130716 -0.01741602 0.26949272 89 89 89
-0.04755112 -0.01168621 0.26356655 106 106 106
-0.06531671 -0.04194392 0.29790387 96 96 96
-0.05124685 -0.01704202 0.26907948 180 180 180
-0.05022062 -0.01584204 0.26837641 119 119 119
-0.06793170 -0.04566435 0.30189541 101 101 101
-0.04971582 -0.01520864 0.26798767 84 84 84
-0.06758169 -0.04488365 0.30114150 76 76 76
-0.08518400 -0.01767771 0.27464014 127 127 127
-0.06764271 -0.04477015 0.30106756 80 80 80
-0.05138523 -0.01468607 0.26522982 90 90 90
-0.06726155 -0.04430937 0.30088797 87 87 87
-0.05114811 -0.01397712 0.26444200 101 101 101
-0.06671691 -0.04379877 0.30081400 103 103 103
-0.04924078 -0.01231661 0.26408258 102 102 102
-0.06599125 -0.04201054 0.29862851 103 103 103
-0.05099754 -0.01579797 0.26856005 125 125 125
-0.06841309 -0.04497059 0.30131891 102 102 102
-0.05135420 -0.01374512 0.26440799 99 99 99
-0.06623686 -0.04194858 0.29862219 99 99 99
-0.05143565 -0.01607199 0.26898310 133 133 133
-0.06865796 -0.04516273 0.30179635 112 112 112
-0.05197544 -0.01452652 0.26543701 104 104 104
-0.07249134 -0.00990064 0.27077401 53 53 53
-0.06636850 -0.04142761 0.29817489 118 118 118
-0.05192634 -0.01633255 0.26949206 122 122 122
-0.06881607 -0.04487034 0.30169067 112 112 112
-0.05214496 -0.01398744 0.26499838 112 112 112
-0.06713640 -0.04259536 0.29975218 94 94 94
-0.04885397 -0.01111522 0.26408616 113 113 113
-0.06644300 -0.04113396 0.29816830 122 122 122
-0.04857285 -0.01079488 0.26404390 92 92 92
-0.06613775 -0.04073917 0.29800862 108 108 108
-0.05226898 -0.01624540 0.26975513 118 118 118
-0.06846327 -0.04536201 0.30399156 112 112 112
-0.05170328 -0.01513227 0.26841027 93 93 93
-0.06891523 -0.04413607 0.30124497 124 124 124
-0.05239312 -0.01374639 0.26521096 118 118 118
-0.06794515 -0.04266873 0.29997677 131 131 131
-0.05169366 -0.01271573 0.26442617 110 110 110
-0.06771103 -0.04225627 0.29976395 137 137 137
-0.05133714 -0.01227702 0.26429582 106 106 106
-0.06758808 -0.04199706 0.29959345 166 166 166
-0.04883895 -0.01039225 0.26430535 108 108 108
-0.06669867 -0.04069075 0.29852307 115 115 115
-0.05284778 -0.01410675 0.26620194 115 115 115
-0.06900392 -0.04376039 0.30149373 124 124 124
-0.08619674 -0.02243539 0.27459487 117 117 117
-0.05257110 -0.01562483 0.26976940 120 120 120
-0.04537195 -0.00779697 0.26444969 53 53 53
-0.06867626 -0.04494656 0.30447623 101 101 101
-0.05226992 -0.01279899 0.26490879 107 107 107
-0.06804992 -0.04214082 0.30010793 108 108 108
-0.04557764 -0.00778666 0.26451060 52 52 52
-0.08799113 -0.02435664 0.27565619 126 126 126
-0.05219819 -0.01249378 0.26486161 116 116 116
-0.06762333 -0.04140386 0.29970646 119 119 119
-0.05309689 -0.01401549 0.26682532 110 110 110
-0.06910518 -0.04357892 0.30210277 118 118 118
-0.05595398 -0.01782403 0.27044529 98 98 98
-0.04857399 -0.00952245 0.26452971 101 101 101
-0.05278242 -0.01300745 0.26572242 125 125 125
-0.05583423 -0.01712602 0.26971659 110 110 110
-0.04864469 -0.00938122 0.26460999 100 100 100
-0.05299568 -0.01322277 0.26625523 115 115 115
-0.09039066 -0.03018742 0.28380969 125 125 125
-0.05435042 -0.01578223 0.26950026 109 109 109
-0.05260870 -0.01228312 0.26549470 125 125 125
-0.05452724 -0.01444217 0.26712534 83 83 83
-0.07298093 -0.04386890 0.29890940 95 95 95
-0.05635351 -0.01699852 0.26986223 114 114 114
-0.05101972 -0.01056823 0.26472974 105 105 105
-0.05484025 -0.01435704 0.26696777 81 81 81
-0.06902201 -0.04414366 0.30539960 111 111 111
-0.05677942 -0.01759729 0.27090093 109 109 109
-0.05142710 -0.01068565 0.26488945 106 106 106
-0.05518826 -0.01444659 0.26735437 86 86 86
-0.07325783 -0.04334224 0.29866773 98 98 98
-0.05679607 -0.01686338 0.27013266 112 112 112
-0.04982392 -0.00924814 0.26492533 106 106 106
-0.05538799 -0.01342855 0.26558498 113 113 113
-0.05561307 -0.01440420 0.26733857 85 85 85
-0.07350259 -0.04317171 0.29864234 97 97 97
-0.05652439 -0.01596127 0.26944000 107 107 107
-0.04700747 -0.00671383 0.26462692 56 56 56
-0.05169728 -0.01030087 0.26536062 105 105 105
-0.07211879 -0.04086417 0.29653633 108 108 108
-0.05539805 -0.01483264 0.26916972 106 106 106
-0.05580116 -0.01312419 0.26562053 100 100 100
-0.07361855 -0.04271901 0.29848278 100 100 100
-0.05759059 -0.01722410 0.27128032 109 109 109
-0.05162350 -0.01001262 0.26556697 104 104 104
-0.07233519 -0.04132920 0.29781541 110 110 110
-0.05699704 -0.01578206 0.26958701 123 123 123
-0.04802278 -0.00699042 0.26499307 52 52 52
-0.07440974 -0.04309859 0.29878029 111 111 111
-0.05767841 -0.01673500 0.27089939 111 111 111
-0.05119503 -0.00938995 0.26564708 94 94 94
-0.07262509 -0.04126373 0.29792663 100 100 100
-0.05663156 -0.01494209 0.26906970 110 110 110
-0.05174954 -0.00980629 0.26609597 116 116 116
-0.08960643 -0.03046749 0.29420605 62 62 62
-0.07293331 -0.04136310 0.29813761 108 108 108
-0.07475419 -0.04278538 0.29854479 105 105 105
-0.05748171 -0.01555386 0.26978168 136 136 136
-0.05173276 -0.00959561 0.26646429 115 115 115
-0.07308924 -0.04064028 0.29717118 111 111 111
-0.05743415 -0.01514466 0.26953599 135 135 135
-0.05018493 -0.00809139 0.26614553 85 85 85
-0.07326864 -0.04078669 0.29761618 102 102 102
-0.08966541 -0.02635709 0.28552067 117 117 117
-0.07499076 -0.04209328 0.29805550 102 102 102
-0.05905824 -0.01424282 0.26611674 90 90 90
-0.04953951 -0.00702761 0.26568097 53 53 53
-0.07368649 -0.04031835 0.29682383 122 122 122
-0.05921427 -0.01395058 0.26574892 96 96 96
-0.07464048 -0.04306417 0.30106395 110 110 110
-0.07409887 -0.04058134 0.29714996 118 118 118
-0.05947905 -0.01414123 0.26619744 98 98 98
-0.06188119 -0.01796303 0.27059412 111 111 111
-0.05011128 -0.00710160 0.26593634 54 54 54
-0.07445344 -0.04062188 0.29722351 141 141 141
-0.05958334 -0.01377549 0.26581025 99 99 99
-0.06200120 -0.01785813 0.27062434 117 117 117
-0.05047327 -0.00721298 0.26610473 53 53 53
-0.07455139 -0.04044411 0.29720816 139 139 139
-0.05974197 -0.01433029 0.26716074 95 95 95
-0.05908215 -0.01269046 0.26510763 111 111 111
-0.07543608 -0.04217558 0.29981631 120 120 120
-0.06228730 -0.01783836 0.27083749 120 120 120
-0.05090077 -0.00726471 0.26630819 51 51 51
-0.07463522 -0.04022470 0.29726979 127 127 127
-0.07372554 -0.03916069 0.29672605 115 115 115
-0.05926186 -0.01251177 0.26517862 109 109 109
-0.06028651 -0.01345767 0.26603991 110 110 110
-0.06184624 -0.01657133 0.27015537 126 126 126
-0.05165209 -0.00735801 0.26660749 48 48 48
-0.07333295 -0.03849931 0.29683873 106 106 106
-0.06066848 -0.01377822 0.26635537 97 97 97
-0.06214326 -0.01668073 0.27035961 126 126 126
-0.05208672 -0.00756411 0.26676959 55 55 55
-0.06037757 -0.01490475 0.26950049 97 97 97
-0.06223827 -0.01652192 0.27037406 125 125 125
-0.05223569 -0.00743417 0.26683557 54 54 54
-0.07318220 -0.03803910 0.29714945 95 95 95
-0.06062885 -0.01301146 0.26597700 111 111 111
-0.07942729 -0.04184083 0.29591933 94 94 94
-0.06135398 -0.01534388 0.26976433 119 119 119
-0.08947998 -0.02496788 0.28290641 106 106 106
-0.08716121 -0.03347371 0.29550505 113 113 113
-0.06277778 -0.01674656 0.27069718 119 119 119
-0.05875959 -0.01104598 0.26531279 112 112 112
-0.06085894 -0.01285546 0.26597649 111 111 111
-0.08013000 -0.04234960 0.29654634 90 90 90
-0.06070651 -0.01241910 0.26592085 103 103 103
-0.08029786 -0.04233699 0.29670924 109 109 109
-0.06164106 -0.01503759 0.26971209 106 106 106
-0.08503652 -0.01734727 0.27447480 127 127 127
-0.06024453 -0.01175654 0.26566017 112 112 112
-0.08036108 -0.04191799 0.29625058 97 97 97
-0.06218959 -0.01538698 0.26991120 118 118 118
-0.07902279 -0.01184934 0.27293652 58 58 58
-0.06328219 -0.01606024 0.27040881 107 107 107
-0.07872049 -0.03980648 0.29508859 101 101 101
-0.06056095 -0.01162843 0.26585126 109 109 109
-0.08076866 -0.04191098 0.29649508 108 108 108
-0.06353121 -0.01614580 0.27066591 116 116 116
-0.07957277 -0.04048284 0.29568604 115 115 115
-0.07900762 -0.03963005 0.29503223 109 109 109
-0.06384615 -0.01408250 0.26659539 118 118 118
-0.06155246 -0.01196175 0.26604065 98 98 98
-0.06382094 -0.01583000 0.27053669 118 118 118
-0.05943659 -0.01016447 0.26572597 94 94 94
-0.08099633 -0.04129801 0.29610422 101 101 101
-0.06411525 -0.01549414 0.26969114 113 113 113
-0.07993871 -0.04024068 0.29579413 112 112 112
-0.06436787 -0.01436225 0.26730576 128 128 128
-0.06090579 -0.01107835 0.26608464 105 105 105
-0.08133573 -0.04129554 0.29623881 114 114 114
-0.05926367 -0.00963481 0.26586670 108 108 108
-0.07988376 -0.03983898 0.29576072 112 112 112
-0.05949089 -0.00971433 0.26590645 93 93 93
-0.08045553 -0.04019003 0.29577914 109 109 109
-0.06475432 -0.01460366 0.26814425 119 119 119
-0.07904015 -0.03821865 0.29421601 107 107 107
-0.06227521 -0.01166788 0.26617214 96 96 96
-0.08154052 -0.04137421 0.29702511 113 113 113
-0.06469744 -0.01486855 0.26913029 92 92 92
-0.07982778 -0.03905297 0.29513055 103 103 103
-0.06433078 -0.01328554 0.26682720 124 124 124
-0.06138525 -0.01071577 0.26626629 93 93 93
-0.08167522 -0.04056378 0.29593185 110 110 110
-0.07989840 -0.03843370 0.29448718 123 123 123
-0.06343173 -0.01208514 0.26642922 107 107 107
-0.08381075 -0.01939492 0.27173579 123 123 123
-0.06031102 -0.00958416 0.26627550 93 93 93
-0.08095586 -0.03953602 0.29546797 106 106 106
-0.06201152 -0.01075906 0.26634717 90 90 90
-0.08187156 -0.04022418 0.29584023 117 117 117
-0.06340411 -0.01176138 0.26651081 107 107 107
-0.08184025 -0.04092780 0.29749727 112 112 112
-0.06242226 -0.01084752 0.26640078 93 93 93
-0.06273351 -0.01099379 0.26643285 93 93 93
-0.08195208 -0.03989029 0.29575235 132 132 132
-0.06897935 -0.01795784 0.27130756 97 97 97
-0.06114513 -0.00973176 0.26649365 87 87 87
-0.08430812 -0.03957867 0.29177108 81 81 81
-0.06903604 -0.01790930 0.27130270 106 106 106
-0.06214846 -0.01035736 0.26648766 89 89 89
-0.08220631 -0.04013032 0.29624751 125 125 125
-0.06387036 -0.01172468 0.26688531 117 117 117
-0.09040995 -0.03050339 0.28396907 123 123 123
-0.06882989 -0.01567950 0.26756880 88 88 88
-0.06914183 -0.01581790 0.26762435 94 94 94
-0.06954548 -0.01622977 0.26811841 87 87 87
-0.08492004 -0.03888063 0.29063454 97 97 97
-0.06953267 -0.01775136 0.27139050 105 105 105
-0.06210753 -0.00983513 0.26665485 89 89 89
-0.08225483 -0.03956613 0.29616460 127 127 127
-0.07002579 -0.01839378 0.27215099 98 98 98
-0.06319741 -0.01059682 0.26677945 105 105 105
-0.08234078 -0.04006724 0.29731345 117 117 117
-0.06464598 -0.01214580 0.26794693 123 123 123
-0.06998343 -0.01655881 0.26896480 87 87 87
-0.08538394 -0.03876176 0.29063681 107 107 107
-0.07003843 -0.01772125 0.27145699 91 91 91
-0.06241102 -0.00967231 0.26679814 90 90 90
-0.08537422 -0.03938354 0.29198670 112 112 112
-0.06369137 -0.01069055 0.26715064 114 114 114
-0.06461027 -0.01176669 0.26812115 119 119 119
-0.06986557 -0.01536155 0.26773697 109 109 109
-0.07056344 -0.01628093 0.26865825 101 101 101
-0.07074896 -0.01644422 0.26894608 95 95 95
-0.08848268 -0.01787454 0.28071254 66 66 66
-0.08563784 -0.03813528 0.29030651 97 97 97
-0.08567426 -0.03800573 0.29025134 105 105 105
-0.08881097 -0.01877007 0.28188530 55 55 55
-0.08603563 -0.03879276 0.29145932 129 129 129
-0.06346015 -0.00982763 0.26738921 107 107 107
-0.08222400 -0.03940248 0.29865384 111 111 111
-0.08635704 -0.01467580 0.27714708 66 66 66
-0.08869422 -0.01855808 0.28136948 56 56 56
-0.08869601 -0.01864182 0.28132293 58 58 58
-0.07002880 -0.01468972 0.26794282 106 106 106
-0.07030305 -0.01485024 0.26810002 110 110 110
-0.08759196 -0.01694920 0.27935708 66 66 66
-0.07127799 -0.01580911 0.26878449 125 125 125
-0.07085370 -0.01521488 0.26843590 116 116 116
-0.08696740 -0.01606438 0.27837029 63 63 63
-0.07004988 -0.01431363 0.26806146 107 107 107
-0.08709443 -0.01635247 0.27848917 65 65 65
-0.08782642 -0.01756130 0.27981916 69 69 69
-0.07127278 -0.01548632 0.26874274 127 127 127
-0.08948676 -0.02107783 0.28440219 66 66 66
-0.09032784 -0.02264827 0.28622350 39 39 39
-0.07180638 -0.01625428 0.26977450 122 122 122
-0.08870916 -0.01910599 0.28131497 58 58 58
-0.08617029 -0.03699977 0.28988850 132 132 132
-0.08541342 -0.01426116 0.27660379 64 64 64
-0.08642652 -0.03811320 0.29194835 125 125 125
-0.08890609 -0.01996395 0.28252783 58 58 58
-0.06403133 -0.00970742 0.26889026 104 104 104
-0.08840121 -0.02198940 0.27871254 111 111 111
-0.08765855 -0.02088681 0.27770796 122 122 122
-0.06366505 -0.00918585 0.26859394 98 98 98
-0.08540033 -0.01441327 0.27662441 64 64 64
-0.08876370 -0.01956875 0.28169608 58 58 58
-0.06393862 -0.00948971 0.26904643 96 96 96
-0.06400613 -0.00959234 0.26930311 109 109 109
-0.09018724 -0.02281900 0.28594038 52 52 52
-0.08531980 -0.01791749 0.27533507 118 118 118
-0.06375168 -0.00917190 0.26912791 91 91 91
-0.08845116 -0.01908088 0.28072584 70 70 70
-0.09030995 -0.02349892 0.28691074 57 57 57
-0.06371229 -0.00909362 0.26924410 87 87 87
-0.06944133 -0.01281194 0.26822677 101 101 101
-0.08914596 -0.02119984 0.28382263 74 74 74
-0.06940213 -0.01266016 0.26827818 99 99 99
-0.08846134 -0.01930699 0.28072688 69 69 69
-0.09030621 -0.02363960 0.28673431 59 59 59
-0.06350770 -0.00867620 0.26949590 93 93 93
-0.08736132 -0.01750911 0.27857211 71 71 71
-0.07667121 -0.01849837 0.26936209 96 96 96
-0.08666825 -0.03757259 0.29272693 126 126 126
-0.07668850 -0.01808551 0.26872846 81 81 81
-0.08678079 -0.01670720 0.27761376 64 64 64
-0.08905659 -0.02159874 0.28402707 80 80 80
-0.08825355 -0.03616553 0.28773820 114 114 114
-0.07031858 -0.01309604 0.26862270 106 106 106
-0.08951645 -0.02229598 0.28459865 68 68 68
-0.09034552 -0.02421055 0.28714558 65 65 65
-0.06975356 -0.01240970 0.26855728 94 94 94
-0.08736224 -0.01790801 0.27877781 73 73 73
-0.08992876 -0.02297442 0.28498992 63 63 63
-0.06985936 -0.01240633 0.26861790 96 96 96
-0.08831276 -0.01967279 0.28061080 67 67 67
-0.08863160 -0.03547179 0.28657621 104 104 104
-0.06940714 -0.01195184 0.26861978 97 97 97
-0.08872510 -0.03536653 0.28647622 102 102 102
-0.06936374 -0.01182079 0.26866454 94 94 94
-0.08691661 -0.01732872 0.27777341 65 65 65
-0.08937573 -0.02253323 0.28457984 64 64 64
-0.06577431 -0.00934203 0.26948583 56 56 56
-0.08748866 -0.01887120 0.27983752 107 107 107
-0.08885497 -0.03516772 0.28629431 107 107 107
-0.06919404 -0.01149316 0.26877019 93 93 93
-0.08893579 -0.03541537 0.28691968 114 114 114
-0.08274698 -0.01286327 0.27493525 62 62 62
-0.06485373 -0.00836880 0.26933470 54 54 54
-0.08763016 -0.01914772 0.27994153 105 105 105
-0.09020397 -0.02408906 0.28598163 60 60 60
-0.07276081 -0.01048530 0.27087185 53 53 53
-0.07766067 -0.01814292 0.26958039 109 109 109
-0.08285043 -0.03737299 0.30070928 64 64 64
-0.07756551 -0.01764176 0.26896769 113 113 113
-0.08378422 -0.01945947 0.27168399 124 124 124
-0.08702543 -0.01793434 0.27795044 72 72 72
-0.09009022 -0.02386357 0.28518394 62 62 62
-0.09010408 -0.02534987 0.28830317 62 62 62
-0.08199222 -0.02175399 0.27089846 96 96 96
-0.06514233 -0.00819506 0.26947626 56 56 56
-0.08408436 -0.01457755 0.27564213 108 108 108
-0.08921898 -0.03436038 0.28547379 101 101 101
-0.07794531 -0.01799963 0.26977244 110 110 110
-0.09018119 -0.02433972 0.28585118 62 62 62
-0.08363526 -0.03676840 0.29916647 63 63 63
-0.07691109 -0.01650205 0.26856673 106 106 106
-0.08359290 -0.01421292 0.27548084 98 98 98
-0.08834234 -0.02049097 0.28059661 64 64 64
-0.08710992 -0.03597081 0.29241058 125 125 125
-0.07051018 -0.01188706 0.26935476 107 107 107
-0.09037912 -0.02709245 0.29102170 58 58 58
-0.08208590 -0.02127453 0.27066323 117 117 117
-0.08450218 -0.01512721 0.27564201 115 115 115
-0.08864088 -0.02121619 0.28138363 68 68 68
-0.08933342 -0.03389308 0.28523213 121 121 121
-0.07820411 -0.01796651 0.27018395 111 111 111
-0.07826670 -0.01771984 0.26983592 126 126 126
-0.08872682 -0.02220261 0.28313482 114 114 114
-0.09035079 -0.02723065 0.29087943 58 58 58
-0.08329695 -0.03693694 0.30117142 63 63 63
-0.07826271 -0.01749084 0.26964724 139 139 139
-0.08465911 -0.01544833 0.27556461 117 117 117
-0.08315821 -0.03700085 0.30170381 64 64 64
-0.08861735 -0.02147897 0.28151646 68 68 68
-0.07838135 -0.01759535 0.26986876 130 130 130
-0.09027894 -0.02741640 0.29115325 57 57 57
-0.07831759 -0.01736182 0.26967004 149 149 149
-0.08495694 -0.01599442 0.27593935 120 120 120
-0.08844838 -0.02198177 0.28267199 109 109 109
-0.08381739 -0.03658210 0.30032995 59 59 59
-0.07777625 -0.01658204 0.26917773 122 122 122
-0.08418607 -0.03617369 0.29919890 62 62 62
-0.07753143 -0.01622952 0.26907566 116 116 116
-0.08501229 -0.01616430 0.27597481 122 122 122
-0.08835305 -0.02192131 0.28253710 102 102 102
-0.09032858 -0.02730210 0.29036194 56 56 56
-0.08708958 -0.03586105 0.29426816 120 120 120
-0.08898228 -0.02679189 0.27843153 130 130 130
-0.08598419 -0.01743599 0.27679276 68 68 68
-0.08705992 -0.03474104 0.29223269 132 132 132
-0.08246214 -0.02056585 0.27066350 118 118 118
-0.06763191 -0.00874890 0.26968095 60 60 60
-0.08951405 -0.02580355 0.28844082 71 71 71
-0.07784174 -0.01626413 0.26934078 122 122 122
-0.08626109 -0.01782317 0.27690792 69 69 69
-0.08914318 -0.02323286 0.28336713 111 111 111
-0.08723573 -0.03490008 0.29279193 124 124 124
-0.08382234 -0.02218125 0.27231723 108 108 108
-0.07126064 -0.01168339 0.27054754 105 105 105
-0.08181689 -0.01313729 0.27429587 62 62 62
-0.08932919 -0.03409184 0.28808853 115 115 115
-0.08383682 -0.02203905 0.27216867 113 113 113
-0.07120810 -0.01154619 0.27058434 104 104 104
-0.08844942 -0.02161850 0.28092632 68 68 68
-0.09023411 -0.02713311 0.28947496 63 63 63
-0.07710499 -0.01529729 0.26921344 106 106 106
-0.08315877 -0.01453608 0.27479044 108 108 108
-0.08764238 -0.01999178 0.27864662 120 120 120
-0.08700057 -0.03423242 0.29250860 129 129 129
-0.08649989 -0.02495740 0.27441031 102 102 102
-0.07847278 -0.01657974 0.26987338 128 128 128
-0.08964977 -0.02640537 0.28872430 68 68 68
-0.08729173 -0.03496265 0.29372969 119 119 119
-0.08372205 -0.02130107 0.27152050 135 135 135
-0.07075233 -0.01081246 0.27047515 99 99 99
-0.08541544 -0.01740181 0.27674329 70 70 70
-0.08909994 -0.02330626 0.28288424 117 117 117
-0.08992267 -0.03337817 0.28663492 114 114 114
-0.08814619 -0.02774591 0.27791139 107 107 107
-0.08287276 -0.02018618 0.27081260 118 118 118
-0.06831020 -0.00847295 0.26979998 51 51 51
-0.09032949 -0.03230692 0.28403711 116 116 116
-0.08625885 -0.01882817 0.27798492 85 85 85
-0.08256690 -0.01983391 0.27077508 117 117 117
-0.08981462 -0.02483750 0.28468883 68 68 68
-0.09035110 -0.03239229 0.28433347 124 124 124
-0.08795163 -0.02714457 0.27747351 118 118 118
-0.08324874 -0.02035468 0.27097318 124 124 124
-0.08013676 -0.01200844 0.27379689 56 56 56
-0.08624627 -0.01889236 0.27802333 97 97 97
-0.08998578 -0.03307921 0.28653073 121 121 121
-0.08860150 -0.02786666 0.27813420 126 126 126
-0.08417367 -0.02142566 0.27195957 135 135 135
-0.07142217 -0.01114490 0.27099982 62 62 62
-0.08459209 -0.01611887 0.27471447 119 119 119
-0.08880155 -0.02805006 0.27844456 125 125 125
-0.08448771 -0.02177170 0.27239507 130 130 130
-0.08516803 -0.01713164 0.27581906 118 118 118
-0.08823064 -0.02191884 0.28076610 69 69 69
-0.09005462 -0.02744815 0.28925496 65 65 65
-0.08707990 -0.03390296 0.29322451 117 117 117
-0.08933580 -0.02907330 0.27985388 113 113 113
-0.08620203 -0.02374589 0.27391481 115 115 115
-0.07821747 -0.01564987 0.27000180 121 121 121
-0.08423402 -0.01584189 0.27449694 112 112 112
-0.08821937 -0.02120347 0.27903765 109 109 109
-0.08719578 -0.03363465 0.29530483 115 115 115
-0.09012040 -0.03053415 0.28182730 133 133 133
-0.08742961 -0.02509616 0.27497998 132 132 132
-0.07927182 -0.01702657 0.27134389 140 140 140
-0.07813557 -0.01094245 0.27273417 54 54 54
-0.08981650 -0.02937479 0.29362389 111 111 111
-0.09042786 -0.03195470 0.28441596 110 110 110
-0.08842646 -0.02703414 0.27762604 126 126 126
-0.08418356 -0.02093818 0.27183399 148 148 148
-0.07984097 -0.01196919 0.27351245 60 60 60
-0.08515309 -0.01753308 0.27618861 111 111 111
-0.08881778 -0.02319149 0.28198972 116 116 116
-0.08992019 -0.02840216 0.29099947 60 60 60
-0.08978521 -0.02995411 0.29445893 60 60 60
-0.08921255 -0.02812320 0.27881867 130 130 130
-0.08488088 -0.02197657 0.27307972 135 135 135
-0.07738132 -0.01457038 0.26980090 104 104 104
-0.08414593 -0.01591923 0.27434149 108 108 108
-0.08728688 -0.03409729 0.29425457 117 117 117
-0.08970802 -0.02964485 0.28133869 125 125 125
-0.08706856 -0.02426968 0.27449366 131 131 131
-0.07894909 -0.01615736 0.27075610 130 130 130
-0.08806085 -0.02208700 0.28070888 69 69 69
-0.08989531 -0.02758997 0.28908515 67 67 67
-0.08510737 -0.03470346 0.29926220 61 61 61
-0.09027462 -0.03035710 0.28209719 131 131 131
-0.08772077 -0.02499523 0.27523848 193 193 193
-0.08123544 -0.01351041 0.27389130 62 62 62
-0.08711657 -0.02004408 0.27777264 115 115 115
-0.08967167 -0.03197756 0.28661254 132 132 132
-0.08881721 -0.02712220 0.27803034 140 140 140
-0.08454052 -0.02095435 0.27220780 142 142 142
-0.07230822 -0.01071664 0.27070493 53 53 53
-0.08990266 -0.02840726 0.29057622 59 59 59
-0.08973547 -0.03007332 0.29432392 60 60 60
-0.07999484 -0.01245578 0.27356756 57 57 57
-0.08977563 -0.02885096 0.28027004 128 128 128
-0.08687466 -0.02375152 0.27442661 125 125 125
-0.07873428 -0.01562028 0.27072477 125 125 125
-0.08711203 -0.02011675 0.27769276 113 113 113
-0.08958841 -0.02553377 0.28490534 67 67 67
-0.08960794 -0.03178149 0.28680170 135 135 135
-0.08887862 -0.02700066 0.27812490 134 134 134
-0.08480688 -0.02108901 0.27251658 143 143 143
-0.07894991 -0.01148121 0.27296495 59 59 59
-0.08719960 -0.03364232 0.29461354 112 112 112
-0.08982360 -0.02927940 0.28160214 122 122 122
-0.08745857 -0.02419187 0.27491662 129 129 129
-0.07927796 -0.01620473 0.27153870 136 136 136
-0.08569175 -0.01866956 0.27680728 74 74 74
-0.08806558 -0.02262653 0.28117776 102 102 102
-0.08958814 -0.02756112 0.28878984 66 66 66
-0.08983837 -0.03193714 0.28713536 123 123 123
-0.08908683 -0.02712416 0.27849585 130 130 130
-0.08507855 -0.02129416 0.27289680 143 143 143
-0.07991340 -0.01257220 0.27346721 59 59 59
-0.08631524 -0.01959774 0.27743474 105 105 105
-0.08714826 -0.03393299 0.29571456 114 114 114
-0.09025935 -0.02969121 0.28208867 131 131 131
-0.08786929 -0.02456535 0.27538654 125 125 125
-0.08948557 -0.02560597 0.28472996 67 67 67
-0.08940984 -0.02676649 0.28872412 79 79 79
-0.05007426 -0.01783951 0.27011845 88 88 88
-0.08220676 -0.03779753 0.29755816 113 113 113
-0.08083602 -0.04086934 0.29960042 115 115 115
-0.05212985 -0.01497288 0.26807368 115 115 115
-0.05134561 -0.01749304 0.26972711 89 89 89
-0.05139610 -0.01752557 0.27004996 98 98 98
-0.08027683 -0.04095706 0.30009869 114 114 114
-0.08182870 -0.04026780 0.29882637 124 124 124
-0.08734091 -0.03280465 0.29242364 70 70 70
-0.08168343 -0.04056028 0.29872093 126 126 126
-0.07169989 -0.04202248 0.30585113 61 61 61
-0.07042727 -0.04259184 0.30733547 60 60 60
-0.08949529 -0.02681713 0.28833058 98 98 98
-0.08813505 -0.03292827 0.29150188 106 106 106
-0.08232989 -0.03828958 0.29734591 115 115 115
-0.07562070 -0.04039657 0.30257851 116 116 116
-0.06953116 -0.04328055 0.30764186 63 63 63
-0.07546892 -0.04045236 0.30319232 112 112 112
-0.08060222 -0.04083662 0.29995173 114 114 114
-0.08674267 -0.03668978 0.29434803 132 132 132
-0.08922178 -0.02908814 0.28983814 68 68 68
-0.08668671 -0.03707208 0.29390723 135 135 135
-0.08209454 -0.04021569 0.29811084 126 126 126
-0.07440756 -0.04188108 0.30382672 114 114 114
-0.08237144 -0.03854112 0.29720870 122 122 122
-0.05255586 -0.01573339 0.26987514 121 121 121
-0.07205687 -0.04188141 0.30607793 62 62 62
-0.07471909 -0.04126282 0.30410972 112 112 112
-0.08575168 -0.03740660 0.29537609 126 126 126
-0.05465715 -0.01464819 0.26831150 94 94 94
-0.08940256 -0.03035212 0.29036322 110 110 110
-0.08657891 -0.03319356 0.29231346 72 72 72
-0.08157477 -0.04083353 0.29847422 122 122 122
-0.05833684 -0.01435563 0.26627848 97 97 97
-0.06924030 -0.04336565 0.30753967 66 66 66
-0.08969122 -0.02692542 0.28785226 102 102 102
-0.08886776 -0.03269115 0.29053089 117 117 117
-0.08539926 -0.03821585 0.29484597 128 128 128
-0.07559004 -0.04094945 0.30236575 121 121 121
-0.05245429 -0.01609272 0.27051297 113 113 113
-0.07484204 -0.04109546 0.30409965 112 112 112
-0.08213548 -0.03966499 0.29870993 121 121 121
-0.05492531 -0.01463047 0.26862383 101 101 101
-0.07523251 -0.04161470 0.30274293 127 127 127
-0.06708080 -0.04435510 0.30912763 61 61 61
-0.05442766 -0.01521744 0.26919231 99 99 99
-0.08624581 -0.03776310 0.29393303 135 135 135
-0.07108260 -0.04223260 0.30558535 60 60 60
-0.04412096 -0.04877066 0.30849448 63 63 63
-0.07141656 -0.04185076 0.30512285 65 65 65
-0.08981915 -0.02715819 0.28746611 98 98 98
-0.08576272 -0.03823432 0.29423040 133 133 133
-0.07533803 -0.04163263 0.30236545 129 129 129
-0.06685372 -0.04429505 0.30897343 60 60 60
-0.07267965 -0.04147314 0.30585459 65 65 65
-0.08985902 -0.02738650 0.28739551 103 103 103
-0.08200162 -0.03795017 0.29648313 102 102 102
-0.04103690 -0.05138121 0.31063205 104 104 104
-0.06580468 -0.04479739 0.30969140 59 59 59
-0.07665884 -0.04029888 0.30274117 65 65 65
-0.05597806 -0.01453467 0.26862562 98 98 98
-0.08177947 -0.04003488 0.29929307 122 122 122
-0.08224353 -0.03777554 0.29816207 109 109 109
-0.05607936 -0.01451670 0.26869926 99 99 99
-0.08948894 -0.02533877 0.28676850 73 73 73
-0.05639151 -0.01446939 0.26880899 100 100 100
-0.07514323 -0.04194424 0.30239442 129 129 129
-0.04414186 -0.04852046 0.30744541 66 66 66
-0.04058587 -0.05157974 0.31088197 107 107 107
-0.05946067 -0.01441305 0.26735622 92 92 92
-0.08963812 -0.03159639 0.28887904 113 113 113
-0.08926191 -0.03265962 0.28952375 123 123 123
-0.05961999 -0.01438612 0.26743779 92 92 92
-0.05631817 -0.01786629 0.27086747 112 112 112
-0.05945892 -0.01441505 0.26776338 98 98 98
-0.07513680 -0.04054382 0.30401483 109 109 109
-0.06153330 -0.01443226 0.26681080 87 87 87
-0.08829569 -0.03187367 0.29206291 104 104 104
-0.08994918 -0.02764818 0.28714207 100 100 100
-0.07537038 -0.04173756 0.30195683 132 132 132
-0.08930387 -0.03036995 0.29079643 116 116 116
-0.08989036 -0.02836775 0.28966314 63 63 63
-0.08629691 -0.03808608 0.29330793 133 133 133
-0.05671430 -0.01788363 0.27140704 114 114 114
-0.07385628 -0.04267486 0.30318511 113 113 113
-0.06529412 -0.04483666 0.30960840 59 59 59
-0.05928849 -0.01443036 0.26864651 105 105 105
-0.08125621 -0.04025291 0.29992127 117 117 117
-0.08931752 -0.03281727 0.28924355 123 123 123
-0.08207231 -0.03848836 0.29613164 116 116 116
-0.07083955 -0.04208597 0.30479556 64 64 64
-0.06547489 -0.04461764 0.30933043 61 61 61
-0.05027310 -0.04957479 0.30405542 83 83 83
-0.08891730 -0.03113321 0.29145610 119 119 119
-0.08938830 -0.03274292 0.28906885 125 125 125
-0.08051210 -0.04185879 0.29830697 118 118 118
-0.05810271 -0.01468565 0.26970324 109 109 109
-0.08218723 -0.03915413 0.29610756 124 124 124
-0.04151302 -0.05140465 0.31135198 98 98 98
-0.06839907 -0.04413758 0.30702877 113 113 113
-0.08179805 -0.03984088 0.29953095 120 120 120
-0.05862871 -0.01457650 0.26959732 96 96 96
-0.08778024 -0.03206709 0.29264835 73 73 73
-0.09012169 -0.02827772 0.28671417 102 102 102
-0.08207134 -0.03884789 0.29598123 122 122 122
-0.05694794 -0.01791039 0.27205855 108 108 108
-0.06877065 -0.04390250 0.30663702 116 116 116
-0.08990066 -0.02936523 0.28719819 111 111 111
-0.06239017 -0.01485606 0.26780888 83 83 83
-0.08202183 -0.03943402 0.29932874 117 117 117
-0.08709230 -0.03567416 0.29455489 118 118 118
-0.06260199 -0.01487065 0.26793554 95 95 95
-0.07469035 -0.04267096 0.30201617 126 126 126
-0.06409403 -0.04514739 0.30986959 57 57 57
-0.08825030 -0.03156324 0.29229271 100 100 100
-0.08836436 -0.03459372 0.28992188 118 118 118
-0.07572653 -0.04117104 0.30065429 119 119 119
-0.06423373 -0.04491135 0.30959386 61 61 61
-0.08968313 -0.03253666 0.28819555 120 120 120
-0.07334889 -0.04112599 0.30586037 67 67 67
-0.07733618 -0.03993256 0.30270588 65 65 65
-0.08230675 -0.03813607 0.29876202 107 107 107
-0.08877395 -0.03100545 0.29181907 112 112 112
-0.08884772 -0.03430442 0.28930715 121 121 121
-0.08500811 -0.03930056 0.29370400 130 130 130
-0.06303024 -0.01489211 0.26813573 92 92 92
-0.06409176 -0.04484716 0.30949008 64 64 64
-0.09025932 -0.02938442 0.28642422 113 113 113
-0.08939325 -0.03340114 0.28848788 124 124 124
-0.08018170 -0.04227835 0.29785576 114 114 114
-0.06802288 -0.04474288 0.30674198 119 119 119
-0.08952952 -0.02558513 0.28537008 67 67 67
-0.08792051 -0.03514971 0.29001901 117 117 117
-0.08191956 -0.03980260 0.29568985 127 127 127
-0.06862134 -0.04446759 0.30616224 121 121 121
-0.08897999 -0.03059822 0.29164034 116 116 116
-0.09030361 -0.02950039 0.28624994 113 113 113
-0.08669336 -0.03536022 0.29079971 118 118 118
-0.07555562 -0.04174914 0.30047500 133 133 133
-0.06258240 -0.01496531 0.26873845 102 102 102
-0.07442090 -0.04308053 0.30160746 125 125 125
-0.06323255 -0.04522937 0.30974203 57 57 57
-0.07419906 -0.04054270 0.30533704 70 70 70
-0.08168245 -0.03969759 0.29997513 117 117 117
-0.08777314 -0.03335928 0.29354885 67 67 67
-0.08942162 -0.03366295 0.28816047 127 127 127
-0.08602042 -0.03894262 0.29237917 126 126 126
-0.07511657 -0.04246901 0.30081257 118 118 118
-0.08020177 -0.04242006 0.29737431 115 115 115
-0.08101410 -0.04004487 0.30063108 113 113 113
-0.07529186 -0.04226616 0.30042177 136 136 136
-0.08901700 -0.03029460 0.29171196 116 116 116
-0.06184720 -0.01500767 0.26947954 120 120 120
-0.08789595 -0.03561901 0.28958857 118 118 118
-0.06910262 -0.04244445 0.30439532 110 110 110
-0.06841090 -0.04486706 0.30579516 125 125 125
-0.08894662 -0.03481786 0.28851524 119 119 119
-0.07523805 -0.04239335 0.30029047 120 120 120
-0.06897099 -0.04433506 0.30511743 111 111 111
-0.07601508 -0.04060972 0.30427864 66 66 66
-0.08304238 -0.03634625 0.29798895 66 66 66
-0.08935855 -0.03416174 0.28789431 117 117 117
-0.06906153 -0.04236699 0.30416185 97 97 97
-0.09013385 -0.03121922 0.28616485 119 119 119
-0.08081584 -0.03914616 0.29521006 109 109 109
-0.09038306 -0.03049247 0.28564721 114 114 114
-0.08480687 -0.03959031 0.29269215 121 121 121
-0.08018640 -0.04243328 0.29677662 100 100 100
-0.08795530 -0.03328948 0.29370916 68 68 68
-0.08551589 -0.03934466 0.29203784 138 138 138
-0.09023470 -0.03141388 0.28588977 110 110 110
-0.07952616 -0.04274753 0.29710072 102 102 102
-0.06168239 -0.04572445 0.30981252 55 55 55
-0.07787549 -0.03954997 0.30283424 73 73 73
-0.08916239 -0.02548109 0.28424272 68 68 68
-0.08018433 -0.03901669 0.29516274 99 99 99
-0.04374503 -0.04934406 0.30925390 59 59 59
-0.08824734 -0.03592198 0.28867862 125 125 125
-0.06922093 -0.04403897 0.30408335 116 116 116
-0.06488216 -0.01420135 0.26812309 119 119 119
-0.07374869 -0.04386093 0.30096012 126 126 126
-0.08217169 -0.03823949 0.29962060 112 112 112
-0.08890557 -0.02997834 0.29209977 110 110 110
-0.08491973 -0.03953464 0.29196873 122 122 122
-0.06161732 -0.04539770 0.30927289 65 65 65
-0.07395294 -0.04381052 0.30060449 128 128 128
-0.08919392 -0.02530603 0.28363147 98 98 98
-0.06489695 -0.01362861 0.26804817 114 114 114
-0.08213379 -0.03757839 0.29950485 98 98 98
-0.08641889 -0.03580607 0.29599059 124 124 124
-0.09043371 -0.03129121 0.28498411 118 118 118
-0.08441351 -0.03963929 0.29204401 106 106 106
-0.06683651 -0.04577961 0.30574661 117 117 117
-0.07943977 -0.04224087 0.29614404 90 90 90
-0.05843340 -0.04645233 0.31129739 56 56 56
-0.07557700 -0.04071710 0.30511591 67 67 67
-0.08211965 -0.03820641 0.29985914 115 115 115
-0.08789042 -0.03642797 0.28837815 124 124 124
-0.06811395 -0.04552808 0.30462149 130 130 130
-0.07376300 -0.04401554 0.30028021 125 125 125
-0.08948489 -0.02490074 0.28277755 111 111 111
-0.06919650 -0.04373492 0.30299437 128 128 128
-0.07824316 -0.03929598 0.30292276 66 66 66
-0.08720072 -0.03361541 0.29487249 114 114 114
-0.08559464 -0.03747405 0.28993228 95 95 95
-0.08892760 -0.02931099 0.29215714 108 108 108
-0.05723665 -0.04695505 0.31185693 58 58 58
-0.09029947 -0.03247435 0.28492847 126 126 126
-0.06918320 -0.04373616 0.30280346 127 127 127
-0.05751113 -0.04689368 0.31153193 56 56 56
-0.06915963 -0.04405753 0.30282882 121 121 121
-0.08167937 -0.03892039 0.30064124 112 112 112
-0.06453591 -0.01509053 0.26944992 105 105 105
-0.08958885 -0.02598193 0.28270558 110 110 110
-0.05757016 -0.04688976 0.31125912 57 57 57
-0.08959313 -0.02618827 0.28267252 109 109 109
-0.07379603 -0.04397175 0.29963073 107 107 107
-0.05973848 -0.04616208 0.30947170 59 59 59
-0.08310460 -0.03709143 0.29908183 63 63 63
-0.08802977 -0.03615957 0.28739789 93 93 93
-0.06843921 -0.04552133 0.30357227 134 134 134
-0.05746449 -0.04693551 0.31114805 57 57 57
-0.08862685 -0.03552811 0.28664979 109 109 109
-0.06699996 -0.04613736 0.30460057 124 124 124
-0.08968293 -0.02613476 0.28231627 108 108 108
-0.07321851 -0.04426385 0.29976910 98 98 98
-0.05543692 -0.04752108 0.31242311 59 59 59
-0.07851505 -0.03912153 0.30299890 65 65 65
-0.08720710 -0.03418176 0.29537535 116 116 116
-0.09029670 -0.03254608 0.28425646 131 131 131
-0.06746535 -0.04610390 0.30407816 124 124 124
-0.07641102 -0.04024840 0.30493313 61 61 61
-0.06400264 -0.04683487 0.30638045 119 119 119
-0.08252322 -0.03729930 0.29972842 67 67 67
-0.06611571 -0.04632420 0.30471176 119 119 119
-0.04220377 -0.05107406 0.31103170 107 107 107
-0.08976304 -0.02670786 0.28196040 111 111 111
-0.05896540 -0.04622767 0.30913681 52 52 52
-0.05699828 -0.04703213 0.31058499 59 59 59
-0.08196402 -0.03762611 0.30040035 106 106 106
-0.08961742 -0.02871372 0.29194242 67 67 67
-0.05690670 -0.04703247 0.31053981 59 59 59
-0.08788855 -0.02017413 0.28035825 95 95 95
-0.07312682 -0.04329200 0.29862323 93 93 93
-0.05451018 -0.04783716 0.31227058 59 59 59
-0.08786788 -0.01994260 0.28017101 100 100 100
-0.07284227 -0.04208618 0.29823792 103 103 103
-0.05669741 -0.04701470 0.31046250 59 59 59
-0.06334690 -0.01721560 0.27186891 116 116 116
-0.06395089 -0.04710830 0.30575594 113 113 113
-0.06502227 -0.04678224 0.30483383 123 123 123
-0.05412413 -0.04796724 0.31224224 60 60 60
-0.08988030 -0.02750810 0.28145030 111 111 111
-0.05637563 -0.04697576 0.31032920 62 62 62
-0.08373469 -0.03662702 0.29902303 64 64 64
-0.08791033 -0.02204956 0.28053743 71 71 71
-0.05414416 -0.04797893 0.31199363 61 61 61
-0.08988879 -0.02751519 0.28124136 113 113 113
-0.06476221 -0.04696191 0.30474883 121 121 121
-0.06309473 -0.01737464 0.27240103 116 116 116
-0.08127223 -0.03866920 0.30159053 100 100 100
-0.08387433 -0.03633241 0.29890901 69 69 69
-0.08831725 -0.03321537 0.29478461 68 68 68
-0.08978867 -0.03189909 0.28282863 99 99 99
-0.05354195 -0.04816645 0.31206536 62 62 62
-0.08115426 -0.03865505 0.30177695 96 96 96
-0.04453199 -0.04857591 0.30861592 57 57 57
-0.06454642 -0.04712043 0.30452037 122 122 122
-0.08797748 -0.02173744 0.27976581 103 103 103
-0.08819007 -0.02150872 0.27942428 108 108 108
-0.05397595 -0.04766629 0.31121710 61 61 61
-0.08756236 -0.02222390 0.28001326 113 113 113
-0.05097624 -0.04844670 0.31333581 55 55 55
-0.06412822 -0.04735704 0.30445132 116 116 116
-0.06327396 -0.01693884 0.27254134 112 112 112
-0.08997189 -0.02865577 0.28070953 127 127 127
-0.08711740 -0.03366305 0.29608059 123 123 123
-0.05058421 -0.04851028 0.31340113 59 59 59
-0.04133902 -0.05084082 0.30900267 102 102 102
-0.05326043 -0.04789622 0.31130216 68 68 68
-0.08710817 -0.03312376 0.29598549 100 100 100
-0.08952405 -0.02914405 0.29292065 68 68 68
-0.06502204 -0.04643101 0.30307320 93 93 93
-0.06412474 -0.04731508 0.30390307 121 121 121
-0.07938676 -0.03871282 0.30335498 64 64 64
-0.06755023 -0.04265311 0.29982182 93 93 93
-0.08834671 -0.03318952 0.29528475 65 65 65
-0.05622094 -0.04690293 0.30853918 111 111 111
-0.08838616 -0.02310319 0.27889785 129 129 129
-0.05588896 -0.04721183 0.30875126 111 111 111
-0.08652838 -0.03439358 0.29707164 123 123 123
-0.05004565 -0.04864937 0.31277207 56 56 56
-0.08848809 -0.02255177 0.27828297 114 114 114
-0.08946201 -0.02990607 0.29354048 60 60 60
-0.08842752 -0.02363159 0.27864414 132 132 132
-0.05693367 -0.04658475 0.30746058 111 111 111
-0.06344256 -0.04753854 0.30357173 82 82 82
-0.06311297 -0.04329508 0.30196261 99 99 99
-0.05588058 -0.04769636 0.30832237 121 121 121
-0.07067642 -0.01653900 0.26907930 90 90 90
-0.08838162 -0.02417975 0.27847880 133 133 133
-0.05720246 -0.04626937 0.30677667 99 99 99
-0.08864445 -0.02355779 0.27801204 114 114 114
-0.06514342 -0.04292161 0.30026898 116 116 116
-0.07050791 -0.01668553 0.26945290 92 92 92
-0.06891354 -0.01688267 0.27055767 94 94 94
-0.04192724 -0.05126604 0.31138408 102 102 102
-0.05634180 -0.04785310 0.30754033 121 121 121
-0.08869715 -0.02390629 0.27775007 112 112 112
-0.06843243 -0.01866932 0.27166617 88 88 88
-0.06139183 -0.04404193 0.30260262 106 106 106
-0.05433090 -0.04834659 0.30864823 120 120 120
-0.06082366 -0.04715529 0.30390257 92 92 92
-0.08605377 -0.03429138 0.29796109 110 110 110
-0.06078146 -0.04711200 0.30383733 84 84 84
-0.06521746 -0.04280603 0.29933819 146 146 146
-0.05717604 -0.04753449 0.30626130 122 122 122
-0.04844394 -0.04882396 0.31221992 59 59 59
-0.06874274 -0.01889928 0.27212059 93 93 93
-0.05016585 -0.04830288 0.31079522 64 64 64
-0.08975374 -0.02957295 0.29382572 66 66 66
-0.08869252 -0.02512345 0.27742434 119 119 119
-0.05755167 -0.04686620 0.30542547 114 114 114
-0.06007950 -0.04725829 0.30386430 99 99 99
-0.08691267 -0.03307250 0.29715720 119 119 119
-0.08876646 -0.02481414 0.27703783 119 119 119
-0.06028951 -0.04452328 0.30250400 102 102 102
-0.05695225 -0.04806744 0.30605388 127 127 127
-0.04840770 -0.04881516 0.31168705 57 57 57
-0.06016241 -0.04459502 0.30249119 102 102 102
-0.08669546 -0.03338777 0.29754537 121 121 121
-0.05760915 -0.04695848 0.30498153 114 114 114
-0.04943423 -0.04857444 0.31065887 61 61 61
-0.05681343 -0.04829856 0.30590230 126 126 126
-0.08514898 -0.01782907 0.27618229 109 109 109
-0.06494191 -0.04261490 0.29848254 113 113 113
-0.05005281 -0.04614639 0.30220652 101 101 101
-0.08344208 -0.03674783 0.30104280 60 60 60
-0.08511947 -0.01811205 0.27617934 108 108 108
-0.05762639 -0.04725302 0.30477470 115 115 115
-0.08371633 -0.03652905 0.30087990 64 64 64
-0.08666766 -0.03320630 0.29773185 115 115 115
-0.08973825 -0.03013547 0.29448679 63 63 63
-0.08527226 -0.01802175 0.27574176 108 108 108
-0.06920771 -0.01872169 0.27308097 101 101 101
-0.05288187 -0.04909033 0.30809551 117 117 117
-0.07135418 -0.01722220 0.27129647 109 109 109
-0.05556268 -0.04886081 0.30625620 121 121 121
-0.04727349 -0.04889031 0.31141514 58 58 58
-0.08938085 -0.03131748 0.29524541 61 61 61
-0.08851612 -0.02609438 0.27658632 118 118 118
-0.05014322 -0.04605129 0.30200931 104 104 104
-0.08228096 -0.03768266 0.30247220 60 60 60
-0.08533305 -0.01839166 0.27546918 116 116 116
-0.08919059 -0.03154977 0.29560450 63 63 63
-0.08528526 -0.01883537 0.27553001 118 118 118
-0.05831791 -0.04414352 0.30222207 100 100 100
-0.05730755 -0.04526608 0.30319047 112 112 112
-0.08400591 -0.03628930 0.30090585 64 64 64
-0.08967222 -0.03026890 0.29493147 62 62 62
-0.07671061 -0.01851855 0.26945162 106 106 106
-0.08533581 -0.01897812 0.27528137 116 116 116
-0.07007632 -0.01814931 0.27330041 107 107 107
-0.04470764 -0.05070214 0.31293073 91 91 91
-0.06047356 -0.04364917 0.30027169 118 118 118
-0.08938605 -0.03120044 0.29550114 60 60 60
-0.05654805 -0.04874157 0.30459210 123 123 123
-0.07700812 -0.01846633 0.26968062 105 105 105
-0.04671565 -0.04887729 0.31062701 58 58 58
-0.08947454 -0.03087149 0.29545298 64 64 64
-0.07675160 -0.01855092 0.27006492 97 97 97
-0.05333491 -0.04935307 0.30660903 115 115 115
-0.03744961 -0.04983900 0.30622372 83 83 83
-0.07724264 -0.01841174 0.26996869 105 105 105
-0.04414188 -0.05081914 0.31263730 90 90 90
-0.03975330 -0.04884816 0.30465925 64 64 64
-0.07700665 -0.01846547 0.27041423 116 116 116
-0.07629698 -0.01859724 0.27119952 122 122 122
-0.04030807 -0.04957624 0.30535030 61 61 61
-0.08755962 -0.02564776 0.27537197 107 107 107
-0.03895946 -0.05028376 0.30653262 67 67 67
-0.03960884 -0.05013520 0.30619651 70 70 70
-0.05992916 -0.04346082 0.29948094 95 95 95
-0.03784794 -0.05084887 0.30764300 82 82 82
-0.03751899 -0.05110515 0.30805805 82 82 82
-0.03747412 -0.05121342 0.30822736 86 86 86
-0.03793215 -0.05106900 0.30802038 82 82 82
-0.03767303 -0.05138145 0.30852422 80 80 80
-0.05434472 -0.04500696 0.30151463 101 101 101
-0.07702594 -0.01826080 0.27168536 110 110 110
-0.04264515 -0.04775157 0.30416065 43 43 43
-0.07630306 -0.01927497 0.27264580 127 127 127
-0.04256535 -0.04834666 0.30463883 47 47 47
-0.04032476 -0.05037099 0.30689329 88 88 88
-0.05519542 -0.04885653 0.30392259 88 88 88
-0.03903315 -0.05103611 0.30801746 87 87 87
-0.03937691 -0.05095491 0.30788928 89 89 89
-0.08702444 -0.02531314 0.27484271 105 105 105
-0.04129187 -0.04991565 0.30641750 57 57 57
-0.04169311 -0.04966276 0.30621997 55 55 55
-0.05177422 -0.04992200 0.30628282 107 107 107
-0.08848276 -0.03284262 0.29746965 69 69 69
-0.04300329 -0.04857061 0.30511090 51 51 51
-0.04342489 -0.04776138 0.30458990 50 50 50
-0.05416724 -0.04568586 0.30292934 100 100 100
-0.04333455 -0.04827558 0.30502087 52 52 52
-0.04347451 -0.04813791 0.30497235 51 51 51
-0.04344747 -0.04833694 0.30518305 52 52 52
-0.04307174 -0.04891281 0.30571517 55 55 55
-0.04375500 -0.05050888 0.31108937 104 104 104
-0.04204825 -0.04974713 0.30680719 60 60 60
-0.05351628 -0.04891602 0.30429515 99 99 99
-0.04010461 -0.05108397 0.30863449 99 99 99
-0.04933315 -0.04590820 0.30098796 83 83 83
-0.03935256 -0.05151933 0.30935875 96 96 96
-0.04889011 -0.04610118 0.30146191 95 95 95
-0.04414899 -0.04710095 0.30481592 51 51 51
-0.04248738 -0.05121129 0.31190664 103 103 103
-0.04380341 -0.04833949 0.30563992 57 57 57
-0.04341660 -0.04891052 0.30619350 57 57 57
-0.03951905 -0.05163990 0.30984846 103 103 103
-0.04844458 -0.04629058 0.30233589 89 89 89
-0.03983070 -0.05151550 0.30972505 97 97 97
-0.04906032 -0.04624032 0.30204406 88 88 88
-0.04269207 -0.05098531 0.31137061 106 106 106
-0.04813922 -0.04769272 0.30357310 84 84 84
-0.04369307 -0.04881081 0.30656523 58 58 58
-0.04282422 -0.04949590 0.30745733 61 61 61
-0.06013582 -0.01438110 0.26767230 114 114 114
-0.07251788 -0.04432299 0.30005369 115 115 115
-0.06037853 -0.04382763 0.30102614 122 122 122
-0.05383627 -0.04505708 0.30149281 106 106 106
-0.07933769 -0.04156748 0.29973409 118 118 118
-0.05667965 -0.01420781 0.26819319 111 111 111
-0.06123367 -0.01483711 0.26819441 96 96 96
-0.06180942 -0.01497357 0.26826924 111 111 111
-0.06047342 -0.01461513 0.26839086 97 97 97
-0.06417980 -0.04299679 0.30057266 122 122 122
-0.05675076 -0.01423920 0.26856801 107 107 107
-0.08011279 -0.04146442 0.29944512 116 116 116
-0.05047512 -0.01730316 0.26891720 114 114 114
-0.06003600 -0.01456339 0.26869762 100 100 100
-0.05995805 -0.04382342 0.30062953 131 131 131
-0.06273688 -0.01496410 0.26869112 98 98 98
-0.03807796 -0.01571823 0.26937214 57 57 57
-0.07951497 -0.04130286 0.30008060 118 118 118
-0.06259438 -0.01497104 0.26880330 99 99 99
-0.05994716 -0.04381772 0.30054429 129 129 129
-0.05777137 -0.01450031 0.26899153 100 100 100
-0.04921861 -0.04842831 0.31049997 64 64 64
-0.03885300 -0.01524306 0.26957601 57 57 57
-0.05172746 -0.04383051 0.30105767 89 89 89
-0.06346113 -0.01528022 0.26895052 93 93 93
-0.03221229 -0.01575426 0.26978716 119 119 119
-0.04696107 -0.01768115 0.26944491 119 119 119
-0.07963467 -0.04187986 0.29910281 121 121 121
-0.07565460 -0.04173242 0.29939121 130 130 130
-0.05059759 -0.01770057 0.26945838 89 89 89
-0.06013476 -0.01467893 0.26920059 106 106 106
-0.07912080 -0.04201606 0.29904157 118 118 118
-0.03787027 -0.01564841 0.26985121 56 56 56
-0.07568244 -0.04163096 0.29935101 130 130 130
-0.06224917 -0.01501198 0.26923034 111 111 111
-0.03794617 -0.01559672 0.26993933 54 54 54
-0.05986566 -0.04387915 0.30148664 128 128 128
-0.06202862 -0.01500931 0.26931676 114 114 114
-0.03681796 -0.01571392 0.27007341 58 58 58
-0.08480584 -0.03492924 0.29918721 63 63 63
-0.06182094 -0.01500816 0.26942283 102 102 102
-0.06457022 -0.04302269 0.29994142 129 129 129
-0.03485573 -0.01576117 0.27019447 90 90 90
-0.05018290 -0.01776722 0.26983798 97 97 97
-0.08446745 -0.03539272 0.29906854 64 64 64
-0.07566094 -0.04171665 0.29915509 131 131 131
-0.04741091 -0.01752708 0.27000800 113 113 113
-0.05877260 -0.04360577 0.30022836 98 98 98
-0.05999596 -0.04389469 0.30156031 126 126 126
-0.03742734 -0.01559328 0.27032202 59 59 59
-0.07198579 -0.04424442 0.30060366 113 113 113
-0.08429454 -0.03553675 0.29898348 65 65 65
-0.03838786 -0.01527334 0.27038792 55 55 55
-0.06581457 -0.04239036 0.29971948 137 137 137
-0.03578902 -0.01552649 0.27051938 60 60 60
-0.07866891 -0.04221984 0.29872653 115 115 115
-0.07620698 -0.01861378 0.26953429 95 95 95
-0.03705270 -0.01553008 0.27060953 59 59 59
-0.07328559 -0.04421460 0.30059922 119 119 119
-0.03582352 -0.01545878 0.27070791 59 59 59
-0.06865204 -0.04157497 0.29944137 107 107 107
-0.05835918 -0.04387273 0.30187160 103 103 103
-0.08491155 -0.03452459 0.29882452 108 108 108
-0.04632163 -0.04891535 0.31063405 59 59 59
-0.07947233 -0.04226560 0.29849178 124 124 124
-0.06861975 -0.01687194 0.26997432 104 104 104
-0.04006054 -0.01487470 0.27081761 53 53 53
-0.05589300 -0.01781785 0.27040699 106 106 106
-0.06793447 -0.01675339 0.27007797 107 107 107
-0.03708206 -0.01539895 0.27097869 59 59 59
-0.08000570 -0.04213088 0.29838949 116 116 116
-0.06462342 -0.04296450 0.29943594 128 128 128
-0.04735248 -0.01762275 0.27080196 122 122 122
-0.08015168 -0.04209109 0.29830444 119 119 119
-0.03715153 -0.01534580 0.27114788 60 60 60
-0.07560275 -0.04155612 0.29864332 107 107 107
-0.07033477 -0.04375621 0.30102256 120 120 120
-0.07967929 -0.04090333 0.30060390 121 121 121
-0.06971526 -0.01670807 0.27038136 107 107 107
-0.05691152 -0.04675459 0.30986392 65 65 65
-0.04669001 -0.01769829 0.27109078 115 115 115
-0.07115695 -0.01698691 0.27043232 105 105 105
-0.04608395 -0.01770230 0.27119863 105 105 105
-0.08577745 -0.03411750 0.29845679 109 109 109
-0.07041058 -0.01690525 0.27053228 105 105 105
-0.04552157 -0.01763373 0.27130163 108 108 108
-0.06856369 -0.04133766 0.29905108 117 117 117
-0.04549450 -0.01758097 0.27138686 107 107 107
-0.08425894 -0.03536355 0.29836205 102 102 102
-0.06938128 -0.01676976 0.27075577 102 102 102
-0.04125370 -0.01514179 0.27161208 59 59 59
-0.05922603 -0.04351692 0.29943988 86 86 86
-0.06869647 -0.01714136 0.27080914 94 94 94
-0.04071503 -0.01517441 0.27170739 55 55 55
-0.05616926 -0.01800274 0.27130017 103 103 103
-0.06852964 -0.01739438 0.27089208 98 98 98
-0.05614827 -0.01800857 0.27136999 117 117 117
-0.06864283 -0.01751166 0.27096197 99 99 99
-0.04636767 -0.01739050 0.27173987 105 105 105
-0.08395478 -0.03563305 0.29820102 94 94 94
-0.03524296 -0.01484942 0.27214977 89 89 89
-0.05130924 -0.01697374 0.27170333 99 99 99
-0.06490653 -0.04283327 0.29892063 117 117 117
-0.06624968 -0.01660981 0.27130738 99 99 99
-0.08540768 -0.03495077 0.29806793 117 117 117
-0.07824878 -0.04253394 0.29789010 105 105 105
-0.04764476 -0.01719763 0.27205724 103 103 103
-0.06156641 -0.01860068 0.27167243 98 98 98
-0.07296231 -0.01744378 0.27134871 104 104 104
-0.03530032 -0.01465002 0.27254385 90 90 90
-0.05072368 -0.01703633 0.27207470 109 109 109
-0.07989258 -0.04248311 0.29769284 120 120 120
-0.05453485 -0.04729506 0.30991453 118 118 118
-0.03819763 -0.01486799 0.27251628 57 57 57
-0.05174218 -0.01593322 0.27213335 96 96 96
-0.06591507 -0.01726710 0.27171075 94 94 94
-0.08239643 -0.02204870 0.27123773 94 94 94
-0.05644698 -0.01795536 0.27206773 116 116 116
-0.05954155 -0.01814512 0.27207220 107 107 107
-0.07136943 -0.01725770 0.27174082 104 104 104
-0.04496593 -0.04917838 0.31053233 67 67 67
-0.03343943 -0.01443188 0.27293226 114 114 114
-0.04959815 -0.01700170 0.27246749 100 100 100
-0.05264792 -0.04528856 0.30266920 112 112 112
-0.07136294 -0.04395582 0.30134830 115 115 115
-0.08966116 -0.03257017 0.28369486 102 102 102
-0.03768525 -0.01472723 0.27288193 54 54 54
-0.05159327 -0.01487567 0.27249968 83 83 83
-0.08432955 -0.03593750 0.29782200 111 111 111
-0.04206811 -0.01523485 0.27290300 56 56 56
-0.05742815 -0.01775052 0.27242482 106 106 106
-0.07871619 -0.04269234 0.29759538 105 105 105
-0.06088766 -0.01836040 0.27239475 106 106 106
-0.07271733 -0.01797191 0.27204669 106 106 106
-0.06284872 -0.04501161 0.30937448 67 67 67
-0.03414796 -0.01429079 0.27329525 108 108 108
-0.04976908 -0.01667205 0.27284041 104 104 104
-0.08497500 -0.03568933 0.29770336 117 117 117
-0.07691924 -0.01829480 0.27200672 127 127 127
-0.07704146 -0.04208544 0.29767221 101 101 101
-0.05524201 -0.04651789 0.30986881 96 96 96
-0.06244700 -0.04172756 0.29880035 110 110 110
-0.08568391 -0.03514349 0.29761636 109 109 109
-0.05980790 -0.01809431 0.27269292 100 100 100
-0.07488383 -0.04160756 0.29777437 112 112 112
-0.05625529 -0.04699451 0.31036630 64 64 64
-0.03427305 -0.01415867 0.27356562 105 105 105
-0.04984481 -0.01637003 0.27313796 94 94 94
-0.06290445 -0.01737642 0.27269369 108 108 108
-0.07644834 -0.01879290 0.27227396 123 123 123
-0.07899947 -0.04276636 0.29732206 107 107 107
-0.05090758 -0.01491708 0.27318472 84 84 84
-0.08266451 -0.02238870 0.27216524 118 118 118
-0.04872681 -0.04834732 0.31015325 69 69 69
-0.08404195 -0.03644932 0.29749501 98 98 98
-0.07329419 -0.04091574 0.29781806 100 100 100
-0.05946106 -0.01781116 0.27304894 94 94 94
-0.07093509 -0.01743048 0.27273163 98 98 98
-0.06993529 -0.04055577 0.29801348 121 121 121
-0.03331770 -0.01395676 0.27396142 113 113 113
-0.06208824 -0.01765165 0.27308074 107 107 107
-0.07943927 -0.04276314 0.29703939 112 112 112
-0.05013954 -0.01514962 0.27358073 88 88 88
-0.06579746 -0.01780785 0.27302775 97 97 97
-0.08211289 -0.02224904 0.27252480 103 103 103
-0.04257764 -0.01527345 0.27387160 56 56 56
-0.05735378 -0.01731060 0.27341673 109 109 109
-0.08048141 -0.03989973 0.30139270 115 115 115
-0.07889608 -0.04275021 0.29701391 104 104 104
-0.06094413 -0.01767623 0.27337882 100 100 100
-0.05203477 -0.04538811 0.30312288 110 110 110
-0.03412472 -0.01377577 0.27431795 105 105 105
-0.06286243 -0.01617362 0.27341631 98 98 98
-0.07710794 -0.01894187 0.27293992 130 130 130
-0.03962441 -0.01442751 0.27421179 51 51 51
-0.05200703 -0.01444250 0.27385604 58 58 58
-0.06828295 -0.01871522 0.27331102 98 98 98
-0.08366860 -0.02243165 0.27280280 113 113 113
-0.04323529 -0.01519009 0.27421495 55 55 55
-0.05760176 -0.01708956 0.27373159 101 101 101
-0.07921031 -0.04276821 0.29680911 100 100 100
-0.06984761 -0.04036294 0.29766336 106 106 106
-0.06062951 -0.01730892 0.27373403 94 94 94
-0.07491925 -0.01964540 0.27327958 114 114 114
-0.03420447 -0.01360419 0.27468854 99 99 99
-0.06266613 -0.01582077 0.27378568 99 99 99
-0.08132122 -0.02178763 0.27313977 106 106 106
-0.04043039 -0.01448283 0.27458146 51 51 51
-0.07196907 -0.04129523 0.29736832 126 126 126
-0.04556748 -0.01483082 0.27454376 64 64 64
-0.06069190 -0.01690708 0.27402821 91 91 91
-0.07539073 -0.01957973 0.27353647 103 103 103
-0.03519363 -0.01349536 0.27495322 89 89 89
-0.04888118 -0.01446636 0.27452439 65 65 65
-0.06244841 -0.01571013 0.27406469 99 99 99
-0.07720023 -0.01895254 0.27356029 138 138 138
-0.05142982 -0.01449515 0.27450937 54 54 54
-0.06972192 -0.01790401 0.27398336 97 97 97
-0.06989662 -0.04028812 0.29751411 96 96 96
-0.04471137 -0.01509199 0.27489644 62 62 62
-0.07311819 -0.01908928 0.27395517 104 104 104
-0.04385715 -0.04569481 0.30395454 43 43 43
-0.06583646 -0.04440302 0.30909601 66 66 66
-0.04663268 -0.01492063 0.27493355 59 59 59
-0.06025411 -0.01640693 0.27448460 93 93 93
-0.07505327 -0.01944620 0.27397490 115 115 115
-0.04858574 -0.01475421 0.27496523 61 61 61
-0.06177984 -0.01575853 0.27451384 101 101 101
-0.07668833 -0.01901096 0.27401814 127 127 127
-0.04987245 -0.01464278 0.27500767 55 55 55
-0.06263909 -0.01510787 0.27454427 70 70 70
-0.05188292 -0.01450019 0.27505437 54 54 54
-0.08066316 -0.03950440 0.30163836 107 107 107
-0.05426429 -0.01473333 0.27508858 60 60 60
-0.06903814 -0.01764988 0.27455044 94 94 94
-0.07403468 -0.01916433 0.27444467 104 104 104
-0.04926734 -0.01466584 0.27539414 59 59 59
-0.06172842 -0.01491083 0.27501321 93 93 93
-0.07689580 -0.01858725 0.27444690 117 117 117
-0.04818830 -0.04865266 0.31012270 56 56 56
-0.04004255 -0.01409023 0.27581456 52 52 52
-0.05266001 -0.01449510 0.27534550 53 53 53
-0.07416448 -0.01905585 0.27470106 100 100 100
-0.04317256 -0.05052461 0.31033882 102 102 102
-0.06290101 -0.01540807 0.27520314 55 55 55
-0.04194573 -0.01405451 0.27601486 53 53 53
-0.06958907 -0.01671450 0.27504295 93 93 93
-0.07688739 -0.01820024 0.27489567 115 115 115
-0.04682126 -0.04892183 0.31109858 59 59 59
-0.05460060 -0.01493284 0.27576786 55 55 55
-0.06986078 -0.01626093 0.27522185 89 89 89
-0.06265571 -0.01538689 0.27557030 54 54 54
-0.07686156 -0.01805531 0.27507204 114 114 114
-0.06985486 -0.01624893 0.27550682 72 72 72
-0.08437111 -0.03744312 0.29644495 122 122 122
-0.07433291 -0.01859828 0.27538723 98 98 98
-0.06492182 -0.01569861 0.27584425 55 55 55
-0.08147894 -0.02111690 0.27519998 102 102 102
-0.05700279 -0.01502131 0.27627477 62 62 62
-0.07043602 -0.01651386 0.27574268 54 54 54
-0.05019621 -0.04836657 0.31083950 62 62 62
-0.07175426 -0.04114489 0.29684561 112 112 112
-0.06346191 -0.01548691 0.27607417 50 50 50
-0.05636156 -0.01520360 0.27643010 53 53 53
-0.06883481 -0.01613477 0.27602825 62 62 62
-0.04014289 -0.04849779 0.30424625 57 57 57
-0.06099216 -0.01529934 0.27630857 61 61 61
-0.07528128 -0.01815090 0.27581769 101 101 101
-0.06508572 -0.04616582 0.30255675 90 90 90
-0.08101333 -0.03803199 0.30216312 91 91 91
-0.06490359 -0.01582051 0.27629417 57 57 57
-0.08125888 -0.02098363 0.27563718 102 102 102
-0.05619390 -0.01524935 0.27672246 57 57 57
-0.06892655 -0.01620658 0.27623898 56 56 56
-0.06504019 -0.04619430 0.30261534 83 83 83
-0.05375346 -0.04707210 0.31070206 96 96 96
-0.07288138 -0.04351000 0.30227232 118 118 118
-0.06025950 -0.01531625 0.27663767 57 57 57
-0.08090075 -0.03805926 0.30227497 91 91 91
-0.08543911 -0.03740462 0.29575458 121 121 121
-0.05609103 -0.04704184 0.31048033 64 64 64
-0.06385705 -0.01550649 0.27662677 55 55 55
-0.08107755 -0.02089841 0.27590275 103 103 103
-0.05631292 -0.01523074 0.27699828 54 54 54
-0.06887639 -0.01630622 0.27650067 55 55 55
-0.06187100 -0.01527622 0.27686939 55 55 55
-0.07685968 -0.01845089 0.27623704 62 62 62
-0.08007492 -0.03887784 0.30236402 100 100 100
-0.06723256 -0.01609129 0.27673578 57 57 57
-0.08389636 -0.03845991 0.29547080 125 125 125
-0.05941059 -0.01536659 0.27713567 57 57 57
-0.07312184 -0.04332246 0.30253357 124 124 124
-0.06308488 -0.01522091 0.27706698 52 52 52
-0.07720730 -0.01849421 0.27649531 64 64 64
-0.08484569 -0.03832239 0.29524741 133 133 133
-0.06851184 -0.01631223 0.27695987 54 54 54
-0.07287908 -0.04329073 0.30263186 118 118 118
-0.06215197 -0.01509014 0.27732071 53 53 53
-0.07710670 -0.01860196 0.27671492 60 60 60
-0.08334461 -0.03877193 0.29521501 121 121 121
-0.05855165 -0.01523480 0.27751568 59 59 59
-0.07416802 -0.01788377 0.27692896 63 63 63
-0.08420424 -0.03868312 0.29510066 128 128 128
-0.06950802 -0.01635989 0.27719328 50 50 50
-0.06664551 -0.04648651 0.30286729 113 113 113
-0.07738008 -0.03990597 0.30269688 65 65 65
-0.08799002 -0.03333286 0.29515544 62 62 62
-0.07979934 -0.02037103 0.27683386 84 84 84
-0.07286415 -0.01764417 0.27722889 54 54 54
-0.03961094 -0.04907005 0.30488104 66 66 66
-0.05927185 -0.04695194 0.30350533 97 97 97
-0.06611605 -0.01599518 0.27757347 54 54 54
-0.07709999 -0.01883130 0.27723193 54 54 54
-0.08512035 -0.03848474 0.29479617 134 134 134
-0.06817413 -0.01618449 0.27766955 55 55 55
-0.04430220 -0.04687726 0.30479982 50 50 50
-0.07508967 -0.01827307 0.27747872 55 55 55
-0.07989139 -0.03819731 0.30287179 80 80 80
-0.06645936 -0.01592584 0.27793869 52 52 52
-0.08532135 -0.03845752 0.29461306 128 128 128
-0.07275248 -0.01761967 0.27773032 56 56 56
-0.07376203 -0.04286491 0.30295888 111 111 111
-0.08019795 -0.03868371 0.29476914 105 105 105
-0.08027926 -0.02046858 0.27748677 89 89 89
-0.07619194 -0.01882946 0.27785939 50 50 50
-0.08802097 -0.03332988 0.29442835 68 68 68
-0.08774348 -0.03336544 0.29435256 67 67 67
-0.08376192 -0.03948179 0.29415235 132 132 132
-0.07851191 -0.03917063 0.30309626 72 72 72
-0.07198579 -0.01728040 0.27825060 54 54 54
-0.06018512 -0.04721448 0.30382714 101 101 101
-0.08002772 -0.02030960 0.27793217 106 106 106
-0.07865408 -0.03910879 0.30317944 73 73 73
-0.08830561 -0.03316208 0.29407287 68 68 68
-0.06041164 -0.04720616 0.30390024 106 106 106
-0.06664506 -0.04653146 0.30345592 119 119 119
-0.08484430 -0.03938992 0.29367810 130 130 130
-0.04480444 -0.04671420 0.30530232 51 51 51
-0.04446240 -0.04726811 0.30533296 53 53 53
-0.06972655 -0.04191224 0.30387101 62 62 62
-0.04474819 -0.04697864 0.30545938 53 53 53
-0.08402506 -0.03972295 0.29328737 137 137 137
-0.06104530 -0.04729403 0.30416712 105 105 105
-0.04492474 -0.04694930 0.30563968 53 53 53
-0.07445230 -0.04187797 0.30378354 116 116 116
-0.04479769 -0.04716562 0.30571282 56 56 56
-0.06307140 -0.04774815 0.30409807 113 113 113
-0.07620071 -0.04049280 0.30380809 69 69 69
-0.03878068 -0.04989501 0.30598226 79 79 79
-0.07874379 -0.02075892 0.27902997 60 60 60
-0.05384813 -0.04919266 0.30489102 111 111 111
-0.03846812 -0.04995925 0.30616459 72 72 72
-0.06998463 -0.04224643 0.30440500 66 66 66
-0.07462855 -0.04132912 0.30417264 117 117 117
-0.06305756 -0.04774280 0.30445415 124 124 124
-0.08379800 -0.03965632 0.29216644 124 124 124
-0.03860897 -0.05010430 0.30633390 76 76 76
-0.04422454 -0.04805335 0.30608004 59 59 59
-0.08122897 -0.02169158 0.27929920 57 57 57
-0.07080413 -0.04185186 0.30454433 66 66 66
-0.08385492 -0.03958715 0.29191989 118 118 118
-0.06610404 -0.04637888 0.30451936 119 119 119
-0.07598384 -0.04061043 0.30435637 69 69 69
-0.08801383 -0.03241063 0.29199073 99 99 99
-0.07105085 -0.04173958 0.30467036 68 68 68
-0.07994176 -0.02157156 0.27972916 47 47 47
-0.05093194 -0.05003342 0.30554020 121 121 121
-0.05070871 -0.05002893 0.30565423 116 116 116
-0.08112046 -0.02172723 0.27983910 59 59 59
-0.08826804 -0.03282119 0.29143342 110 110 110
-0.07066025 -0.04224673 0.30493000 63 63 63
-0.06596097 -0.04432106 0.30875072 103 103 103
-0.06997897 -0.04245242 0.30506456 67 67 67
-0.04522380 -0.04745772 0.30664951 54 54 54
-0.05103868 -0.05001810 0.30588269 124 124 124
-0.06948833 -0.04245599 0.30517301 71 71 71
-0.07162645 -0.04159762 0.30510783 70 70 70
-0.05423546 -0.04776577 0.30964714 121 121 121
-0.08091771 -0.02198845 0.28025892 54 54 54
-0.05113866 -0.05001125 0.30596057 123 123 123
-0.06981798 -0.04253628 0.30522192 68 68 68
-0.07571454 -0.04069200 0.30493000 69 69 69
-0.08096638 -0.02206809 0.28042260 57 57 57
-0.08814100 -0.03432501 0.29045084 114 114 114
-0.04476811 -0.04784282 0.30689815 61 61 61
-0.08710673 -0.03533540 0.29035953 107 107 107
-0.07315633 -0.04100062 0.30532077 95 95 95
-0.05096786 -0.04997213 0.30623543 122 122 122
-0.07208562 -0.04151579 0.30547985 65 65 65
-0.03754387 -0.05068039 0.30734709 82 82 82
-0.08806784 -0.03497291 0.29000121 117 117 117
-0.08065420 -0.02217911 0.28081563 45 45 45
-0.04496358 -0.05090956 0.31391340 109 109 109
-0.03718374 -0.05074997 0.30748308 103 103 103
-0.07247171 -0.04126894 0.30557054 64 64 64
-0.05037954 -0.04987112 0.30655131 111 111 111
-0.06043392 -0.04688908 0.30603692 115 115 115
-0.07242561 -0.04148442 0.30565882 66 66 66
-0.08783936 -0.03580391 0.28944877 119 119 119
-0.05042102 -0.04854889 0.31329912 57 57 57
-0.04528162 -0.04785801 0.30738342 56 56 56
-0.06574448 -0.04605602 0.30584916 125 125 125
-0.07333509 -0.04105547 0.30582193 64 64 64
-0.03744536 -0.05095334 0.30780521 92 92 92
-0.05160594 -0.04984598 0.30671272 123 123 123
-0.06574711 -0.04602343 0.30594400 126 126 126
-0.05083413 -0.04851409 0.31301290 56 56 56
-0.04955883 -0.04965599 0.30700132 117 117 117
-0.08780103 -0.03626490 0.28886366 124 124 124
-0.06189917 -0.04710674 0.30632749 116 116 116
-0.05217147 -0.04835488 0.31273675 61 61 61
-0.05404508 -0.04897832 0.30685791 119 119 119
-0.04227361 -0.04986659 0.30783561 67 67 67
-0.05038519 -0.04860746 0.31268275 56 56 56
-0.05230421 -0.04960993 0.30709714 112 112 112
-0.04506064 -0.04815600 0.30796936 58 58 58
-0.06391548 -0.04680087 0.30651569 132 132 132
-0.05332872 -0.04820326 0.31221193 66 66 66
-0.04231336 -0.05143394 0.31281021 141 141 141
-0.06215898 -0.04694088 0.30672377 113 113 113
-0.05064092 -0.04864604 0.31232545 63 63 63
-0.05229663 -0.04953687 0.30736542 131 131 131
-0.06636833 -0.04556983 0.30662498 131 131 131
-0.05213060 -0.04848399 0.31211162 59 59 59
-0.06277619 -0.04689432 0.30684367 120 120 120
-0.04609426 -0.04813046 0.30820721 58 58 58
-0.05461520 -0.04870574 0.30743960 129 129 129
-0.05292112 -0.04835375 0.31198996 61 61 61
-0.06749170 -0.04504377 0.30682731 120 120 120
-0.05280122 -0.04927221 0.30769658 117 117 117
-0.06497496 -0.04608621 0.30701822 132 132 132
-0.06785251 -0.04473152 0.30695322 121 121 121
-0.04458632 -0.04853045 0.30856097 59 59 59
-0.05581954 -0.04820690 0.30766848 122 122 122
-0.06841587 -0.04406001 0.30707982 112 112 112
-0.05115665 -0.04947209 0.30798236 118 118 118
-0.05680289 -0.04572076 0.30793059 95 95 95
-0.06736995 -0.04492340 0.30713117 128 128 128
-0.08976964 -0.02941939 0.28734300 120 120 120
-0.04780355 -0.04887434 0.31211644 68 68 68
-0.04257384 -0.05126951 0.31228924 109 109 109
-0.06159487 -0.04641717 0.30752930 112 112 112
-0.04572727 -0.04844504 0.30874798 59 59 59
-0.06578615 -0.04546060 0.30736411 121 121 121
-0.03806997 -0.05164897 0.30910453 106 106 106
-0.05777846 -0.04588500 0.30809382 64 64 64
-0.06582424 -0.04539753 0.30745062 119 119 119
-0.04800750 -0.04886099 0.31193200 62 62 62
-0.04541608 -0.04852723 0.30893657 62 62 62
-0.05847980 -0.04581256 0.30811584 62 62 62
-0.08998591 -0.03051260 0.28670201 96 96 96
-0.03751054 -0.05179312 0.30933446 109 109 109
-0.04723138 -0.04893642 0.31190741 66 66 66
-0.06684364 -0.04485547 0.30760849 121 121 121
-0.08998016 -0.03097618 0.28649095 124 124 124
-0.05035010 -0.04840258 0.31090522 65 65 65
-0.04810578 -0.04885762 0.31174454 60 60 60
-0.04577902 -0.04859678 0.30915201 60 60 60
-0.05780441 -0.04606784 0.30839920 67 67 67
-0.06742414 -0.04432576 0.30779123 113 113 113
-0.05443710 -0.04836415 0.30850255 130 130 130
-0.09019077 -0.03126106 0.28604969 107 107 107
-0.05206145 -0.04905464 0.30872494 121 121 121
-0.05845441 -0.04606660 0.30853090 58 58 58
-0.06566989 -0.04514279 0.30800366 122 122 122
-0.05137030 -0.04906220 0.30886862 114 114 114
-0.04675179 -0.04900926 0.31166840 66 66 66
-0.06577896 -0.04502700 0.30809641 120 120 120
-0.04751389 -0.04830989 0.30936325 62 62 62
-0.05974929 -0.04574015 0.30863822 64 64 64
-0.06724326 -0.04401106 0.30817896 106 106 106
-0.09005069 -0.03224761 0.28564742 122 122 122
-0.03828765 -0.05188917 0.30985522 125 125 125
-0.05970361 -0.04581385 0.30868307 64 64 64
-0.04747824 -0.04850367 0.30951446 63 63 63
-0.06078688 -0.04583788 0.31062633 61 61 61
-0.06490367 -0.04517631 0.30842426 113 113 113
-0.04321584 -0.05045527 0.31017953 106 106 106
-0.04074858 -0.05167194 0.31170490 144 144 144
-0.06121257 -0.04578232 0.31050327 56 56 56
-0.05134834 -0.04826744 0.31107444 60 60 60
-0.04100277 -0.05160625 0.31164306 152 152 152
-0.04471536 -0.04904573 0.30997133 66 66 66
-0.05515782 -0.04752113 0.30924165 121 121 121
-0.06149224 -0.04576461 0.31040791 57 57 57
-0.08955114 -0.03220791 0.28319523 106 106 106
-0.04080766 -0.05163065 0.31146392 149 149 149
-0.04959340 -0.04871020 0.31104004 62 62 62
-0.08942873 -0.03310598 0.28511369 113 113 113
-0.05478169 -0.04772147 0.30933994 121 121 121
-0.06002355 -0.04594681 0.30905336 59 59 59
-0.03987737 -0.04915660 0.31397444 108 108 108
-0.03992519 -0.04935372 0.31382325 109 109 109
-0.03910404 -0.04997309 0.31277090 110 110 110
-0.08171117 -0.02188439 0.27097428 108 108 108
-0.04242263 -0.04985602 0.31466702 109 109 109
-0.04145779 -0.05022556 0.31381002 114 114 114
-0.06541350 -0.04617346 0.30247471 107 107 107
-0.04300638 -0.05029344 0.31455928 115 115 115
-0.04121801 -0.05077754 0.31312546 116 116 116
-0.08203276 -0.02233341 0.27214739 116 116 116
-0.04083182 -0.05101502 0.31266508 116 116 116
-0.05869547 -0.04341101 0.29956406 102 102 102
-0.08330344 -0.02230364 0.27316344 112 112 112
-0.04349435 -0.05066489 0.31442630 118 118 118
-0.06375206 -0.04357656 0.30177531 120 120 120
-0.08179843 -0.02221558 0.27232519 113 113 113
-0.08565547 -0.02474189 0.27459341 103 103 103
-0.08722832 -0.02584422 0.27558124 121 121 121
-0.06215382 -0.04257550 0.30090761 137 137 137
-0.08620622 -0.02520485 0.27509692 105 105 105
-0.03789578 -0.05187124 0.31002009 120 120 120
-0.08279099 -0.02201097 0.27339190 109 109 109
-0.04275206 -0.05134336 0.31326094 131 131 131
-0.06279380 -0.04264226 0.30118501 133 133 133
-0.08516724 -0.02431363 0.27473357 113 113 113
-0.04128536 -0.05158737 0.31213361 135 135 135
-0.08620110 -0.02519520 0.27539867 112 112 112
-0.03929773 -0.05185321 0.31065238 134 134 134
-0.05954199 -0.04278632 0.29894623 90 90 90
-0.08605169 -0.02503948 0.27541822 109 109 109
-0.03706007 -0.05171817 0.30915868 115 115 115
-0.04438048 -0.05109299 0.31403634 159 159 159
-0.08590388 -0.02486940 0.27542263 111 111 111
-0.06534400 -0.04541270 0.30193105 101 101 101
-0.04260120 -0.05133767 0.31267831 167 167 167
-0.08523863 -0.02424232 0.27519473 102 102 102
-0.07461105 -0.01798366 0.26938239 95 95 95
-0.08311730 -0.02216731 0.27427080 119 119 119
-0.08132105 -0.02174323 0.27327862 112 112 112
-0.08636128 -0.02518137 0.27620101 102 102 102
-0.06219660 -0.04214796 0.29993662 140 140 140
-0.08567769 -0.02446265 0.27596679 109 109 109
-0.06259990 -0.04225709 0.29996073 131 131 131
-0.08503068 -0.02391076 0.27570146 103 103 103
-0.06248181 -0.04215112 0.29981282 123 123 123
-0.06337936 -0.04276610 0.30012929 128 128 128
-0.08352465 -0.02223958 0.27502376 117 117 117
-0.03705845 -0.05125247 0.30826628 100 100 100
-0.06365436 -0.04286370 0.30016458 129 129 129
-0.07429659 -0.01796048 0.26979691 101 101 101
-0.08249129 -0.02160666 0.27455091 115 115 115
-0.08112681 -0.02149777 0.27377817 109 109 109
-0.07729741 -0.01821280 0.27186301 138 138 138
-0.08622628 -0.02490874 0.27675560 105 105 105
-0.07111671 -0.04166256 0.30464730 70 70 70
-0.07423042 -0.01798384 0.27005816 101 101 101
-0.08248295 -0.02156763 0.27485353 113 113 113
-0.05952248 -0.04394991 0.30238667 116 116 116
-0.06384782 -0.04283443 0.29949495 117 117 117
-0.07312969 -0.01696552 0.26956040 125 125 125
-0.06329769 -0.04243016 0.29915753 109 109 109
-0.06254048 -0.04173091 0.29874370 98 98 98
-0.07305898 -0.01694745 0.26963955 119 119 119
-0.06404539 -0.04284226 0.29923683 123 123 123
-0.08003229 -0.02081100 0.27369392 107 107 107
-0.06367605 -0.04258791 0.29895794 107 107 107
-0.06208335 -0.04747829 0.30367619 105 105 105
-0.08764023 -0.02764147 0.27785006 105 105 105
-0.06344485 -0.04233402 0.29877368 101 101 101
-0.07181984 -0.04222061 0.30409276 117 117 117
-0.06271711 -0.04159846 0.29836959 121 121 121
-0.08452697 -0.02343624 0.27644679 112 112 112
-0.07188810 -0.04229971 0.30401501 116 116 116
-0.07366876 -0.01754966 0.27037716 119 119 119
-0.08192242 -0.02123985 0.27515247 110 110 110
-0.07144539 -0.04255944 0.30357012 119 119 119
-0.06980346 -0.04296163 0.30234930 103 103 103
-0.08003277 -0.02077127 0.27411377 107 107 107
-0.07099514 -0.04285230 0.30301210 111 111 111
-0.07739996 -0.01875937 0.27280548 126 126 126
-0.08618987 -0.02476502 0.27766004 118 118 118
-0.07196150 -0.04264889 0.30356747 117 117 117
-0.07119495 -0.04298151 0.30290133 113 113 113
-0.08445791 -0.02334195 0.27681839 115 115 115
-0.05781502 -0.04455854 0.30251876 102 102 102
-0.06694091 -0.04296248 0.30006126 104 104 104
-0.07401549 -0.01803015 0.27095342 122 122 122
-0.08230285 -0.02135373 0.27578780 102 102 102
-0.05412193 -0.04441087 0.30028427 105 105 105
-0.06697301 -0.04289017 0.30000132 102 102 102
-0.07145738 -0.04316648 0.30271676 116 116 116
-0.07897545 -0.02002920 0.27395368 128 128 128
-0.08815366 -0.02843481 0.27877218 109 109 109
-0.07114683 -0.04335647 0.30235276 118 118 118
-0.07457449 -0.01837176 0.27148923 99 99 99
-0.08272518 -0.02142985 0.27624625 123 123 123
-0.07047731 -0.04355338 0.30180588 122 122 122
-0.05843287 -0.04584382 0.30304068 104 104 104
-0.08000156 -0.02070316 0.27472159 99 99 99
-0.07180658 -0.04335346 0.30251643 112 112 112
-0.05795902 -0.04552998 0.30304784 106 106 106
-0.06927291 -0.04325535 0.30077463 131 131 131
-0.08558693 -0.02419422 0.27795178 123 123 123
-0.07065921 -0.04377346 0.30146137 118 118 118
-0.07550944 -0.01944342 0.27225369 109 109 109
-0.08388414 -0.02303429 0.27710742 118 118 118
-0.05925157 -0.04708974 0.30365255 106 106 106
-0.06451261 -0.04201775 0.29773346 86 86 86
-0.07227419 -0.01703760 0.27057821 118 118 118
-0.04598811 -0.01468885 0.27427900 88 88 88
-0.05336846 -0.04469055 0.30083409 104 104 104
-0.06170304 -0.04742184 0.30543506 117 117 117
-0.06871279 -0.04222727 0.30005926 114 114 114
-0.05744646 -0.04551518 0.30335107 107 107 107
-0.06933922 -0.04275316 0.30021995 91 91 91
-0.07748571 -0.01853761 0.27391487 112 112 112
-0.08704341 -0.02737298 0.27889991 110 110 110
-0.05260649 -0.04403343 0.30082870 105 105 105
-0.08043849 -0.02077330 0.27561688 103 103 103
-0.04290470 -0.01509112 0.27352089 61 61 61
-0.06816651 -0.04142658 0.29948691 129 129 129
-0.07362825 -0.01790447 0.27175379 97 97 97
-0.08203910 -0.02103423 0.27667388 124 124 124
-0.06062457 -0.04711518 0.30536950 120 120 120
-0.03671114 -0.04955914 0.30603227 94 94 94
-0.07528553 -0.01970528 0.27270716 114 114 114
-0.08354504 -0.02284803 0.27750918 118 118 118
-0.03706717 -0.04969528 0.30611908 81 81 81
-0.05299657 -0.04483007 0.30126691 109 109 109
-0.06169979 -0.04713735 0.30619547 111 111 111
-0.06979819 -0.04215267 0.29996017 104 104 104
-0.05304999 -0.04491977 0.30137765 106 106 106
-0.05956358 -0.04724120 0.30492193 117 117 117
-0.06195839 -0.04698588 0.30659056 114 114 114
-0.06981169 -0.04197151 0.29989722 105 105 105
-0.03731315 -0.04946663 0.30582449 76 76 76
-0.07729525 -0.01829309 0.27443081 113 113 113
-0.08712151 -0.02746815 0.27955446 109 109 109
-0.03664396 -0.04895404 0.30548352 100 100 100
-0.07720795 -0.01834665 0.27445680 117 117 117
-0.08670430 -0.02699753 0.27943486 105 105 105
-0.05884191 -0.04715104 0.30468231 127 127 127
-0.07460825 -0.01948417 0.27281564 121 121 121
-0.08236700 -0.02091099 0.27749586 76 76 76
-0.03955971 -0.01494442 0.27150816 54 54 54
-0.04677492 -0.04902279 0.31175184 69 69 69
-0.07267557 -0.01786519 0.27190566 108 108 108
-0.05816343 -0.04677755 0.30442131 114 114 114
-0.06062758 -0.04692496 0.30599767 117 117 117
-0.04926278 -0.04867698 0.31337142 68 68 68
-0.07912961 -0.02005513 0.27578294 109 109 109
-0.08856142 -0.02948347 0.28061572 109 109 109
-0.05799992 -0.04660918 0.30446404 102 102 102
-0.07689793 -0.01838936 0.27468044 114 114 114
-0.08646526 -0.02673479 0.27971676 107 107 107
-0.06652141 -0.01555862 0.26862860 111 111 111
-0.07587419 -0.04036951 0.30356932 64 64 64
-0.08377159 -0.02290653 0.27857676 114 114 114
-0.06123285 -0.04683643 0.30662894 110 110 110
-0.03388661 -0.01603325 0.26747718 97 97 97
-0.07353545 -0.01874692 0.27273682 105 105 105
-0.08202191 -0.02119222 0.27780285 71 71 71
-0.04812203 -0.04884084 0.31229419 68 68 68
-0.05914727 -0.04701612 0.30531967 122 122 122
-0.07156823 -0.04392211 0.29979411 122 122 122
-0.07922008 -0.02010059 0.27625135 106 106 106
-0.05895498 -0.04696230 0.30529907 127 127 127
-0.06785627 -0.01665283 0.26962531 106 106 106
-0.08496369 -0.02377202 0.27952874 126 126 126
-0.07024142 -0.04125978 0.29935446 124 124 124
-0.04263483 -0.04973646 0.30817783 68 68 68
-0.07418152 -0.01941894 0.27336839 108 108 108
-0.04212183 -0.04993714 0.30776614 64 64 64
-0.06962138 -0.04115642 0.29887483 148 148 148
-0.07123379 -0.01740655 0.27185562 111 111 111
-0.03285132 -0.01610960 0.26778340 101 101 101
-0.06991969 -0.04111157 0.29898486 159 159 159
-0.07670224 -0.01790214 0.27535436 109 109 109
-0.08637775 -0.02666559 0.28037277 105 105 105
-0.06755941 -0.01655150 0.26986679 102 102 102
-0.03525426 -0.01610936 0.26866442 75 75 75
-0.08440559 -0.02343458 0.27961874 133 133 133
-0.06013323 -0.04664995 0.30658540 115 115 115
-0.06611800 -0.01552810 0.26917741 99 99 99
-0.03960638 -0.01496556 0.27163604 58 58 58
-0.08293561 -0.02248530 0.27890235 131 131 131
-0.04233731 -0.04980591 0.30770850 66 66 66
-0.04017548 -0.01508287 0.27195856 60 60 60
-0.07257180 -0.01877929 0.27296090 119 119 119
-0.08041686 -0.02046672 0.27767032 105 105 105
-0.05960889 -0.04660643 0.30646709 132 132 132
-0.07715160 -0.01823203 0.27599257 64 64 64
-0.08660137 -0.02695776 0.28086352 104 104 104
-0.06617574 -0.01559040 0.26953027 103 103 103
-0.08294825 -0.02252729 0.27921388 127 127 127
-0.06287049 -0.04504613 0.30912155 92 92 92
-0.07855480 -0.01963701 0.27691731 117 117 117
-0.04641496 -0.01481199 0.27545902 59 59 59
-0.06027745 -0.04638954 0.30715027 107 107 107
-0.06799511 -0.01691953 0.27071410 102 102 102
-0.07255506 -0.04402206 0.29910681 115 115 115
-0.07261895 -0.01893010 0.27348706 121 121 121
-0.06066361 -0.04624999 0.30754077 129 129 129
-0.03201276 -0.01516366 0.26623222 73 73 73
-0.03820119 -0.04868506 0.30495805 85 85 85
-0.06113690 -0.01441965 0.26693261 98 98 98
-0.07735471 -0.01846839 0.27663782 62 62 62
-0.06155899 -0.04576042 0.30837849 114 114 114
-0.05856932 -0.01385288 0.26547265 91 91 91
-0.06650460 -0.01588376 0.27021846 95 95 95
-0.04095577 -0.01516843 0.27254882 54 54 54
-0.07046794 -0.04070152 0.29822415 117 117 117
-0.06211697 -0.04519394 0.30899152 87 87 87
-0.07351412 -0.01909165 0.27432460 108 108 108
-0.04627211 -0.04882052 0.30996192 59 59 59
-0.04397370 -0.01481022 0.27378887 80 80 80
-0.06011630 -0.04606712 0.30756775 131 131 131
-0.07008228 -0.04046638 0.29783753 111 111 111
-0.06104144 -0.01456575 0.26728103 107 107 107
-0.03607379 -0.01603527 0.26856399 66 66 66
-0.07219953 -0.04302343 0.29849494 108 108 108
-0.06675429 -0.01623676 0.27074769 100 100 100
-0.07596791 -0.01817086 0.27631265 63 63 63
-0.03850021 -0.04859677 0.30478880 105 105 105
-0.06500672 -0.01563055 0.26983273 102 102 102
-0.07456381 -0.01851985 0.27551726 100 100 100
-0.08508834 -0.02555353 0.28124103 127 127 127
-0.08192779 -0.03899358 0.29416192 120 120 120
-0.03188749 -0.01566612 0.26683819 84 84 84
-0.07378320 -0.01875797 0.27505198 96 96 96
-0.08316782 -0.02275905 0.28045842 113 113 113
-0.06076303 -0.04545539 0.30845690 95 95 95
-0.08028214 -0.02146158 0.27890635 60 60 60
-0.04644329 -0.01492096 0.27522030 60 60 60
-0.04154119 -0.01520375 0.27205753 58 58 58
-0.07845226 -0.01945968 0.27808967 101 101 101
-0.06153149 -0.04524517 0.30912063 72 72 72
-0.05856452 -0.01438566 0.26636481 97 97 97
-0.06667626 -0.01640960 0.27120501 112 112 112
-0.03997102 -0.01505469 0.27206320 55 55 55
-0.04160015 -0.01527507 0.27306053 55 55 55
-0.07028563 -0.04039345 0.29727188 100 100 100
-0.06498395 -0.01590414 0.27029079 115 115 115
-0.07461045 -0.01788977 0.27613643 98 98 98
-0.08569095 -0.02615587 0.28203109 102 102 102
-0.07316905 -0.01839943 0.27523223 102 102 102
-0.08372890 -0.02437793 0.28111029 56 56 56
-0.07836513 -0.03895665 0.30258477 68 68 68
-0.06297315 -0.01533718 0.26930594 111 111 111
-0.04691712 -0.04872575 0.30969003 76 76 76
-0.06328269 -0.01562396 0.26958662 107 107 107
-0.06302547 -0.01551578 0.26954854 106 106 106
-0.07766544 -0.03964179 0.30179182 83 83 83
-0.06023758 -0.04540228 0.30859774 67 67 67
-0.06263615 -0.01524553 0.26942930 112 112 112
-0.03784017 -0.01576126 0.26951370 58 58 58
-0.07764729 -0.03974357 0.30168831 89 89 89
-0.03667539 -0.01599778 0.26872975 62 62 62
-0.07098842 -0.01627692 0.27464423 68 68 68
-0.07954305 -0.02130030 0.27941254 50 50 50
-0.05909465 -0.04542952 0.30797699 64 64 64
-0.07773980 -0.01987168 0.27856684 62 62 62
-0.04742480 -0.04866828 0.30974251 64 64 64
-0.03993624 -0.01504883 0.27213627 55 55 55
-0.05809122 -0.04537118 0.30742320 65 65 65
-0.07575622 -0.01858627 0.27758867 55 55 55
-0.08485304 -0.02569112 0.28238136 107 107 107
-0.07879096 -0.03955306 0.30208534 94 94 94
-0.07122976 -0.01652597 0.27509594 68 68 68
-0.07958845 -0.02138937 0.27971381 50 50 50
-0.04549277 -0.01457616 0.27575627 60 60 60
-0.07860202 -0.03990882 0.30181676 107 107 107
-0.07518932 -0.01831983 0.27743280 58 58 58
-0.08443606 -0.02543170 0.28234726 116 116 116
-0.04810356 -0.04861786 0.31000885 63 63 63
-0.06189830 -0.01503204 0.26963457 115 115 115
-0.07845860 -0.02067610 0.27930734 61 61 61
-0.04104795 -0.01518227 0.27154699 56 56 56
-0.05733099 -0.01426110 0.26695704 113 113 113
-0.06590868 -0.01753245 0.27193385 96 96 96
-0.07399629 -0.01785033 0.27699181 60 60 60
-0.08279067 -0.02448349 0.28165871 52 52 52
-0.07677592 -0.04080383 0.30018228 104 104 104
-0.07826848 -0.02057910 0.27940226 50 50 50
-0.05839723 -0.01455895 0.26780862 134 134 134
-0.06694961 -0.01838979 0.27267888 92 92 92
-0.08334889 -0.02451985 0.28222367 62 62 62
-0.05753003 -0.04545612 0.30752984 65 65 65
-0.04906690 -0.04979625 0.30489117 101 101 101
-0.07765170 -0.04091713 0.30050781 113 113 113
-0.07086581 -0.01660471 0.27549511 60 60 60
-0.07924983 -0.02126512 0.28014356 51 51 51
-0.07941747 -0.04002901 0.30168137 104 104 104
-0.06755233 -0.01857358 0.27325308 97 97 97
-0.07538752 -0.01834217 0.27821290 58 58 58
-0.08437486 -0.02563617 0.28290826 102 102 102
-0.04817722 -0.04839724 0.30981410 68 68 68
-0.04714778 -0.01479708 0.27537030 60 60 60
-0.07728685 -0.04119175 0.29998374 110 110 110
-0.07841878 -0.02072279 0.27992135 50 50 50
-0.05699864 -0.01419313 0.26738563 120 120 120
-0.07456626 -0.04201943 0.29794750 105 105 105
-0.07305611 -0.01758756 0.27707288 61 61 61
-0.08177965 -0.02377656 0.28173172 53 53 53
-0.03489247 -0.01594541 0.26736864 68 68 68
-0.03449504 -0.01619319 0.26858467 110 110 110
-0.04818266 -0.04610004 0.30172324 112 112 112
-0.06803843 -0.01837246 0.27391592 102 102 102
-0.07582431 -0.01861702 0.27873492 51 51 51
-0.08455494 -0.02590456 0.28329042 113 113 113
-0.08262771 -0.03952378 0.29331568 120 120 120
-0.06366363 -0.01656750 0.27143010 112 112 112
-0.07189376 -0.01706193 0.27661103 64 64 64
-0.08027375 -0.02218176 0.28118202 48 48 48
-0.07636703 -0.01910026 0.27924833 51 51 51
-0.07643173 -0.04153226 0.29898584 116 116 116
-0.05716782 -0.01425701 0.26790667 124 124 124
-0.06639566 -0.01809048 0.27320406 95 95 95
-0.07363033 -0.01784129 0.27780432 56 56 56
-0.08225863 -0.02451537 0.28232032 52 52 52
-0.04817502 -0.04614240 0.30188835 100 100 100
-0.07158033 -0.01703204 0.27670377 56 56 56
-0.07994195 -0.02201409 0.28130573 48 48 48
-0.03557920 -0.01593595 0.26772335 62 62 62
-0.05966889 -0.01472691 0.26961061 108 108 108
-0.07200038 -0.04057641 0.29613113 99 99 99
-0.07734092 -0.01995948 0.28006050 51 51 51
-0.08723863 -0.02995165 0.28495836 122 122 122
-0.06772333 -0.01790218 0.27438223 102 102 102
-0.07507129 -0.01809306 0.27898961 55 55 55
-0.08390552 -0.02563580 0.28352362 130 130 130
-0.07733801 -0.04174583 0.29917175 113 113 113
-0.06504065 -0.01763819 0.27282247 109 109 109
-0.07234460 -0.01746547 0.27744564 58 58 58
-0.08077522 -0.02297167 0.28200668 53 53 53
-0.05951119 -0.01489608 0.26976570 120 120 120
-0.07610784 -0.04162216 0.29832998 114 114 114
-0.07722515 -0.01986938 0.28028020 54 54 54
-0.08700640 -0.02976570 0.28510880 116 116 116
-0.06682749 -0.01787530 0.27414310 97 97 97
-0.07420003 -0.01780921 0.27879208 52 52 52
-0.08281132 -0.02470851 0.28331652 64 64 64
-0.04692799 -0.04793959 0.30866233 64 64 64
-0.07609501 -0.04162578 0.29821292 111 111 111
-0.06577434 -0.01766007 0.27358890 107 107 107
-0.07315849 -0.01762719 0.27825451 55 55 55
-0.08184157 -0.02445436 0.28279907 54 54 54
-0.03479844 -0.01585995 0.26714876 65 65 65
-0.07852481 -0.04164738 0.29969150 113 113 113
-0.07039161 -0.01655351 0.27675354 53 53 53
-0.07867946 -0.02092201 0.28134397 51 51 51
-0.06874453 -0.01614134 0.27591464 69 69 69
-0.07683464 -0.01957305 0.28052622 51 51 51
-0.08679795 -0.02972580 0.28540409 116 116 116
-0.06740301 -0.01715360 0.27502158 94 94 94
-0.07519929 -0.01815885 0.27976793 54 54 54
-0.08482841 -0.02775219 0.28456628 65 65 65
-0.06563164 -0.01726068 0.27399561 97 97 97
-0.08175480 -0.02456071 0.28313693 50 50 50
-0.04614714 -0.04784246 0.30795601 59 59 59
-0.05247223 -0.01450904 0.26617715 106 106 106
-0.07031417 -0.01653533 0.27715331 54 54 54
-0.07856145 -0.02083974 0.28173822 50 50 50
-0.07819378 -0.04197161 0.29911372 116 116 116
-0.05046152 -0.01479999 0.26499784 95 95 95
-0.06780287 -0.01638758 0.27568829 95 95 95
-0.07565816 -0.01855788 0.28029218 52 52 52
-0.05159498 -0.04838151 0.31125164 66 66 66
-0.07627643 -0.04170381 0.29782051 118 118 118
-0.07276189 -0.01739397 0.27876070 52 52 52
-0.08152336 -0.02444918 0.28331134 54 54 54
-0.05192203 -0.01464977 0.26614395 142 142 142
-0.06035341 -0.01795358 0.27100179 105 105 105
-0.07638831 -0.01920565 0.28091210 52 52 52
-0.08612972 -0.02918407 0.28566468 120 120 120
-0.04599261 -0.04773345 0.30772418 58 58 58
-0.07271428 -0.01731892 0.27898720 50 50 50
-0.08151209 -0.02458471 0.28351969 53 53 53
-0.04055141 -0.04803679 0.30399445 51 51 51
-0.05185110 -0.01466658 0.26629391 175 175 175
-0.06044425 -0.01815562 0.27122810 108 108 108
-0.07636912 -0.01916260 0.28111342 53 53 53
-0.08602750 -0.02917558 0.28580427 118 118 118
-0.06419482 -0.01529406 0.27408624 70 70 70
-0.07243824 -0.01722420 0.27900046 50 50 50
-0.08151338 -0.02470149 0.28368771 54 54 54
-0.05139034 -0.01479951 0.26619163 131 131 131
-0.05969756 -0.01742920 0.27106553 100 100 100
-0.07587864 -0.01874940 0.28105959 54 54 54
-0.08584236 -0.02905004 0.28590500 119 119 119
-0.06432385 -0.01534269 0.27435839 68 68 68
-0.07208612 -0.01710254 0.27901593 49 49 49
-0.04974594 -0.04827263 0.30980510 118 118 118
-0.05259698 -0.01472748 0.26715305 129 129 129
-0.07792874 -0.02033024 0.28235492 44 44 44
-0.04975751 -0.01491730 0.26546025 126 126 126
-0.06658594 -0.01565190 0.27596101 87 87 87
-0.06380403 -0.01541464 0.27433681 61 61 61
-0.07230173 -0.01703007 0.27945217 50 50 50
-0.05728645 -0.04607917 0.30866820 63 63 63
-0.04037211 -0.04759191 0.30373606 53 53 53
-0.05209685 -0.01478691 0.26716301 126 126 126
-0.06978051 -0.01633335 0.27810553 50 50 50
-0.07801828 -0.02037023 0.28269878 46 46 46
-0.04793453 -0.04855646 0.30400071 110 110 110
-0.04982015 -0.01494035 0.26581135 131 131 131
-0.06609353 -0.01553679 0.27599207 69 69 69
-0.08390643 -0.02792192 0.28542376 63 63 63
-0.05335715 -0.01477287 0.26818258 110 110 110
-0.07016136 -0.01640441 0.27850953 50 50 50
-0.07840391 -0.02068188 0.28311697 50 50 50
-0.04918366 -0.01488805 0.26563993 130 130 130
-0.06560826 -0.01560662 0.27589452 65 65 65
-0.05383876 -0.01495877 0.26866484 108 108 108
-0.07063193 -0.01645915 0.27907115 50 50 50
-0.05011234 -0.04850246 0.30963767 120 120 120
-0.05095620 -0.01481324 0.26696941 134 134 134
-0.05951309 -0.01809040 0.27189890 101 101 101
-0.08594263 -0.02962178 0.28690350 126 126 126
-0.05414359 -0.01512599 0.26902363 99 99 99
-0.05065756 -0.04835390 0.30994660 108 108 108
-0.05024271 -0.01495969 0.26670364 137 137 137
-0.05887919 -0.01774227 0.27176470 105 105 105
-0.06681780 -0.01614142 0.27699339 60 60 60
-0.04809051 -0.04848654 0.30818430 109 109 109
-0.08486583 -0.02842686 0.28660166 121 121 121
-0.05350355 -0.01503359 0.26886961 148 148 148
-0.04889399 -0.01494753 0.26610088 136 136 136
-0.08276529 -0.03743970 0.30130988 60 60 60
-0.06532697 -0.01583917 0.27629745 58 58 58
-0.04535639 -0.04738504 0.30668956 58 58 58
-0.05174319 -0.01491256 0.26799363 119 119 119
-0.03239203 -0.01385180 0.27413070 109 109 109
-0.08264162 -0.03749435 0.30114883 61 61 61
-0.07577568 -0.03927526 0.29640010 115 115 115
-0.03636706 -0.01590120 0.26791227 58 58 58
-0.05536794 -0.01762368 0.26999509 113 113 113
-0.07777368 -0.04228559 0.29694951 112 112 112
-0.05158465 -0.04794797 0.31045920 123 123 123
-0.04562236 -0.04725179 0.30681026 61 61 61
-0.05039833 -0.01492618 0.26733723 144 144 144
-0.05896531 -0.01793045 0.27229652 113 113 113
-0.06660669 -0.01611686 0.27738592 55 55 55
-0.03279352 -0.01387253 0.27417502 113 113 113
-0.08496642 -0.02879027 0.28709522 118 118 118
-0.05375431 -0.01559375 0.26942974 120 120 120
-0.03252529 -0.01396720 0.27387008 111 111 111
-0.05126417 -0.04831021 0.31004840 117 117 117
-0.04883859 -0.01498732 0.26655403 194 194 194
-0.06481998 -0.01580054 0.27650228 60 60 60
-0.04885604 -0.04893138 0.30825734 124 124 124
-0.04178213 -0.04778889 0.30403441 45 45 45
-0.05057299 -0.01481076 0.26775649 134 134 134
-0.05909150 -0.01790855 0.27270275 119 119 119
-0.06636906 -0.01604821 0.27757809 54 54 54
-0.08554053 -0.03002513 0.28763598 70 70 70
-0.05034864 -0.04884593 0.30916363 105 105 105
-0.08290005 -0.03735136 0.30084470 62 62 62
-0.04555817 -0.04712907 0.30659410 61 61 61
-0.04824758 -0.01491971 0.26650277 134 134 134
-0.06448634 -0.01570187 0.27665082 58 58 58
-0.06011261 -0.01734009 0.27372763 96 96 96
-0.04607286 -0.01529956 0.26527917 103 103 103
-0.04726609 -0.01494752 0.26620457 113 113 113
-0.06290617 -0.01542920 0.27597034 59 59 59
-0.04975428 -0.01509647 0.26785219 95 95 95
-0.05847532 -0.01758537 0.27299240 111 111 111
-0.06568860 -0.01576619 0.27782634 53 53 53
-0.08437482 -0.02984540 0.28748026 72 72 72
-0.04441068 -0.01527269 0.26458326 92 92 92
-0.04525557 -0.01542100 0.26517311 133 133 133
-0.04648145 -0.01536126 0.26605728 109 109 109
-0.05544656 -0.01798360 0.27131745 105 105 105
-0.06214577 -0.01537523 0.27594650 63 63 63
-0.04862662 -0.01500979 0.26756343 166 166 166
-0.07648338 -0.03890780 0.29570884 124 124 124
-0.06467193 -0.01546121 0.27765080 52 52 52
-0.08377960 -0.02956013 0.28757110 66 66 66
-0.05968293 -0.01652894 0.27444613 93 93 93
-0.05159309 -0.04858153 0.30965659 109 109 109
-0.07657679 -0.03891412 0.29569173 125 125 125
-0.04546860 -0.01547261 0.26572216 136 136 136
-0.05469072 -0.01763594 0.27120861 105 105 105
-0.06165363 -0.01525871 0.27598900 59 59 59
-0.04757210 -0.04693194 0.30296850 100 100 100
-0.04642517 -0.01544729 0.26643500 144 144 144
-0.05558973 -0.01788512 0.27183855 101 101 101
-0.06230415 -0.01536045 0.27644452 59 59 59
-0.04739929 -0.01500056 0.26720530 115 115 115
-0.05676068 -0.01770404 0.27273944 113 113 113
-0.06358799 -0.01521980 0.27743074 51 51 51
-0.04478050 -0.04707984 0.30557942 55 55 55
-0.05846830 -0.01692175 0.27404174 96 96 96
-0.08417868 -0.03009370 0.28824154 74 74 74
-0.04362193 -0.01538990 0.26500410 115 115 115
-0.05971529 -0.01575670 0.27510142 94 94 94
-0.07620335 -0.03866131 0.29521769 115 115 115
-0.04520018 -0.01547006 0.26607943 139 139 139
-0.05458627 -0.01737709 0.27170518 110 110 110
-0.06140910 -0.01537606 0.27631480 60 60 60
-0.03604158 -0.01341951 0.27470228 61 61 61
-0.07626731 -0.03863040 0.29513812 115 115 115
-0.05616898 -0.01757414 0.27278471 100 100 100
-0.06283180 -0.01508554 0.27740341 52 52 52
-0.04781891 -0.01500257 0.26799506 127 127 127
-0.05722665 -0.01712609 0.27364370 112 112 112
-0.08220655 -0.02812442 0.28773114 52 52 52
-0.05006214 -0.01742507 0.26916537 101 101 101
-0.05865740 -0.01609046 0.27480292 103 103 103
-0.05895553 -0.01574707 0.27514616 102 102 102
-0.04361493 -0.01564681 0.26558009 115 115 115
-0.07767703 -0.03960091 0.29556629 111 111 111
-0.04243078 -0.04724776 0.30376393 44 44 44
-0.04523559 -0.01543020 0.26673856 139 139 139
-0.05482302 -0.01701684 0.27251610 105 105 105
-0.03602457 -0.01367165 0.27426019 62 62 62
-0.05583816 -0.01699413 0.27330095 106 106 106
-0.04517511 -0.04659272 0.30565193 55 55 55
-0.03836190 -0.01376858 0.27555585 57 57 57
-0.04864565 -0.01648590 0.26893881 111 111 111
-0.05766020 -0.01607605 0.27469569 99 99 99
-0.08685571 -0.03570207 0.29006618 108 108 108
-0.04438935 -0.01557858 0.26649785 118 118 118
-0.05576238 -0.01654097 0.27365220 103 103 103
-0.04966264 -0.04950554 0.30759987 116 116 116
-0.04823460 -0.01631306 0.26899099 95 95 95
-0.05736056 -0.01583465 0.27487287 99 99 99
-0.08679479 -0.03547432 0.29037803 86 86 86
-0.04339583 -0.01583415 0.26613429 115 115 115
-0.05974259 -0.01528215 0.27656978 62 62 62
-0.03930464 -0.01398257 0.27580822 53 53 53
-0.07883143 -0.04051324 0.29552549 106 106 106
-0.04510281 -0.01555736 0.26734179 104 104 104
-0.04911546 -0.04949958 0.30713570 124 124 124
-0.04800481 -0.01647395 0.26917657 98 98 98
-0.05663601 -0.01572075 0.27479705 103 103 103
-0.05823284 -0.01468174 0.27605435 86 86 86
-0.03971563 -0.01404146 0.27585605 53 53 53
-0.03579254 -0.01419271 0.27321354 66 66 66
-0.08300421 -0.03015983 0.28940073 64 64 64
-0.04883674 -0.01760433 0.26993400 105 105 105
-0.05686019 -0.01510082 0.27538770 108 108 108
-0.04288957 -0.04681324 0.30369493 47 47 47
-0.03528463 -0.01459569 0.27267352 93 93 93
-0.05838249 -0.01512629 0.27650809 61 61 61
-0.05301408 -0.01427271 0.27333024 61 61 61
-0.04432577 -0.04650036 0.30461735 49 49 49
-0.04815593 -0.01734978 0.26985848 107 107 107
-0.05617844 -0.01480353 0.27537462 106 106 106
-0.03852559 -0.01417356 0.27463773 55 55 55
-0.03918178 -0.01050906 0.26539499 48 48 48
-0.05775631 -0.01516678 0.27641433 63 63 63
-0.04523630 -0.04604115 0.30535680 54 54 54
-0.04319983 -0.01623720 0.26710683 103 103 103
-0.03559127 -0.01449846 0.27265388 68 68 68
-0.04607226 -0.01821496 0.26870412 102 102 102
-0.05367567 -0.01431908 0.27418482 63 63 63
-0.03612167 -0.01438547 0.27288663 60 60 60
-0.05436701 -0.01433994 0.27464381 74 74 74
-0.03934233 -0.01423241 0.27484223 54 54 54
-0.03626894 -0.01444948 0.27283022 59 59 59
-0.05443049 -0.01443225 0.27483875 69 69 69
-0.05386975 -0.01452516 0.27455345 58 58 58
-0.04526417 -0.04583360 0.30525625 53 53 53
-0.04480384 -0.01803895 0.26835984 95 95 95
-0.03905469 -0.01431345 0.27441165 57 57 57
-0.04433578 -0.01771313 0.26824111 84 84 84
-0.04809974 -0.04797747 0.30367646 103 103 103
-0.03999116 -0.01433709 0.27492645 51 51 51
-0.05811321 -0.01528087 0.27745494 57 57 57
-0.03934764 -0.01172692 0.26624840 45 45 45
-0.03650945 -0.01467771 0.27248767 57 57 57
-0.03721624 -0.01137252 0.26504338 46 46 46
-0.04861284 -0.04959116 0.30596489 115 115 115
-0.03967030 -0.01439643 0.27446586 50 50 50
-0.04357851 -0.01750217 0.26819760 97 97 97
-0.03957529 -0.01227427 0.26663461 45 45 45
-0.04098285 -0.01432630 0.27516937 53 53 53
-0.05694597 -0.01530501 0.27715036 58 58 58
-0.05467063 -0.01497686 0.27587792 58 58 58
-0.04108661 -0.01433829 0.27516973 53 53 53
-0.03422870 -0.01552487 0.27060542 105 105 105
-0.03941869 -0.01449528 0.27398178 51 51 51
-0.08147043 -0.04012500 0.29565501 107 107 107
-0.08450130 -0.03916223 0.29092309 99 99 99
-0.05381568 -0.01477927 0.27563730 58 58 58
-0.03852210 -0.01466333 0.27325907 54 54 54
-0.04408806 -0.01826063 0.26901934 103 103 103
-0.04290013 -0.01408465 0.27598611 53 53 53
-0.04417911 -0.01828664 0.26917356 107 107 107
-0.03315448 -0.01586585 0.26949486 117 117 117
-0.08346630 -0.03644704 0.29751670 93 93 93
-0.04046434 -0.01364947 0.26773313 52 52 52
-0.04230275 -0.01428927 0.27557123 60 60 60
-0.03507620 -0.01558332 0.27067870 82 82 82
-0.08039380 -0.03881898 0.29492396 103 103 103
-0.05550958 -0.01503453 0.27711630 56 56 56
-0.05260915 -0.01444885 0.27551481 55 55 55
-0.03808771 -0.01483612 0.27261248 57 57 57
-0.08315385 -0.03710352 0.29694790 89 89 89
-0.04940434 -0.01631470 0.27324930 104 104 104
-0.03955529 -0.01388939 0.26747966 53 53 53
-0.03340928 -0.01593659 0.26933122 116 116 116
-0.04866961 -0.01669310 0.27291778 102 102 102
-0.03964892 -0.01468084 0.27346757 53 53 53
-0.04903748 -0.04977589 0.30568177 109 109 109
-0.08392950 -0.03667647 0.29734817 96 96 96
-0.04424265 -0.01804463 0.27011725 121 121 121
-0.03866624 -0.01484522 0.27268168 60 60 60
-0.04049724 -0.01418178 0.26846838 53 53 53
-0.04883968 -0.01601606 0.27345797 102 102 102
-0.04756411 -0.01686986 0.27263141 106 106 106
-0.03992226 -0.01471783 0.27339593 56 56 56
-0.03311476 -0.01607642 0.26879373 115 115 115
-0.04461991 -0.01786511 0.27068835 108 108 108
-0.05179839 -0.01423641 0.27586296 53 53 53
-0.03196300 -0.01203700 0.26376304 73 73 73
-0.04008358 -0.01435952 0.26853067 54 54 54
-0.04843399 -0.01585623 0.27360258 97 97 97
-0.04246482 -0.01483107 0.27485749 56 56 56
-0.03810254 -0.01506617 0.26722556 46 46 46
-0.04650070 -0.01708503 0.27223933 107 107 107
-0.08796103 -0.03324674 0.29569259 58 58 58
-0.03630969 -0.01448619 0.26631653 51 51 51
-0.04488494 -0.01762914 0.27120295 109 109 109
-0.05171721 -0.01409912 0.27618402 53 53 53
-0.04292810 -0.01480157 0.27507582 59 59 59
-0.04131605 -0.01479939 0.27404818 56 56 56
-0.03197635 -0.01611499 0.26783976 94 94 94
-0.03980936 -0.01458841 0.26874590 59 59 59
-0.04776616 -0.01593028 0.27354693 98 98 98
-0.04499194 -0.01733870 0.27167475 108 108 108
-0.04408823 -0.01451194 0.27575400 60 60 60
-0.04253621 -0.01497355 0.27466807 56 56 56
-0.03619102 -0.01572559 0.26995972 60 60 60
-0.04028554 -0.01457311 0.26925629 59 59 59
-0.03315509 -0.01613753 0.26848704 113 113 113
-0.03737162 -0.01535852 0.26736188 50 50 50
-0.04539727 -0.01707132 0.27212867 121 121 121
-0.04427902 -0.01452084 0.27578458 59 59 59
-0.04201739 -0.01503620 0.27423137 56 56 56
-0.03991584 -0.01487198 0.27293509 53 53 53
-0.08332993 -0.03798179 0.29609120 111 111 111
-0.03721869 -0.01545412 0.26742548 51 51 51
-0.04523160 -0.01688785 0.27230701 114 114 114
-0.04519927 -0.04460463 0.30439818 50 50 50
-0.04054118 -0.01466957 0.26983088 58 58 58
-0.04821887 -0.01468908 0.27473655 62 62 62
-0.04180290 -0.01507528 0.27396530 62 62 62
-0.03731075 -0.01563920 0.26771021 54 54 54
-0.04518346 -0.01664752 0.27255836 106 106 106
-0.03193450 -0.01603273 0.26750213 90 90 90
-0.08360689 -0.03977876 0.29280379 135 135 135
-0.04045989 -0.01473648 0.26998010 58 58 58
-0.04809760 -0.01476085 0.27483907 63 63 63
-0.03579780 -0.01542317 0.26700029 48 48 48
-0.04359450 -0.01678792 0.27170685 107 107 107
-0.03605573 -0.01566994 0.27011153 61 61 61
-0.03800379 -0.01577342 0.26844427 52 52 52
-0.04539081 -0.01615490 0.27307704 98 98 98
-0.08141392 -0.03852707 0.29453963 121 121 121
-0.03854037 -0.01558069 0.26891378 49 49 49
-0.04583881 -0.01567369 0.27357900 102 102 102
-0.08320031 -0.03973917 0.29296446 112 112 112
-0.04131747 -0.01505079 0.27344134 59 59 59
-0.03911626 -0.01504429 0.26949543 56 56 56
-0.04635919 -0.01489904 0.27415407 96 96 96
-0.03431825 -0.01615482 0.26879957 109 109 109
-0.08229993 -0.03896321 0.29492569 129 129 129
-0.03994142 -0.01472100 0.27018577 55 55 55
-0.04151338 -0.01477818 0.27130198 62 62 62
-0.04872435 -0.01432740 0.27595830 56 56 56
-0.03694596 -0.05150272 0.30871183 113 113 113
-0.04570973 -0.01352486 0.26360071 102 102 102
-0.03646661 -0.04998115 0.30657300 102 102 102
-0.03670220 -0.04983813 0.30633724 109 109 109
-0.03647328 -0.04870643 0.30536562 104 104 104
-0.04563792 -0.01397373 0.26366633 111 111 111
-0.03662389 -0.04818388 0.30503196 106 106 106
-0.06146550 -0.04692202 0.30338162 126 126 126
-0.06139544 -0.04430981 0.30273819 124 124 124
-0.03739570 -0.04814033 0.30483106 111 111 111
-0.06172444 -0.04482350 0.30268550 116 116 116
-0.03761044 -0.04845040 0.30496266 104 104 104
-0.06206856 -0.04696583 0.30312270 116 116 116
-0.04912063 -0.01594373 0.26848087 106 106 106
-0.04923457 -0.01624091 0.26861519 115 115 115
-0.06235177 -0.04510386 0.30249140 118 118 118
-0.03821947 -0.04654783 0.30433029 101 101 101
-0.04972616 -0.01649324 0.26863977 128 128 128
-0.03832212 -0.04734195 0.30433655 99 99 99
-0.06288676 -0.04406274 0.30216211 112 112 112
-0.08802404 -0.02776697 0.27792582 106 106 106
-0.05034533 -0.01693152 0.26872009 116 116 116
-0.05048952 -0.01718213 0.26883388 121 121 121
-0.06401493 -0.04433183 0.30206731 120 120 120
-0.06395050 -0.04340848 0.30155951 128 128 128
-0.03909840 -0.04727808 0.30407318 103 103 103
-0.05905411 -0.04414663 0.30250704 99 99 99
-0.04405732 -0.01488444 0.26415807 110 110 110
-0.03926084 -0.04804717 0.30421254 107 107 107
-0.06416707 -0.04332633 0.30141762 113 113 113
-0.08735275 -0.02597108 0.27719584 107 107 107
-0.08973344 -0.03276749 0.28399503 102 102 102
-0.05786050 -0.04268745 0.29967442 101 101 101
-0.04531088 -0.01581994 0.26742613 111 111 111
-0.05454507 -0.01440127 0.27485830 76 76 76
-0.08927915 -0.03205503 0.28305891 123 123 123
-0.04387720 -0.01472147 0.26412466 117 117 117
-0.05414385 -0.01497457 0.27365234 101 101 101
-0.08862827 -0.02948384 0.28115949 107 107 107
-0.05884041 -0.04512740 0.30273917 110 110 110
-0.08791489 -0.02851815 0.27962294 111 111 111
-0.04503398 -0.01564843 0.26739296 110 110 110
-0.05373734 -0.01596540 0.27209824 108 108 108
-0.08708582 -0.02725029 0.27779821 126 126 126
-0.08942836 -0.03296882 0.28424710 113 113 113
-0.04495521 -0.01566003 0.26740679 114 114 114
-0.05758332 -0.04297413 0.30021960 121 121 121
-0.08892786 -0.03171051 0.28302595 125 125 125
-0.05443696 -0.01601710 0.27304217 102 102 102
-0.05458413 -0.01605294 0.27314764 104 104 104
-0.08849487 -0.03060379 0.28203344 122 122 122
-0.05779451 -0.04348666 0.30094761 122 122 122
-0.05386972 -0.01673136 0.27148896 116 116 116
-0.04484493 -0.01649306 0.26773375 105 105 105
-0.08840785 -0.03043731 0.28193170 121 121 121
-0.05486664 -0.01609835 0.27337250 101 101 101
-0.06542501 -0.04478004 0.30158979 111 111 111
-0.05430026 -0.01690030 0.27207154 108 108 108
-0.05313368 -0.01484555 0.26890773 133 133 133
-0.08784744 -0.02871823 0.28071079 106 106 106
-0.05486183 -0.01669273 0.27287447 91 91 91
-0.08754268 -0.02812170 0.28010967 112 112 112
-0.05524499 -0.01659481 0.27327305 91 91 91
-0.05661633 -0.01501700 0.27620050 61 61 61
-0.08663074 -0.02689751 0.27830160 117 117 117
-0.08897001 -0.03301895 0.28479233 118 118 118
-0.06578433 -0.04285911 0.30087221 124 124 124
-0.05461752 -0.01745143 0.27160159 115 115 115
-0.08633181 -0.02493088 0.27731472 115 115 115
-0.08861701 -0.03167646 0.28391829 116 116 116
-0.05542619 -0.01692412 0.27312347 94 94 94
-0.06596186 -0.04295381 0.30083939 124 124 124
-0.08557744 -0.02437593 0.27585247 106 106 106
-0.08810613 -0.03015538 0.28261828 121 121 121
-0.06607921 -0.04438948 0.30114111 100 100 100
-0.04208531 -0.04994654 0.30770278 64 64 64
-0.08749326 -0.02828864 0.28100988 102 102 102
-0.05711911 -0.01487311 0.27617508 65 65 65
-0.05736673 -0.04343985 0.30142426 133 133 133
-0.06633808 -0.04455672 0.30116418 98 98 98
-0.08884484 -0.03483182 0.28590959 103 103 103
-0.06631869 -0.04307435 0.30065611 134 134 134
-0.08640572 -0.02493870 0.27823991 117 117 117
-0.08850106 -0.03232809 0.28465703 122 122 122
-0.04297469 -0.01474699 0.26483110 113 113 113
-0.08813986 -0.03043420 0.28353986 121 121 121
-0.05772097 -0.01521447 0.27649042 62 62 62
-0.05841813 -0.04690532 0.30471966 116 116 116
-0.05480043 -0.01711960 0.26983321 124 124 124
-0.08479632 -0.02391847 0.27503079 116 116 116
-0.08761757 -0.02852772 0.28209415 119 119 119
-0.05765883 -0.04501414 0.30291316 126 126 126
-0.08856556 -0.03519583 0.28626111 107 107 107
-0.06690392 -0.04394682 0.30081594 98 98 98
-0.05504924 -0.01727740 0.26980790 125 125 125
-0.08811796 -0.03076890 0.28417712 122 122 122
-0.04114563 -0.04763728 0.30393603 52 52 52
-0.05725591 -0.04391678 0.30229655 126 126 126
-0.04279324 -0.00938315 0.26480386 53 53 53
-0.08702362 -0.02763757 0.28123999 105 105 105
-0.04112390 -0.04688814 0.30372497 53 53 53
-0.05719380 -0.04394612 0.30242085 126 126 126
-0.08620260 -0.02466538 0.27885550 120 120 120
-0.08840009 -0.03228911 0.28556550 116 116 116
-0.04118915 -0.04588250 0.30364886 56 56 56
-0.05838695 -0.04638029 0.30569011 90 90 90
-0.08772016 -0.02991928 0.28371498 122 122 122
-0.05420373 -0.01394707 0.26608181 117 117 117
-0.05564127 -0.01661420 0.26954448 121 121 121
-0.04267269 -0.01507555 0.26565880 105 105 105
-0.08694838 -0.02762529 0.28165382 108 108 108
-0.05569010 -0.01595987 0.26939005 130 130 130
-0.05437062 -0.01370518 0.26579830 130 130 130
-0.08611874 -0.02636108 0.27978584 108 108 108
-0.08803656 -0.03403155 0.28598371 114 114 114
-0.05450327 -0.01379050 0.26584232 108 108 108
-0.08760274 -0.02989753 0.28404611 128 128 128
-0.05605207 -0.01570961 0.26929122 123 123 123
-0.08382415 -0.02252760 0.27444530 118 118 118
-0.08668157 -0.02717677 0.28154826 108 108 108
-0.04147496 -0.04584028 0.30355513 56 56 56
-0.06774129 -0.04082292 0.29915336 115 115 115
-0.08583671 -0.02436784 0.27928942 127 127 127
-0.08798548 -0.03179001 0.28573743 118 118 118
-0.04158261 -0.04644226 0.30357781 54 54 54
-0.08412363 -0.02334707 0.27566344 122 122 122
-0.08712526 -0.02771740 0.28309053 99 99 99
-0.05657498 -0.01598728 0.26947051 107 107 107
-0.06778268 -0.04047167 0.29852685 116 116 116
-0.08555963 -0.02419013 0.27900440 128 128 128
-0.08775146 -0.03135061 0.28552777 125 125 125
-0.04279986 -0.01666130 0.26764160 104 104 104
-0.08777831 -0.03593053 0.28715411 119 119 119
-0.04188633 -0.01021809 0.26507401 57 57 57
-0.04327041 -0.01771087 0.26926056 110 110 110
-0.06842449 -0.04136414 0.29913446 138 138 138
-0.08568791 -0.02596410 0.28031340 125 125 125
-0.05634211 -0.04609681 0.30308950 110 110 110
-0.08371583 -0.02293115 0.27570501 125 125 125
-0.04260791 -0.01674996 0.26803789 91 91 91
-0.08539420 -0.02401659 0.27960879 126 126 126
-0.08751562 -0.03325174 0.28658694 117 117 117
-0.08364867 -0.02293093 0.27598402 124 124 124
-0.04230112 -0.04718382 0.30373871 44 44 44
-0.05836709 -0.01657023 0.27108565 96 96 96
-0.08536444 -0.02563023 0.28037897 124 124 124
-0.08740358 -0.03324939 0.28673726 118 118 118
-0.04152889 -0.01105058 0.26568305 53 53 53
-0.04353115 -0.01723606 0.27100003 108 108 108
-0.08360419 -0.02293728 0.27626446 124 124 124
-0.08658624 -0.02853012 0.28393072 125 125 125
-0.05586777 -0.04553318 0.30296963 124 124 124
-0.05837819 -0.01495278 0.27013946 107 107 107
-0.04326222 -0.01725257 0.27059200 108 108 108
-0.08508119 -0.02383467 0.27968872 126 126 126
-0.04168251 -0.01181819 0.26652673 74 74 74
-0.04268873 -0.01709599 0.26938638 121 121 121
-0.05887898 -0.01732406 0.27136591 117 117 117
-0.08716638 -0.03611390 0.28768903 127 127 127
-0.05885543 -0.01656941 0.27092743 120 120 120
-0.04228931 -0.01651404 0.26856697 109 109 109
-0.08337373 -0.02164289 0.27594775 98 98 98
-0.05893348 -0.01661608 0.27090418 119 119 119
-0.06920477 -0.04059381 0.29781434 99 99 99
-0.05870641 -0.01466098 0.26991194 103 103 103
-0.08652607 -0.02895233 0.28467035 120 120 120
-0.04260917 -0.04684667 0.30362925 48 48 48
-0.04095280 -0.01077188 0.26535812 49 49 49
-0.07026315 -0.04330515 0.30030921 118 118 118
-0.08688203 -0.03019505 0.28592256 120 120 120
-0.05701259 -0.01282803 0.26531023 114 114 114
-0.07015908 -0.04134740 0.29950511 121 121 121
-0.05713378 -0.01321874 0.26543242 105 105 105
-0.04124420 -0.01191290 0.26637569 54 54 54
-0.08500341 -0.02540361 0.28095904 134 134 134
-0.08699074 -0.03354551 0.28731820 120 120 120
-0.04209035 -0.01623838 0.26897052 113 113 113
-0.05739651 -0.01378349 0.26570627 106 106 106
-0.08684213 -0.03614254 0.28799289 139 139 139
-0.04087921 -0.01128398 0.26580569 46 46 46
-0.07066809 -0.04351225 0.30018216 117 117 117
-0.08331545 -0.02271436 0.27719897 134 134 134
-0.04284149 -0.04668933 0.30361521 47 47 47
-0.04071328 -0.01112124 0.26566592 46 46 46
-0.07044336 -0.04098918 0.29885644 121 121 121
-0.04299860 -0.04672181 0.30369914 47 47 47
-0.04267367 -0.01639886 0.27103993 111 111 111
-0.08475758 -0.02515047 0.28109282 127 127 127
-0.08672816 -0.03254124 0.28728485 117 117 117
-0.04054195 -0.01117568 0.26574558 45 45 45
-0.04072820 -0.01170243 0.26619819 49 49 49
-0.04236310 -0.01623988 0.27058434 107 107 107
-0.07107749 -0.04380456 0.30015832 125 125 125
-0.04008226 -0.00693112 0.26437876 60 60 60
-0.07098222 -0.04290180 0.29954651 121 121 121
-0.08571301 -0.02734754 0.28415471 66 66 66
-0.04086485 -0.01275777 0.26698586 53 53 53
-0.07111719 -0.04299538 0.29945329 120 120 120
-0.08014689 -0.02056343 0.27106893 128 128 128
-0.03989884 -0.00745062 0.26454157 50 50 50
-0.04111289 -0.01340332 0.26797280 70 70 70
-0.07111818 -0.04238287 0.29914328 120 120 120
-0.05833080 -0.01385054 0.26549116 104 104 104
-0.07117174 -0.04232739 0.29904911 120 120 120
-0.08446210 -0.02413536 0.28105858 70 70 70
-0.08649544 -0.03293334 0.28770047 116 116 116
-0.04253512 -0.01567016 0.27180967 111 111 111
-0.07044029 -0.04032251 0.29684240 107 107 107
-0.07042489 -0.03950942 0.29639390 108 108 108
-0.08630212 -0.03554185 0.28825429 119 119 119
-0.04266180 -0.01529513 0.27237102 108 108 108
-0.07133219 -0.04217730 0.29876378 120 120 120
-0.06060133 -0.01768338 0.27038664 121 121 121
-0.08301724 -0.02250490 0.27806345 134 134 134
-0.08574714 -0.02851709 0.28531006 135 135 135
-0.07155266 -0.04313591 0.29902297 117 117 117
-0.03970870 -0.00997980 0.26516458 47 47 47
-0.04117335 -0.01408278 0.26907551 72 72 72
-0.05430615 -0.04735180 0.30318385 115 115 115
-0.08420658 -0.02430324 0.28139719 71 71 71
-0.08624566 -0.03349688 0.28813851 115 115 115
-0.04099692 -0.01413827 0.26888859 62 62 62
-0.05421357 -0.04672802 0.30310532 123 123 123
-0.03966933 -0.01081046 0.26555774 42 42 42
-0.08613837 -0.03599285 0.28881076 121 121 121
-0.04193701 -0.01500489 0.27142918 103 103 103
-0.07181129 -0.04247067 0.29844472 113 113 113
-0.07919122 -0.02215657 0.28471476 55 55 55
-0.04076989 -0.01418535 0.26869810 59 59 59
-0.07196179 -0.04327689 0.29871929 113 113 113
-0.07956631 -0.02020672 0.27132687 126 126 126
-0.08297063 -0.02251930 0.27900764 135 135 135
-0.07122532 -0.04061545 0.29635903 120 120 120
-0.03226493 -0.01351905 0.27480137 99 99 99
-0.07206501 -0.04288008 0.29848316 114 114 114
-0.05386366 -0.04566015 0.30288595 104 104 104
-0.04426586 -0.04674742 0.30466267 50 50 50
-0.07223099 -0.04282220 0.29841116 114 114 114
-0.08591490 -0.02967037 0.28729507 114 114 114
-0.04062627 -0.01438150 0.26904348 61 61 61
-0.04183985 -0.01499858 0.27206007 66 66 66
-0.08329152 -0.02282749 0.28028062 129 129 129
-0.08587272 -0.03004783 0.28762597 76 76 76
-0.05393637 -0.04861394 0.30365306 123 123 123
-0.03904348 -0.00989514 0.26516497 45 45 45
-0.07251935 -0.04285660 0.29840115 107 107 107
-0.08338277 -0.02435466 0.28111306 64 64 64
-0.08577950 -0.03191405 0.28809732 116 116 116
-0.04103713 -0.01471486 0.27056631 61 61 61
-0.03890394 -0.01028891 0.26527277 46 46 46
-0.07276191 -0.04197232 0.29819191 103 103 103
-0.03767379 -0.00612858 0.26216805 95 95 95
-0.08316148 -0.02419318 0.28099525 69 69 69
-0.08563548 -0.03142308 0.28806198 112 112 112
-0.05347413 -0.04627890 0.30323154 122 122 122
-0.08379551 -0.02503935 0.28271145 125 125 125
-0.08548944 -0.03492139 0.28892308 121 121 121
-0.06455790 -0.01547321 0.27404708 97 97 97
-0.08387755 -0.02546022 0.28320974 118 118 118
-0.05331332 -0.04642781 0.30332235 120 120 120
-0.03241621 -0.01403081 0.27372554 112 112 112
-0.07348792 -0.04125899 0.29802859 110 110 110
-0.04489010 -0.04643383 0.30520856 53 53 53
-0.08552309 -0.03826055 0.29032621 97 97 97
-0.05326703 -0.04687512 0.30341890 116 116 116
-0.05318158 -0.04703179 0.30345893 116 116 116
-0.08483778 -0.02816564 0.28630036 117 117 117
-0.04767005 -0.04889039 0.31231457 66 66 66
-0.04484779 -0.04607905 0.30500132 54 54 54
-0.05308081 -0.04648194 0.30339363 103 103 103
-0.06433345 -0.01702078 0.27215242 118 118 118
-0.04504594 -0.04626622 0.30529457 53 53 53
-0.06471413 -0.01741722 0.27279657 114 114 114
-0.06475668 -0.01747722 0.27273560 108 108 108
-0.08375345 -0.02756796 0.28446287 71 71 71
-0.03687841 -0.00693815 0.26223397 95 95 95
-0.06510004 -0.01754289 0.27313942 110 110 110
-0.08357234 -0.02541880 0.28370473 114 114 114
-0.08502895 -0.03697246 0.28989577 113 113 113
-0.06544434 -0.01757011 0.27344677 107 107 107
-0.04801788 -0.04885091 0.31255633 70 70 70
-0.08345100 -0.02525071 0.28362834 122 122 122
-0.08495398 -0.03666232 0.28986323 119 119 119
-0.04519046 -0.04587637 0.30521551 53 53 53
-0.06562050 -0.01764381 0.27346247 105 105 105
-0.08499347 -0.03281950 0.28909206 111 111 111
-0.03664776 -0.00736392 0.26234272 93 93 93
-0.03218168 -0.01484794 0.27199009 104 104 104
-0.07816794 -0.01813057 0.27128610 124 124 124
-0.07497492 -0.03579438 0.29696450 64 64 64
-0.08446429 -0.02972213 0.28733799 74 74 74
-0.06489848 -0.01629375 0.27078122 108 108 108
-0.08329252 -0.02719431 0.28446272 68 68 68
-0.08471603 -0.03885740 0.29058942 113 113 113
-0.03777767 -0.01362372 0.26613513 45 45 45
-0.07511359 -0.03418499 0.29608911 57 57 57
-0.08479030 -0.03322743 0.28938729 113 113 113
-0.04641907 -0.04733624 0.30767986 58 58 58
-0.07851862 -0.01965700 0.27300036 124 124 124
-0.08206236 -0.02365064 0.28134355 63 63 63
-0.08467398 -0.03038462 0.28858012 110 110 110
-0.07513900 -0.03915185 0.29653248 109 109 109
-0.03608791 -0.00792760 0.26240960 77 77 77
-0.08082796 -0.02152838 0.27841508 69 69 69
-0.08412526 -0.02785614 0.28695565 132 132 132
-0.04603257 -0.04662928 0.30652070 59 59 59
-0.03594572 -0.00794122 0.26237038 84 84 84
-0.07564767 -0.04021952 0.29725724 113 113 113
-0.08298359 -0.02688762 0.28452510 68 68 68
-0.08436999 -0.03896490 0.29071158 112 112 112
-0.06611341 -0.01726947 0.27174425 100 100 100
-0.07548328 -0.03939671 0.29649064 102 102 102
-0.07863404 -0.01979533 0.27383262 147 147 147
-0.08454083 -0.03245015 0.28943017 119 119 119
-0.04590978 -0.04607466 0.30589771 56 56 56
-0.07584601 -0.03434471 0.29582712 54 54 54
-0.07782920 -0.01828716 0.27195016 129 129 129
-0.08385117 -0.02948723 0.28739053 69 69 69
-0.07598355 -0.04011637 0.29716456 112 112 112
-0.04617849 -0.04638837 0.30636942 68 68 68
-0.08273387 -0.02666952 0.28458098 64 64 64
-0.08410725 -0.03887606 0.29074290 127 127 127
-0.07801298 -0.01850657 0.27283892 111 111 111
-0.03198509 -0.01564216 0.27006844 106 106 106
-0.06684269 -0.01809391 0.27200711 114 114 114
-0.03693236 -0.01398414 0.26615074 46 46 46
-0.04679167 -0.04714273 0.30769238 78 78 78
-0.07608819 -0.01832915 0.26899388 86 86 86
-0.07634442 -0.03457689 0.29575327 63 63 63
-0.08430064 -0.03254419 0.28976262 120 120 120
-0.03204595 -0.01570671 0.26992843 108 108 108
-0.07642039 -0.03929008 0.29655418 111 111 111
-0.08249447 -0.02636729 0.28454021 60 60 60
-0.08414780 -0.03635583 0.29066172 116 116 116
-0.03677452 -0.01458706 0.26650468 47 47 47
-0.07656396 -0.03921225 0.29641396 111 111 111
-0.06712902 -0.01662642 0.27113390 133 133 133
-0.07668789 -0.03421537 0.29538077 58 58 58
-0.04602424 -0.04555913 0.30530784 64 64 64
-0.07847887 -0.01961346 0.27486354 128 128 128
-0.04981277 -0.04465578 0.30047643 107 107 107
-0.07629693 -0.03819815 0.29479975 114 114 114
-0.08208144 -0.02548841 0.28410155 61 61 61
-0.08429625 -0.03272103 0.29059383 113 113 113
-0.06750012 -0.01796107 0.27144110 122 122 122
-0.04971518 -0.04473792 0.30046365 108 108 108
-0.06768238 -0.01839295 0.27165699 111 111 111
-0.08002083 -0.02137937 0.27889770 65 65 65
-0.08246745 -0.02686097 0.28540513 54 54 54
-0.04656820 -0.04722779 0.30625713 110 110 110
-0.08261067 -0.02760256 0.28612354 55 55 55
-0.08358349 -0.03884585 0.29112467 125 125 125
-0.07702692 -0.03905533 0.29574612 126 126 126
-0.03634460 -0.01482613 0.26662046 45 45 45
-0.08253513 -0.02752439 0.28611517 59 59 59
-0.08352312 -0.03903699 0.29126281 138 138 138
-0.07739909 -0.04086880 0.29634953 107 107 107
-0.08282790 -0.02839977 0.28720331 59 59 59
-0.06806184 -0.01781291 0.27116796 118 118 118
-0.07692879 -0.03834447 0.29455432 116 116 116
-0.04589747 -0.04355679 0.30411181 60 60 60
-0.08302833 -0.02919649 0.28803170 57 57 57
-0.07771933 -0.04212798 0.29671836 110 110 110
-0.07715094 -0.03833831 0.29445621 116 116 116
-0.07839275 -0.01943882 0.27608022 129 129 129
-0.08116767 -0.02381866 0.28294837 53 53 53
-0.08352973 -0.03039415 0.28950560 108 108 108
-0.04903090 -0.04526309 0.30034444 108 108 108
-0.07776748 -0.03346408 0.29443237 55 55 55
-0.04684165 -0.04775065 0.30628842 107 107 107
-0.07506345 -0.01772123 0.26885331 90 90 90
-0.08154266 -0.02516896 0.28429571 52 52 52
-0.08372454 -0.03190566 0.29058120 98 98 98
-0.06734341 -0.01531660 0.26783681 110 110 110
-0.03198241 -0.01612128 0.26818034 101 101 101
-0.08220799 -0.02737923 0.28647593 58 58 58
-0.08332468 -0.03940731 0.29187858 130 130 130
-0.04654825 -0.04721282 0.30531731 105 105 105
-0.07798903 -0.03299791 0.29402566 53 53 53
-0.03406100 -0.00973278 0.26267153 75 75 75
-0.06777137 -0.01600892 0.26809981 112 112 112
-0.07817188 -0.04070491 0.29577032 103 103 103
-0.03156900 -0.01571444 0.26690981 85 85 85
-0.07803860 -0.01887006 0.27600503 117 117 117
-0.08082242 -0.02331449 0.28289318 54 54 54
-0.08291330 -0.03010653 0.28904995 72 72 72
-0.04860029 -0.04535174 0.30039498 110 110 110
-0.06794740 -0.01579588 0.26782668 102 102 102
-0.07840402 -0.04065990 0.29566652 106 106 106
-0.07856741 -0.01962959 0.27744260 120 120 120
-0.08119405 -0.02477518 0.28429073 52 52 52
-0.08339536 -0.03228312 0.29090449 64 64 64
-0.04778908 -0.04839491 0.30796742 107 107 107
-0.03746673 -0.01493465 0.27229050 56 56 56
-0.07848893 -0.03351174 0.29379374 56 56 56
-0.08185948 -0.02644071 0.28620896 56 56 56
-0.08301366 -0.03888600 0.29191142 126 126 126
-0.07864789 -0.04061227 0.29558665 113 113 113
-0.07836509 -0.03924397 0.29446086 107 107 107
-0.08025962 -0.02245799 0.28209594 53 53 53
-0.08249034 -0.02883743 0.28838995 56 56 56
-0.04841407 -0.04580073 0.30079105 131 131 131
-0.07891899 -0.03485817 0.29440776 63 63 63
-0.08177109 -0.02653395 0.28648791 55 55 55
-0.08288916 -0.03860097 0.29197231 119 119 119
-0.07872455 -0.03170264 0.29304090 62 62 62
-0.03169625 -0.01541800 0.26649791 94 94 94
-0.07754844 -0.01788538 0.27569279 67 67 67
-0.08035599 -0.02269066 0.28273487 52 52 52
-0.08248618 -0.02946848 0.28893352 58 58 58
-0.07910216 -0.04145932 0.29570857 97 97 97
-0.07434631 -0.01759060 0.26909468 106 106 106
-0.07917890 -0.04153043 0.29573819 97 97 97
-0.08105287 -0.02500748 0.28503633 52 52 52
-0.08303349 -0.03235426 0.29103684 65 65 65
-0.04657611 -0.04696759 0.30422696 110 110 110
-0.08164996 -0.02677953 0.28699178 55 55 55
-0.08271246 -0.03787953 0.29204017 118 118 118
-0.07907035 -0.03159463 0.29279321 62 62 62
-0.03780971 -0.01394365 0.27472430 57 57 57
-0.03196932 -0.01561322 0.26676467 80 80 80
-0.07500632 -0.01796229 0.28070506 52 52 52
-0.07985622 -0.02204738 0.28219283 52 52 52
-0.08210898 -0.02838791 0.28850934 57 57 57
-0.04727997 -0.04849335 0.30589280 112 112 112
-0.07772108 -0.01839905 0.27695414 76 76 76
-0.08044978 -0.02368305 0.28403822 57 57 57
-0.08251256 -0.03109286 0.29020566 64 64 64
-0.03768251 -0.01385298 0.27482593 53 53 53
-0.04899490 -0.04965989 0.30415875 121 121 121
-0.08120043 -0.02560428 0.28626907 51 51 51
-0.04765421 -0.04879916 0.30653965 120 120 120
-0.07960408 -0.02793797 0.29200679 52 52 52
-0.07530978 -0.01822677 0.28061569 52 52 52
-0.07509842 -0.01922821 0.27211419 120 120 120
-0.07576559 -0.01857653 0.28150427 53 53 53
-0.08157250 -0.02715228 0.28766590 53 53 53
-0.07539619 -0.01830136 0.28063175 54 54 54
-0.03148655 -0.01392254 0.26513052 92 92 92
-0.07259497 -0.01861403 0.27448940 111 111 111
-0.07989147 -0.02227782 0.28306228 53 53 53
-0.08202706 -0.02908851 0.28925255 57 57 57
-0.07572489 -0.01860127 0.28096086 53 53 53
-0.07750411 -0.01887332 0.27753949 65 65 65
-0.08019386 -0.02349700 0.28429553 54 54 54
-0.08217032 -0.03093823 0.29028004 55 55 55
-0.07147057 -0.01708439 0.27127877 106 106 106
-0.08018904 -0.03872287 0.29480746 105 105 105
-0.04767152 -0.04888576 0.30612412 111 111 111
-0.07300070 -0.01864938 0.27483574 101 101 101
-0.07785862 -0.02004389 0.27870515 62 62 62
-0.08055289 -0.02459505 0.28546089 54 54 54
-0.08246187 -0.03224796 0.29133263 65 65 65
-0.08031239 -0.03490230 0.29393536 115 115 115
-0.07195210 -0.01794282 0.27219895 131 131 131
-0.08064582 -0.04001507 0.29571554 99 99 99
-0.07601877 -0.01887451 0.28084391 52 52 52
-0.08064125 -0.02487649 0.28592405 51 51 51
-0.07220582 -0.01839933 0.27266839 126 126 126
-0.04705488 -0.04796585 0.30435157 119 119 119
-0.08038081 -0.03357632 0.29339874 113 113 113
-0.07620288 -0.01902868 0.28109553 52 52 52
-0.08050129 -0.03678706 0.29424575 120 120 120
-0.08062697 -0.02493855 0.28617322 50 50 50
-0.08226349 -0.03410491 0.29188776 117 117 117
-0.07205893 -0.01773428 0.27175888 131 131 131
-0.04736644 -0.04565356 0.30150607 122 122 122
-0.08027841 -0.03172845 0.29228732 66 66 66
-0.03230786 -0.01089838 0.26299241 108 108 108
-0.08068135 -0.02508883 0.28649524 50 50 50
-0.08214372 -0.03488685 0.29208153 116 116 116
-0.04704927 -0.04768119 0.30402830 117 117 117
-0.08004916 -0.02627501 0.29026124 54 54 54
-0.07231050 -0.01792165 0.27194500 119 119 119
-0.04740807 -0.04600857 0.30182421 124 124 124
-0.08063433 -0.03428777 0.29329556 105 105 105
-0.08059873 -0.02502818 0.28654662 49 49 49
-0.08210867 -0.03451623 0.29205006 106 106 106
-0.08072103 -0.03543576 0.29355714 112 112 112
-0.04793022 -0.04910593 0.30619526 114 114 114
-0.07682475 -0.01952012 0.28145736 50 50 50
-0.08048909 -0.02490833 0.28654012 50 50 50
-0.08204932 -0.03414730 0.29203248 107 107 107
-0.07201188 -0.01682028 0.27059966 121 121 121
-0.08080687 -0.03688762 0.29388988 113 113 113
-0.04809350 -0.04895793 0.30414474 117 117 117
-0.08052371 -0.02840286 0.29096943 55 55 55
-0.08039258 -0.02470422 0.28636527 49 49 49
-0.08199089 -0.03363012 0.29198456 116 116 116
-0.07754453 -0.01995261 0.28271353 48 48 48
-0.04837257 -0.04922854 0.30699289 116 116 116
-0.07759697 -0.02002588 0.28256547 49 49 49
-0.07723979 -0.01972316 0.27876782 57 57 57
-0.08000977 -0.02392579 0.28563851 55 55 55
-0.08185174 -0.03196611 0.29144260 64 64 64
-0.08027818 -0.02625652 0.28957951 53 53 53
-0.07236450 -0.01711567 0.27065474 118 118 118
-0.08076733 -0.03117293 0.29164085 61 61 61
-0.07824703 -0.02054550 0.28374454 54 54 54
-0.07953752 -0.02262051 0.28449655 54 54 54
-0.08153611 -0.03005994 0.29053044 56 56 56
-0.08111899 -0.03185222 0.29232827 76 76 76
-0.04700835 -0.04707059 0.30335376 121 121 121
-0.03195392 -0.01164037 0.26346952 81 81 81
-0.07896772 -0.02123588 0.28322381 49 49 49
-0.08124752 -0.02760898 0.28953651 53 53 53
-0.08083329 -0.02893357 0.29080629 55 55 55
-0.07720108 -0.01985065 0.28090963 50 50 50
-0.08094562 -0.02944524 0.29096198 54 54 54
-0.07956497 -0.02317688 0.28650078 52 52 52
-0.07422941 -0.01925944 0.27290016 125 125 125
-0.07821435 -0.02055677 0.28158838 50 50 50
-0.08070916 -0.02590890 0.28818178 55 55 55
-0.08181326 -0.03670172 0.29318246 110 110 110
-0.08065807 -0.02670920 0.28945741 50 50 50
-0.07823908 -0.02053011 0.28279573 48 48 48
-0.08134213 -0.03435061 0.29260081 105 105 105
-0.03160869 -0.01111054 0.26302975 102 102 102
-0.08023426 -0.02450234 0.28698090 52 52 52
-0.08161832 -0.03424286 0.29235068 104 104 104
-0.07783618 -0.02027622 0.28182614 52 52 52
-0.08156304 -0.03674834 0.29345426 111 111 111
-0.07989185 -0.02389455 0.28667611 51 51 51
-0.07756626 -0.02009496 0.28093198 49 49 49
-0.07286110 -0.01687635 0.26978379 123 123 123
-0.07654948 -0.01909300 0.27814198 55 55 55
-0.03143432 -0.01125028 0.26311621 101 101 101
-0.03231752 -0.01018613 0.26265207 119 119 119
-0.04225194 -0.04360629 0.30360198 58 58 58
-0.03305499 -0.00982709 0.26251155 142 142 142
-0.04118828 -0.04571131 0.30364579 57 57 57
-0.03305441 -0.01022954 0.26269108 101 101 101
-0.04436744 -0.03964495 0.30381677 60 60 60
-0.04133090 -0.04565658 0.30360600 58 58 58
-0.03437672 -0.00894156 0.26234806 97 97 97
-0.03417125 -0.00947916 0.26253548 91 91 91
-0.03472103 -0.00863293 0.26230046 114 114 114
-0.04232610 -0.04424802 0.30348638 58 58 58
-0.04162880 -0.04443685 0.30365801 57 57 57
-0.04383596 -0.04173379 0.30354914 60 60 60
-0.03574020 -0.00768805 0.26216659 107 107 107
-0.04230237 -0.04298557 0.30370501 60 60 60
-0.04381754 -0.04230950 0.30352566 59 59 59
-0.06084037 -0.01680627 0.26996079 134 134 134
-0.04453003 -0.04135225 0.30359590 57 57 57
-0.04199371 -0.04607215 0.30345482 57 57 57
-0.03718692 -0.00669789 0.26224601 94 94 94
-0.04313479 -0.04424550 0.30340219 60 60 60
-0.04261160 -0.04530788 0.30334485 56 56 56
-0.06110242 -0.01698886 0.26997182 134 134 134
-0.04364586 -0.04384873 0.30353338 59 59 59
-0.04425754 -0.04293702 0.30362427 57 57 57
-0.03981094 -0.04696316 0.30373749 75 75 75
-0.04347454 -0.04012355 0.30399320 58 58 58
-0.04453818 -0.04295648 0.30366611 53 53 53
-0.06207165 -0.01230121 0.26601934 109 109 109
-0.04463044 -0.04315850 0.30367622 54 54 54
-0.04688453 -0.03924998 0.30370149 54 54 54
-0.04394865 -0.04466363 0.30382994 58 58 58
-0.04450868 -0.04387172 0.30386251 55 55 55
-0.08097459 -0.02892376 0.29060870 57 57 57
-0.04595879 -0.04180922 0.30349168 64 64 64
-0.04600843 -0.04209674 0.30353647 57 57 57
-0.07995265 -0.03052826 0.29207033 62 62 62
-0.04433125 -0.04526780 0.30430636 51 51 51
-0.04657026 -0.04168929 0.30357185 57 57 57
-0.04730590 -0.04046507 0.30335513 61 61 61
-0.04176695 -0.04222500 0.30413520 57 57 57
-0.07890187 -0.03242558 0.29315266 63 63 63
-0.04712113 -0.04127707 0.30368143 63 63 63
-0.04444753 -0.04601025 0.30460614 53 53 53
-0.03920707 -0.04646206 0.30402568 107 107 107
-0.04185719 -0.05062253 0.30900022 90 90 90
-0.04864140 -0.03942349 0.30318636 63 63 63
-0.06500643 -0.01482365 0.26889077 115 115 115
-0.04603083 -0.04402268 0.30423328 73 73 73
-0.04642564 -0.04357227 0.30324739 95 95 95
-0.03971127 -0.04509670 0.30402955 88 88 88
-0.06123157 -0.01208209 0.26601285 98 98 98
-0.08331720 -0.02528470 0.28409693 123 123 123
-0.04041024 -0.04373454 0.30413571 59 59 59
-0.03964720 -0.04483869 0.30407971 96 96 96
-0.06579850 -0.01450301 0.26819032 124 124 124
-0.03943219 -0.00938577 0.26500350 51 51 51
-0.06571217 -0.01477498 0.26827374 128 128 128
-0.03976895 -0.04434839 0.30409923 78 78 78
-0.03968889 -0.00907233 0.26495728 51 51 51
-0.04976346 -0.03897599 0.30318880 60 60 60
-0.03807365 -0.01235452 0.26587257 52 52 52
-0.04621300 -0.04545164 0.30395421 94 94 94
-0.07525133 -0.03883023 0.29620484 118 118 118
-0.08129116 -0.02819782 0.28996950 54 54 54
-0.04759120 -0.04349384 0.30145648 98 98 98
-0.04701816 -0.04461228 0.30176222 113 113 113
-0.07806015 -0.03243824 0.29371479 59 59 59
-0.04993625 -0.03952086 0.30331671 59 59 59
-0.04619229 -0.04607711 0.30576393 81 81 81
-0.07984773 -0.03052399 0.29213908 59 59 59
-0.05014880 -0.03950504 0.30332541 62 62 62
-0.04360809 -0.05034950 0.31040433 91 91 91
-0.04151538 -0.00728104 0.26479927 60 60 60
-0.06684356 -0.01469355 0.26784539 121 121 121
-0.03875080 -0.01256939 0.26631173 58 58 58
-0.04649322 -0.04638736 0.30368158 108 108 108
-0.04076541 -0.00912078 0.26490393 50 50 50
-0.04648631 -0.04672276 0.30422083 111 111 111
-0.03917377 -0.04454036 0.30434904 101 101 101
-0.04163602 -0.00777429 0.26478359 57 57 57
-0.04432483 -0.05016947 0.31084910 82 82 82
-0.03966316 -0.04326893 0.30449119 82 82 82
-0.04784739 -0.04513700 0.30082673 116 116 116
-0.05109327 -0.03940771 0.30340606 59 59 59
-0.08315185 -0.02508673 0.28412008 118 118 118
-0.04818255 -0.04508854 0.30057096 116 116 116
-0.04148797 -0.00914016 0.26484662 58 58 58
-0.04849629 -0.04490033 0.30040872 119 119 119
-0.04020404 -0.04190085 0.30465516 62 62 62
-0.03754031 -0.04678472 0.30451417 107 107 107
-0.03858050 -0.04472537 0.30446127 106 106 106
-0.04578771 -0.04923537 0.31124121 66 66 66
-0.06772138 -0.01565303 0.26783314 118 118 118
-0.05209257 -0.03923111 0.30327439 65 65 65
-0.04289166 -0.00728676 0.26470816 59 59 59
-0.04975618 -0.04374097 0.30041292 119 119 119
-0.06787797 -0.01572714 0.26780939 118 118 118
-0.04216790 -0.00889735 0.26480788 60 60 60
-0.03970728 -0.04202162 0.30481899 74 74 74
-0.04921871 -0.04525130 0.30038536 107 107 107
-0.03755857 -0.04603339 0.30454236 112 112 112
-0.04655692 -0.04904294 0.31155288 61 61 61
-0.06865429 -0.01526757 0.26748636 95 95 95
-0.05305428 -0.03883470 0.30303872 60 60 60
-0.05301291 -0.03902286 0.30312628 64 64 64
-0.04376441 -0.00685412 0.26466417 54 54 54
-0.05323626 -0.03902640 0.30312651 65 65 65
-0.05077621 -0.04369270 0.30054143 112 112 112
-0.05333984 -0.03916581 0.30321148 62 62 62
-0.05362774 -0.03888719 0.30298895 62 62 62
-0.04375498 -0.00743806 0.26462048 59 59 59
-0.04333821 -0.00846948 0.26461226 59 59 59
-0.08897044 -0.03425042 0.28533345 99 99 99
-0.04258165 -0.00991209 0.26507059 57 57 57
-0.05401945 -0.03910252 0.30299944 67 67 67
-0.04367404 -0.00820034 0.26455402 64 64 64
-0.04360665 -0.00845715 0.26456717 60 60 60
-0.04957659 -0.04705954 0.30355427 127 127 127
-0.05188212 -0.04346530 0.30066571 123 123 123
-0.04224270 -0.01091793 0.26583010 82 82 82
-0.04918434 -0.04799290 0.30363977 104 104 104
-0.03782880 -0.04426965 0.30479145 103 103 103
-0.05497381 -0.03829328 0.30289000 57 57 57
-0.04378260 -0.00866144 0.26457512 58 58 58
-0.03653445 -0.04644083 0.30478463 107 107 107
-0.04152954 -0.01261142 0.26713368 79 79 79
-0.08861051 -0.03411099 0.28533736 139 139 139
-0.04180119 -0.01253555 0.26647577 101 101 101
-0.04993310 -0.04793277 0.30351323 128 128 128
-0.04384222 -0.00912377 0.26491612 70 70 70
-0.04970041 -0.04845846 0.30353412 120 120 120
-0.04490617 -0.00742035 0.26438820 62 62 62
-0.05294278 -0.04356270 0.30025804 146 146 146
-0.03665680 -0.04568987 0.30481651 108 108 108
-0.05838236 -0.01268096 0.26495865 119 119 119
-0.05798779 -0.01334540 0.26522207 120 120 120
-0.07511346 -0.03795255 0.29623213 97 97 97
-0.08797668 -0.03432072 0.28619289 118 118 118
-0.04125634 -0.01383899 0.26863173 76 76 76
-0.08821296 -0.03379523 0.28557992 128 128 128
-0.04147879 -0.01373441 0.26781750 106 106 106
-0.05834042 -0.01234755 0.26495820 120 120 120
-0.04235445 -0.01301311 0.26517698 110 110 110
-0.08746032 -0.03470744 0.28695589 122 122 122
-0.05609417 -0.03911852 0.30272916 61 61 61
-0.04238769 -0.01314821 0.26511058 111 111 111
-0.05610701 -0.03941496 0.30277592 62 62 62
-0.04169391 -0.01421042 0.26722902 110 110 110
-0.08647791 -0.03593839 0.28822684 125 125 125
-0.03647855 -0.04508699 0.30497304 103 103 103
-0.08457743 -0.03885403 0.29059446 122 122 122
-0.05734434 -0.03788539 0.30219504 62 62 62
-0.04235982 -0.01372943 0.26530978 114 114 114
-0.05392549 -0.04405272 0.30003896 121 121 121
-0.08719230 -0.03451052 0.28727973 123 123 123
-0.03625247 -0.04531313 0.30504838 100 100 100
-0.04179588 -0.01459080 0.26713273 114 114 114
-0.05643206 -0.03973841 0.30278295 64 64 64
-0.08444886 -0.03871321 0.29052836 123 123 123
-0.04574488 -0.00771757 0.26453191 53 53 53
-0.03728405 -0.04321564 0.30527139 106 106 106
-0.08705268 -0.03445312 0.28744748 115 115 115
-0.05690446 -0.03927507 0.30266058 61 61 61
-0.04264227 -0.01386019 0.26488748 122 122 122
-0.05797146 -0.03768235 0.30198196 63 63 63
-0.07220335 -0.01599849 0.27005640 94 94 94
-0.04194855 -0.01488285 0.26691303 115 115 115
-0.05729106 -0.03893048 0.30255574 63 63 63
-0.08780084 -0.03291079 0.28598642 125 125 125
-0.04595118 -0.00785418 0.26469535 60 60 60
-0.05763948 -0.01247673 0.26504472 127 127 127
-0.05729369 -0.03929614 0.30271718 63 63 63
-0.08732264 -0.03352807 0.28693751 119 119 119
-0.04252172 -0.01450288 0.26537344 112 112 112
-0.08907899 -0.03041448 0.28122291 118 118 118
-0.08639230 -0.03485791 0.28817073 126 126 126
-0.05756079 -0.03924182 0.30276787 64 64 64
-0.04618362 -0.00779043 0.26473030 59 59 59
-0.05715674 -0.04001708 0.30304733 62 62 62
-0.04223082 -0.01515096 0.26651567 117 117 117
-0.05562823 -0.01508078 0.26917273 134 134 134
-0.07970060 -0.03042815 0.29223871 60 60 60
-0.08802929 -0.03185094 0.28564259 121 121 121
-0.08397844 -0.03837521 0.29075775 129 129 129
-0.04296403 -0.01436059 0.26462570 122 122 122
-0.03646082 -0.04387045 0.30527967 98 98 98
-0.05879433 -0.03780338 0.30209664 69 69 69
-0.04353879 -0.01355458 0.26411906 127 127 127
-0.08864560 -0.03048252 0.28151059 126 126 126
-0.08621273 -0.03451782 0.28831601 127 127 127
-0.05710801 -0.01273087 0.26525217 132 132 132
-0.04393508 -0.01299264 0.26395062 123 123 123
-0.08505321 -0.03620758 0.28973749 127 127 127
-0.04383074 -0.01337013 0.26396781 124 124 124
-0.05516420 -0.01540670 0.26935625 146 146 146
-0.08354936 -0.03840104 0.29106829 121 121 121
-0.04338390 -0.01438135 0.26430711 123 123 123
-0.05961352 -0.03756012 0.30202743 67 67 67
-0.07765052 -0.03502599 0.29554841 68 68 68
-0.03719554 -0.04168024 0.30584770 107 107 107
-0.08573760 -0.03462746 0.28865585 127 127 127
-0.08489519 -0.03581578 0.28982300 128 128 128
-0.05518867 -0.01486128 0.26921284 110 110 110
-0.05699387 -0.04278924 0.30174136 101 101 101
-0.04477503 -0.01230894 0.26378089 116 116 116
-0.08424127 -0.03669547 0.29062879 124 124 124
-0.05746828 -0.01118848 0.26516181 120 120 120
-0.06097652 -0.03642527 0.30105615 63 63 63
-0.04434788 -0.01333213 0.26375589 120 120 120
-0.06096750 -0.03676342 0.30135542 66 66 66
-0.03698546 -0.04130051 0.30602542 103 103 103
-0.04499106 -0.01244556 0.26370108 117 117 117
-0.07448263 -0.01650842 0.26857704 118 118 118
-0.08268790 -0.03852086 0.29231736 126 126 126
-0.05780127 -0.04299365 0.29990628 117 117 117
-0.08481161 -0.03506025 0.29000875 116 116 116
-0.05690775 -0.01156856 0.26518044 116 116 116
-0.06172731 -0.03648979 0.30105007 66 66 66
-0.08232726 -0.03880863 0.29302847 125 125 125
-0.05667645 -0.01181190 0.26522702 118 118 118
-0.06197441 -0.03643022 0.30098426 67 67 67
-0.08545265 -0.03367355 0.28884792 126 126 126
-0.04541243 -0.01216591 0.26366547 119 119 119
-0.07464667 -0.01735418 0.26880321 118 118 118
-0.07504127 -0.01685237 0.26852334 123 123 123
-0.05879821 -0.04254888 0.29893368 109 109 109
-0.08656763 -0.03158533 0.28712270 128 128 128
-0.08252756 -0.03802807 0.29248071 117 117 117
-0.08785006 -0.02923399 0.28224194 123 123 123
-0.08499103 -0.03393196 0.28930503 114 114 114
-0.07489229 -0.03914230 0.29738787 85 85 85
-0.08298962 -0.03695074 0.29147917 117 117 117
-0.06316924 -0.03636918 0.30071840 61 61 61
-0.05581060 -0.01231641 0.26552621 116 116 116
-0.06089783 -0.04041145 0.29883632 110 110 110
-0.08404184 -0.03497696 0.29052863 123 123 123
-0.08312666 -0.03626990 0.29137704 130 130 130
-0.04587734 -0.01217399 0.26357546 118 118 118
-0.08819328 -0.02776364 0.27792478 122 122 122
-0.06417105 -0.03572058 0.30012381 63 63 63
-0.04819002 -0.00742941 0.26541668 64 64 64
-0.06185332 -0.03979508 0.29877719 104 104 104
-0.06155087 -0.04047573 0.29866317 115 115 115
-0.08120362 -0.03904220 0.29509187 113 113 113
-0.08364819 -0.03494456 0.29093486 112 112 112
-0.06408749 -0.03659911 0.30074397 62 62 62
-0.06167513 -0.04094909 0.29860044 124 124 124
-0.07678007 -0.01764434 0.26848924 86 86 86
-0.06234561 -0.04066995 0.29823762 118 118 118
-0.04541386 -0.01395764 0.26360759 106 106 106
-0.08706385 -0.02876660 0.28332987 126 126 126
-0.08383026 -0.03408836 0.29080358 117 117 117
-0.07944953 -0.03182096 0.29270348 65 65 65
-0.08270331 -0.03566915 0.29169473 122 122 122
-0.08779736 -0.02716426 0.27744839 112 112 112
-0.06535929 -0.03660583 0.30009410 64 64 64
-0.08565596 -0.03063857 0.28786954 127 127 127
-0.06558201 -0.03673662 0.30008107 64 64 64
-0.08547594 -0.03076987 0.28802288 127 127 127
-0.06590524 -0.03655195 0.29992431 59 59 59
-0.08583274 -0.03002901 0.28759259 76 76 76
-0.04633247 -0.01291295 0.26352659 135 135 135
-0.08725496 -0.02736739 0.27775782 118 118 118
-0.06659357 -0.03589153 0.29982281 58 58 58
-0.07792238 -0.01817373 0.27547359 101 101 101
-0.08218732 -0.03552417 0.29208598 123 123 123
-0.08181361 -0.02666234 0.28651845 56 56 56
-0.08272538 -0.03453987 0.29162911 113 113 113
-0.06627271 -0.03723297 0.30003846 66 66 66
-0.07803938 -0.01882754 0.27572194 118 118 118
-0.08244724 -0.03480805 0.29184201 115 115 115
-0.06757349 -0.03527251 0.29952163 57 57 57
-0.05348227 -0.01305845 0.26619598 121 121 121
-0.07739938 -0.01991873 0.28206477 47 47 47
-0.08278649 -0.03409089 0.29153514 112 112 112
-0.08651952 -0.02795595 0.28388926 125 125 125
-0.06412908 -0.04167389 0.29759568 102 102 102
-0.07827216 -0.01935531 0.27332813 123 123 123
-0.07849414 -0.01913345 0.27200240 133 133 133
-0.08059208 -0.03729693 0.29470545 108 108 108
-0.07847705 -0.01950353 0.27234179 130 130 130
-0.08492500 -0.03021150 0.28837782 117 117 117
-0.06503183 -0.04102192 0.29753619 99 99 99
-0.08404820 -0.02299971 0.27496958 129 129 129
-0.06509853 -0.04108171 0.29754648 90 90 90
-0.08483675 -0.03020549 0.28843096 103 103 103
-0.06852971 -0.03555076 0.29898718 62 62 62
-0.08229499 -0.02580773 0.28423068 66 66 66
-0.08666528 -0.02693793 0.27827340 117 117 117
-0.06864797 -0.03571711 0.29892752 62 62 62
-0.08226711 -0.03399492 0.29186976 116 116 116
-0.07938199 -0.01921699 0.27123880 122 122 122
-0.06870337 -0.03597227 0.29896721 65 65 65
-0.07542913 -0.03837945 0.29562661 111 111 111
-0.08598652 -0.02783824 0.28447825 123 123 123
-0.07600586 -0.03752333 0.29494897 109 109 109
-0.08311593 -0.02421918 0.28104395 68 68 68
-0.08417288 -0.03061423 0.28901270 127 127 127
-0.08038126 -0.03661613 0.29440546 118 118 118
-0.07962557 -0.01942858 0.27112988 127 127 127
-0.08656675 -0.02645385 0.27803606 121 121 121
-0.06945597 -0.03556759 0.29865691 65 65 65
-0.08700389 -0.02557403 0.27516037 105 105 105
-0.08558318 -0.02797445 0.28504676 120 120 120
-0.08279986 -0.03250691 0.29171470 79 79 79
-0.08006501 -0.03101877 0.29202566 62 62 62
-0.08034471 -0.03057962 0.29181451 59 59 59
-0.07960584 -0.02025416 0.27133387 129 129 129
-0.08409352 -0.03008439 0.28814605 70 70 70
-0.08057876 -0.03568181 0.29375136 119 119 119
-0.07994562 -0.02002112 0.27101362 129 129 129
-0.07042310 -0.03496457 0.29830167 63 63 63
-0.08541357 -0.02773313 0.28512108 108 108 108
-0.08235507 -0.03272350 0.29183075 116 116 116
-0.07842597 -0.03199051 0.29330462 64 64 64
-0.08362460 -0.03052707 0.28945509 119 119 119
-0.07898148 -0.02177512 0.28508630 57 57 57
-0.06768392 -0.03998644 0.29867837 103 103 103
-0.08042742 -0.01988399 0.27079773 125 125 125
-0.07053867 -0.03550130 0.29831824 67 67 67
-0.08056768 -0.01996715 0.27073410 126 126 126
-0.07936011 -0.02180036 0.28347635 50 50 50
-0.06811943 -0.03991481 0.29790854 117 117 117
-0.08596055 -0.02613766 0.27947235 119 119 119
-0.08032676 -0.03529068 0.29399517 122 122 122
-0.06812563 -0.04009386 0.29789865 122 122 122
-0.08070863 -0.02018075 0.27067393 125 125 125
-0.08520833 -0.02731495 0.28391150 71 71 71
-0.06920395 -0.03861542 0.29726988 110 110 110
-0.08339863 -0.03005705 0.28892753 73 73 73
-0.07958828 -0.02222016 0.28363672 54 54 54
-0.08119852 -0.03343874 0.29251519 117 117 117
-0.08112501 -0.02017207 0.27055427 129 129 129
-0.06848328 -0.04033355 0.29767737 121 121 121
-0.06860562 -0.04031763 0.29761520 121 121 121
-0.07948102 -0.02291245 0.28555623 52 52 52
-0.08572178 -0.02578311 0.27958113 122 122 122
-0.07948037 -0.02304568 0.28663018 52 52 52
-0.08009330 -0.03488971 0.29439121 115 115 115
-0.07269737 -0.03410854 0.29770100 55 55 55
-0.08461022 -0.02739208 0.28398138 73 73 73
-0.08177925 -0.03199087 0.29179057 61 61 61
-0.07967278 -0.02310396 0.28510687 53 53 53
-0.08102917 -0.02125781 0.27081746 125 125 125
-0.07949869 -0.03548216 0.29511374 66 66 66
-0.08116928 -0.02132702 0.27076122 118 118 118
-0.08011270 -0.03436513 0.29410857 121 121 121
-0.08137601 -0.02110858 0.27788368 72 72 72
-0.08416692 -0.02769778 0.28439003 69 69 69
-0.08127637 -0.03236539 0.29241809 123 123 123
-0.08143388 -0.02126015 0.27068985 121 121 121
-0.07308131 -0.03449462 0.29738981 59 59 59
-0.07984395 -0.02379841 0.28670469 51 51 51
-0.08492221 -0.02627314 0.28385592 104 104 104
-0.08093727 -0.02217404 0.28055149 57 57 57
-0.07284479 -0.03521064 0.29743603 61 61 61
-0.08526038 -0.02558117 0.28062236 125 125 125
-0.07246549 -0.03595606 0.29771113 66 66 66
-0.07919601 -0.03532654 0.29486373 64 64 64
-0.08389772 -0.02310217 0.28045517 110 110 110
-0.07457032 -0.03279626 0.29666525 54 54 54
-0.08075254 -0.03267379 0.29283795 122 122 122
-0.07054149 -0.03960110 0.29634041 108 108 108
-0.07747418 -0.03770038 0.29434603 116 116 116
-0.08017609 -0.03324847 0.29359651 115 115 115
-0.08552993 -0.02440515 0.27395898 129 129 129
-0.08386584 -0.02712817 0.28410012 70 70 70
-0.08147995 -0.03103577 0.29104030 58 58 58
-0.08216912 -0.02171100 0.27966404 119 119 119
-0.08157773 -0.02278986 0.28100935 65 65 65
-0.07125000 -0.03942634 0.29599985 120 120 120
-0.07985414 -0.03347950 0.29427677 112 112 112
-0.08025686 -0.02507154 0.28831384 55 55 55
-0.08538996 -0.02432002 0.27396110 138 138 138
-0.08359629 -0.02726139 0.28428981 71 71 71
-0.08120085 -0.03118282 0.29134303 59 59 59
-0.08238989 -0.02181827 0.27897459 130 130 130
-0.07521966 -0.03333060 0.29599702 58 58 58
-0.08478808 -0.02524053 0.28114757 130 130 130
-0.07529644 -0.03340513 0.29593268 57 57 57
-0.07715338 -0.03046140 0.29497859 56 56 56
-0.07692076 -0.03089245 0.29522294 56 56 56
-0.08024758 -0.02564862 0.28909490 53 53 53
-0.08125699 -0.03072931 0.29114819 56 56 56
-0.07646029 -0.03838573 0.29479846 132 132 132
-0.08294771 -0.02151426 0.27726573 122 122 122
-0.07422438 -0.03560153 0.29691893 60 60 60
-0.08052962 -0.02557015 0.28815395 54 54 54
-0.08019734 -0.03224897 0.29340082 117 117 117
-0.07176377 -0.03975077 0.29582071 125 125 125
-0.07837230 -0.02920482 0.29356971 57 57 57
-0.08307087 -0.02166907 0.27691507 111 111 111
-0.07663158 -0.03206256 0.29537275 55 55 55
-0.08171721 -0.02968553 0.29002786 56 56 56
-0.07679318 -0.03753914 0.29455870 115 115 115
-0.07661483 -0.03221792 0.29535252 55 55 55
-0.07964459 -0.02744126 0.29164925 52 52 52
-0.07221904 -0.03949483 0.29579929 122 122 122
-0.07807600 -0.03008032 0.29368925 59 59 59
-0.08035710 -0.02645470 0.28971314 52 52 52
-0.08020172 -0.03190244 0.29332173 108 108 108
-0.07513765 -0.04001028 0.29740012 120 120 120
-0.07975791 -0.02760615 0.29155269 53 53 53
-0.07440952 -0.03630469 0.29730165 69 69 69
-0.07933425 -0.02836987 0.29249638 57 57 57
-0.07739467 -0.03175041 0.29453132 58 58 58
-0.07818770 -0.03501134 0.29512730 64 64 64
-0.08339841 -0.02211715 0.27612713 119 119 119
-0.07443690 -0.03654205 0.29749086 67 67 67
-0.07521334 -0.03548780 0.29675037 64 64 64
-0.08002467 -0.03187104 0.29279894 71 71 71
-0.07953121 -0.02856239 0.29231873 58 58 58
-0.07441898 -0.03685939 0.29773885 67 67 67
-0.07812941 -0.03098661 0.29352826 60 60 60
-0.07451114 -0.03686713 0.29777771 68 68 68
-0.08459433 -0.02443857 0.28127077 112 112 112
-0.07954930 -0.02889376 0.29235208 57 57 57
-0.07789814 -0.03167670 0.29381928 60 60 60
-0.08357607 -0.02264355 0.27577788 131 131 131
-0.07683333 -0.03356693 0.29507717 57 57 57
-0.07935428 -0.02954456 0.29247367 58 58 58
-0.08354532 -0.02286273 0.27623367 125 125 125
-0.07805739 -0.03175173 0.29362345 60 60 60
-0.08299742 -0.02391697 0.28089580 70 70 70
-0.05023769 -0.01229661 0.26408401 113 113 113
-0.07729904 -0.03316913 0.29471725 56 56 56
-0.08135254 -0.02931146 0.29033902 56 56 56
-0.07767394 -0.03512357 0.29561344 68 68 68
-0.07490521 -0.03708993 0.29767126 76 76 76
-0.08384799 -0.02284385 0.27527377 126 126 126
-0.07670104 -0.03443600 0.29550499 65 65 65
-0.07953179 -0.02989866 0.29230738 60 60 60
-0.07425719 -0.01332250 0.27039331 94 94 94
-0.07455409 -0.01319626 0.27036124 98 98 98
-0.07733279 -0.01106085 0.27256435 64 64 64
-0.07451057 -0.01298485 0.27058452 95 95 95
-0.07479794 -0.01370223 0.26988429 108 108 108
-0.07404637 -0.01290171 0.27090785 85 85 85
-0.07435710 -0.01439573 0.26950410 114 114 114
-0.07338484 -0.01281525 0.27162078 64 64 64
-0.07337185 -0.01516945 0.26941612 108 108 108
-0.07406072 -0.01218217 0.27165586 61 61 61
-0.07469966 -0.01469570 0.26923716 117 117 117
-0.07641580 -0.01394374 0.26977226 115 115 115
-0.07639532 -0.01403520 0.26970235 117 117 117
-0.07598291 -0.01454370 0.26930201 119 119 119
-0.07346000 -0.01589165 0.26898116 113 113 113
-0.07340203 -0.01609806 0.26894635 107 107 107
-0.07415472 -0.01173860 0.27168551 63 63 63
-0.07379345 -0.01617678 0.26876807 115 115 115
-0.07425521 -0.01608374 0.26869047 124 124 124
-0.06925609 -0.01525617 0.26748005 103 103 103
-0.07679424 -0.01491391 0.26928025 113 113 113
-0.07452835 -0.01625365 0.26861477 125 125 125
-0.07647644 -0.01545605 0.26891652 119 119 119
-0.07499914 -0.01091794 0.27186844 58 58 58
-0.07643768 -0.01580190 0.26874214 122 122 122
-0.07527690 -0.01651892 0.26849705 117 117 117
-0.07507742 -0.01069180 0.27186397 57 57 57
-0.08122475 -0.01233548 0.27432603 56 56 56
-0.08137764 -0.01233380 0.27439821 59 59 59
-0.07218843 -0.01209129 0.27113160 67 67 67
-0.07629109 -0.01693217 0.26831096 104 104 104
-0.06929300 -0.01412235 0.26768866 105 105 105
-0.08265958 -0.01326288 0.27496639 70 70 70
-0.08089169 -0.01448818 0.27418658 83 83 83
-0.08107109 -0.01454539 0.27432939 94 94 94
-0.06851991 -0.04262247 0.30051869 110 110 110
-0.07294965 -0.01087851 0.27091950 58 58 58
-0.03662634 -0.00629501 0.26209825 120 120 120
-0.08030856 -0.01576484 0.27366310 95 95 95
-0.08176166 -0.01499061 0.27394283 109 109 109
-0.06810521 -0.01395487 0.26764134 124 124 124
-0.03371073 -0.00720195 0.26358795 94 94 94
-0.07196502 -0.01107231 0.27077609 67 67 67
-0.08051239 -0.01632263 0.27300030 96 96 96
-0.03556344 -0.00698872 0.26231378 114 114 114
-0.08232510 -0.01537121 0.27372870 109 109 109
-0.03558410 -0.00710409 0.26222911 115 115 115
-0.08062550 -0.01673180 0.27252927 101 101 101
-0.07209662 -0.01079349 0.27069440 59 59 59
-0.03547884 -0.00727808 0.26219389 117 117 117
-0.07923694 -0.01779043 0.27210990 103 103 103
-0.07937565 -0.01791612 0.27192429 109 109 109
-0.03583755 -0.00724520 0.26208720 117 117 117
-0.08006238 -0.01765646 0.27192098 116 116 116
-0.03535971 -0.00749834 0.26215133 118 118 118
-0.08014556 -0.01785132 0.27175093 118 118 118
-0.03375866 -0.00806924 0.26286447 100 100 100
-0.07968123 -0.01832572 0.27152130 128 128 128
-0.03208507 -0.00855570 0.26380262 93 93 93
-0.08114148 -0.01791022 0.27157870 119 119 119
-0.06879253 -0.01265085 0.26810309 114 114 114
-0.06697409 -0.01350329 0.26805449 121 121 121
-0.07989798 -0.01875371 0.27127218 129 129 129
-0.07953777 -0.01899773 0.27125251 133 133 133
-0.03520400 -0.00797352 0.26215816 118 118 118
-0.08038648 -0.01872995 0.27120042 124 124 124
-0.03292512 -0.00880877 0.26294816 102 102 102
-0.08177432 -0.01822794 0.27137798 119 119 119
-0.08038359 -0.01925864 0.27098519 128 128 128
-0.08180702 -0.01865665 0.27112758 121 121 121
-0.08064060 -0.01934267 0.27089837 126 126 126
-0.08029609 -0.01958919 0.27089611 123 123 123
-0.06807122 -0.01248946 0.26818350 112 112 112
-0.08120666 -0.01940364 0.27075708 128 128 128
-0.03385915 -0.00892083 0.26232320 128 128 128
-0.06737646 -0.01269710 0.26823732 116 116 116
-0.08270337 -0.01882830 0.27128404 108 108 108
-0.06540959 -0.01324298 0.26908636 101 101 101
-0.08277913 -0.01921763 0.27111387 110 110 110
-0.06630777 -0.01281361 0.26857227 117 117 117
-0.06931745 -0.01120170 0.26895577 95 95 95
-0.03270828 -0.00961653 0.26260200 125 125 125
-0.06804615 -0.01184500 0.26846981 115 115 115
-0.06842513 -0.01154005 0.26860341 113 113 113
-0.06873938 -0.01124294 0.26876968 112 112 112
-0.07132842 -0.00933873 0.27036414 63 63 63
-0.06940409 -0.01045739 0.26944780 97 97 97
-0.03341340 -0.00953160 0.26241720 131 131 131
-0.07088114 -0.00919620 0.27030993 59 59 59
-0.06798386 -0.01087342 0.26896551 115 115 115
-0.07058682 -0.00912498 0.27029580 67 67 67
-0.06727224 -0.01096134 0.26908439 109 109 109
-0.06637434 -0.01111187 0.26961464 89 89 89
-0.06605697 -0.01087859 0.27014536 79 79 79
-0.03154565 -0.01049914 0.26291782 111 111 111
-0.06977639 -0.00903176 0.27026880 64 64 64
-0.06582917 -0.01080423 0.27022949 71 71 71
-0.06593262 -0.01069280 0.27015975 74 74 74
-0.06934653 -0.00889293 0.27017638 66 66 66
-0.06618898 -0.01027462 0.26987576 72 72 72
-0.05475434 -0.01244445 0.26553011 120 120 120
-0.06515359 -0.01065485 0.26983207 68 68 68
-0.07886762 -0.03768637 0.29423377 115 115 115
-0.08197384 -0.02269991 0.28092158 61 61 61
-0.08490483 -0.02320601 0.27401406 114 114 114
-0.08578746 -0.02285685 0.27405605 120 120 120
-0.08502838 -0.02342994 0.27391523 119 119 119
-0.08494021 -0.03518496 0.28991354 123 123 123
-0.08552758 -0.02353385 0.27377722 120 120 120
-0.06505898 -0.01031092 0.26963478 69 69 69
-0.08551054 -0.02398405 0.27378342 128 128 128
-0.04286061 -0.05045540 0.30975729 81 81 81
-0.06792495 -0.00882302 0.26977047 61 61 61
-0.08355277 -0.02357078 0.28069413 70 70 70
-0.08299248 -0.02396692 0.28091726 73 73 73
-0.04265521 -0.05048056 0.30956814 79 79 79
-0.06807364 -0.00848546 0.26974544 58 58 58
-0.06558967 -0.00973915 0.26944751 68 68 68
-0.04301983 -0.05016323 0.30978191 76 76 76
-0.08935361 -0.03375890 0.28521064 119 119 119
-0.06182960 -0.01237018 0.26599237 119 119 119
-0.04287103 -0.00791139 0.26468736 62 62 62
-0.04472335 -0.00721234 0.26445481 64 64 64
-0.04534104 -0.00706335 0.26441160 61 61 61
-0.06514694 -0.00957731 0.26942477 67 67 67
-0.04596474 -0.00688763 0.26445854 64 64 64
-0.07856143 -0.03680170 0.29451302 123 123 123
-0.04675943 -0.00670016 0.26456943 55 55 55
-0.04703020 -0.00666644 0.26463619 56 56 56
-0.04471798 -0.04915648 0.31021932 60 60 60
-0.06551289 -0.00921603 0.26948014 56 56 56
-0.08219096 -0.02539507 0.28395361 60 60 60
-0.08545987 -0.02503786 0.27992576 117 117 117
-0.04655034 -0.00776516 0.26492092 65 65 65
-0.04457096 -0.00876021 0.26493883 70 70 70
-0.04744678 -0.00756047 0.26529095 60 60 60
-0.03710120 -0.04156577 0.30590463 106 106 106
-0.04554246 -0.00869861 0.26481882 101 101 101
-0.04388668 -0.00941889 0.26512235 97 97 97
-0.03795209 -0.04129305 0.30579832 106 106 106
-0.04740715 -0.00795616 0.26524895 97 97 97
-0.08439558 -0.03478980 0.29027995 120 120 120
-0.04562702 -0.00913636 0.26456976 110 110 110
-0.04490745 -0.00957682 0.26455045 110 110 110
-0.04470772 -0.00975080 0.26455182 115 115 115
-0.04408837 -0.01009153 0.26469293 111 111 111
-0.04334236 -0.01043193 0.26499394 102 102 102
-0.04308615 -0.01058476 0.26512954 98 98 98
-0.04331458 -0.01066748 0.26490244 107 107 107
-0.04347283 -0.01074365 0.26475212 111 111 111
-0.04314752 -0.01092206 0.26491219 103 103 103
-0.04411756 -0.03938944 0.30395663 61 61 61
-0.04330689 -0.01100384 0.26475629 106 106 106
-0.04285571 -0.01119664 0.26504371 110 110 110
-0.08313733 -0.02621272 0.28428143 65 65 65
-0.04321532 -0.03982658 0.30420065 59 59 59
-0.04328078 -0.01123411 0.26467758 112 112 112
-0.04394513 -0.01113601 0.26438320 116 116 116
-0.07661667 -0.03739015 0.29465088 114 114 114
-0.04284104 -0.04010592 0.30435440 59 59 59
-0.04451915 -0.01102220 0.26417938 117 117 117
-0.04412556 -0.01126942 0.26427165 118 118 118
-0.07982275 -0.03746700 0.29454353 131 131 131
-0.03844838 -0.04194377 0.30542356 107 107 107
-0.04275884 -0.01173420 0.26493996 107 107 107
-0.04791882 -0.00969999 0.26427081 120 120 120
-0.08300555 -0.02657098 0.28431493 68 68 68
-0.03782316 -0.04233449 0.30544236 106 106 106
-0.04588883 -0.01094563 0.26380888 117 117 117
-0.04467088 -0.01149234 0.26401106 119 119 119
-0.08366138 -0.02634071 0.28437805 62 62 62
-0.04347752 -0.01198983 0.26434979 116 116 116
-0.04903098 -0.00939221 0.26469830 100 100 100
-0.04740015 -0.01058788 0.26381952 128 128 128
-0.08722537 -0.02646586 0.27751198 123 123 123
-0.05202583 -0.00754730 0.26674467 53 53 53
-0.04940728 -0.00959993 0.26469877 121 121 121
-0.04668012 -0.01138787 0.26362172 121 121 121
-0.06465376 -0.00895860 0.26936492 62 62 62
-0.04416730 -0.04022777 0.30377513 60 60 60
-0.03901922 -0.04237379 0.30511490 102 102 102
-0.04736966 -0.01133451 0.26362628 131 131 131
-0.04114739 -0.04161039 0.30453908 60 60 60
-0.04978966 -0.01002339 0.26461053 124 124 124
-0.04758583 -0.01151625 0.26360109 119 119 119
-0.04020513 -0.04216019 0.30456150 63 63 63
-0.05308332 -0.00778543 0.26699704 62 62 62
-0.05185433 -0.00853560 0.26679459 68 68 68
-0.03803005 -0.04315861 0.30508018 106 106 106
-0.05035812 -0.01010192 0.26469940 103 103 103
-0.06688633 -0.03781169 0.30006868 64 64 64
-0.08803587 -0.02666874 0.27740577 132 132 132
-0.04052249 -0.04222335 0.30455220 59 59 59
-0.05303928 -0.00820074 0.26697734 66 66 66
-0.04273910 -0.04146006 0.30398530 55 55 55
-0.08773761 -0.02701372 0.27737749 114 114 114
-0.07805801 -0.03651249 0.29468039 113 113 113
-0.04707183 -0.03962934 0.30357745 58 58 58
-0.05087824 -0.01027399 0.26480746 104 104 104
-0.08463506 -0.02705832 0.28394827 73 73 73
-0.04044572 -0.04258768 0.30440748 60 60 60
-0.05050838 -0.01067046 0.26449484 122 122 122
-0.04004139 -0.04290767 0.30435643 66 66 66
-0.04271347 -0.04177647 0.30392238 58 58 58
-0.04706715 -0.04000109 0.30345541 61 61 61
-0.05538810 -0.00770454 0.26742563 64 64 64
-0.05348636 -0.00877626 0.26717055 70 70 70
-0.04281454 -0.04203205 0.30380583 60 60 60
-0.07147145 -0.03913355 0.29598871 118 118 118
-0.05500424 -0.01265862 0.26544869 123 123 123
-0.05062326 -0.01145926 0.26424170 127 127 127
-0.05767752 -0.01152651 0.26508209 121 121 121
-0.05547513 -0.01159313 0.26567939 126 126 126
-0.04281806 -0.04240991 0.30372924 61 61 61
-0.05022856 -0.01189031 0.26410800 123 123 123
-0.04292592 -0.04242450 0.30367452 60 60 60
-0.05053675 -0.01180236 0.26415050 114 114 114
-0.08380098 -0.03437964 0.29076913 120 120 120
-0.05535637 -0.00854111 0.26725286 85 85 85
-0.05240529 -0.03846799 0.30307454 62 62 62
-0.05077002 -0.01188997 0.26417911 131 131 131
-0.04789495 -0.04054400 0.30351436 65 65 65
-0.05341977 -0.00952417 0.26751998 69 69 69
-0.08869439 -0.03306460 0.28529033 121 121 121
-0.04793886 -0.04060801 0.30360952 65 65 65
-0.05297218 -0.03843024 0.30301651 62 62 62
-0.08441669 -0.02779849 0.28646651 130 130 130
-0.05753936 -0.00828242 0.26647711 103 103 103
-0.08481270 -0.02789423 0.28604412 122 122 122
-0.05341928 -0.00979034 0.26775712 66 66 66
-0.05401100 -0.03850084 0.30291212 59 59 59
-0.07434878 -0.03691638 0.29776672 65 65 65
-0.05679340 -0.00891310 0.26618055 110 110 110
-0.05493579 -0.03814876 0.30291826 58 58 58
-0.05534222 -0.01266818 0.26545656 123 123 123
-0.07576693 -0.03658291 0.29563013 93 93 93
-0.05813680 -0.00831146 0.26641104 107 107 107
-0.04789371 -0.04162194 0.30302566 81 81 81
-0.05831964 -0.00836162 0.26637557 106 106 106
-0.04647768 -0.04218068 0.30380839 63 63 63
-0.07797456 -0.03556199 0.29539466 96 96 96
-0.08407947 -0.03356506 0.29096615 113 113 113
-0.08356345 -0.03373452 0.29104891 116 116 116
-0.05377032 -0.03921708 0.30313286 65 65 65
-0.06470475 -0.04104518 0.29749542 109 109 109
-0.07719615 -0.03568437 0.29544914 101 101 101
-0.05414441 -0.03925277 0.30303547 64 64 64
-0.04816729 -0.04234702 0.30182615 90 90 90
-0.05557920 -0.00999449 0.26611897 117 117 117
-0.06078784 -0.03681188 0.30139792 65 65 65
-0.06434435 -0.03549442 0.30010378 60 60 60
-0.06531441 -0.04052986 0.29773811 102 102 102
-0.04783148 -0.04272505 0.30175701 89 89 89
-0.06482800 -0.03537859 0.30010560 57 57 57
-0.05408922 -0.03963391 0.30341214 61 61 61
-0.05660918 -0.00981598 0.26573178 121 121 121
-0.05459073 -0.03956395 0.30311850 64 64 64
-0.06100819 -0.00885887 0.26674917 101 101 101
-0.04980839 -0.04223812 0.30114540 114 114 114
-0.05513689 -0.01046720 0.26612353 119 119 119
-0.06459693 -0.03578119 0.30006608 61 61 61
-0.06838792 -0.03888897 0.29786462 99 99 99
-0.05582701 -0.03929214 0.30281842 62 62 62
-0.05608628 -0.01022150 0.26582080 119 119 119
-0.06404859 -0.00852196 0.26930121 61 61 61
-0.04810105 -0.04330838 0.30113780 101 101 101
-0.05978747 -0.03785749 0.30186811 77 77 77
-0.05746586 -0.01103393 0.26519379 119 119 119
-0.04981860 -0.04268503 0.30086926 114 114 114
-0.05503439 -0.01072583 0.26606223 118 118 118
-0.06827543 -0.03463122 0.29932776 57 57 57
-0.07539377 -0.03199057 0.29648551 49 49 49
-0.06899481 -0.03862907 0.29743481 106 106 106
-0.06510153 -0.04029471 0.29778829 97 97 97
-0.07914295 -0.03455228 0.29420242 67 67 67
-0.07454240 -0.03239889 0.29684716 53 53 53
-0.05469905 -0.01098850 0.26608968 116 116 116
-0.04920854 -0.04316621 0.30073854 113 113 113
-0.06019032 -0.03812804 0.30128872 81 81 81
-0.07393794 -0.03273830 0.29714048 56 56 56
-0.05910104 -0.03862054 0.30158120 76 76 76
-0.06034068 -0.03816739 0.30114385 83 83 83
-0.07324884 -0.03308555 0.29750958 55 55 55
-0.05915001 -0.00898696 0.26610240 121 121 121
-0.05025116 -0.04291120 0.30069745 119 119 119
-0.06043512 -0.03823914 0.30101117 84 84 84
-0.07459938 -0.03272889 0.29666167 54 54 54
-0.05085488 -0.04272090 0.30072320 119 119 119
-0.05941994 -0.03876287 0.30114520 78 78 78
-0.07468705 -0.03279506 0.29656422 53 53 53
-0.05748208 -0.01007877 0.26546040 125 125 125
-0.04811142 -0.04407127 0.30081043 107 107 107
-0.05847488 -0.03921408 0.30156687 82 82 82
-0.07038845 -0.03443088 0.29846966 56 56 56
-0.07315537 -0.03639987 0.29768425 67 67 67
-0.05156460 -0.04262232 0.30063719 115 115 115
-0.06689055 -0.03859033 0.30077261 60 60 60
-0.05577751 -0.01084420 0.26580310 116 116 116
-0.06030503 -0.00841872 0.26671654 116 116 116
-0.04986946 -0.04354114 0.30046877 124 124 124
-0.06133780 -0.03833900 0.30033025 85 85 85
-0.07446980 -0.03315863 0.29662499 57 57 57
-0.04907462 -0.04400608 0.30044219 114 114 114
-0.06102120 -0.03864371 0.30017811 86 86 86
-0.06199479 -0.03813039 0.30019912 86 86 86
-0.07577996 -0.03286371 0.29580224 55 55 55
-0.04957967 -0.04386933 0.30038741 117 117 117
-0.06068943 -0.03888069 0.30005631 86 86 86
-0.07249324 -0.03403066 0.29783189 55 55 55
-0.04985755 -0.04383916 0.30037782 119 119 119
-0.05889092 -0.03980357 0.30030683 83 83 83
-0.06852679 -0.03821868 0.29811576 92 92 92
-0.07450107 -0.03347734 0.29647741 57 57 57
-0.05626685 -0.04049360 0.30310953 62 62 62
-0.06577156 -0.03683023 0.30003810 63 63 63
-0.05884589 -0.01211197 0.26509154 114 114 114
-0.05906332 -0.03997895 0.29993561 80 80 80
-0.05305905 -0.01414822 0.26689580 100 100 100
-0.06729385 -0.03823755 0.30028826 64 64 64
-0.06137352 -0.03911902 0.29944155 93 93 93
-0.05488845 -0.01153942 0.26580384 120 120 120
-0.05404834 -0.04236875 0.30026558 109 109 109
-0.08018992 -0.03825837 0.29455030 129 129 129
-0.06436472 -0.03994111 0.29790285 116 116 116
-0.06155882 -0.03928279 0.29921272 99 99 99
-0.08621060 -0.03053616 0.28754824 120 120 120
-0.05972549 -0.04019719 0.29926690 96 96 96
-0.05566552 -0.01162004 0.26564491 118 118 118
-0.06263673 -0.03904800 0.29895747 95 95 95
-0.07251525 -0.03615592 0.29787490 64 64 64
-0.06121146 -0.03977652 0.29901791 110 110 110
-0.05565481 -0.01132537 0.26570386 127 127 127
-0.05498149 -0.04240461 0.30044249 101 101 101
-0.06058451 -0.04018070 0.29896775 114 114 114
-0.07013194 -0.03590773 0.29870209 68 68 68
-0.06374536 -0.04001874 0.29796234 117 117 117
-0.06358435 -0.03894030 0.29871467 93 93 93
-0.08712990 -0.03161710 0.28662738 126 126 126
-0.06038487 -0.04048287 0.29886740 116 116 116
-0.05395664 -0.01205117 0.26609975 113 113 113
-0.08030538 -0.03825093 0.29459178 129 129 129
-0.06144218 -0.04012247 0.29881287 110 110 110
-0.06380661 -0.03987079 0.29802063 117 117 117
-0.06157194 -0.04015131 0.29875365 112 112 112
-0.06388507 -0.03926932 0.29838389 96 96 96
-0.05845298 -0.04171258 0.29915100 101 101 101
-0.06930691 -0.03688217 0.29861814 71 71 71
-0.08619238 -0.01971375 0.27721566 112 112 112
-0.08575260 -0.01954814 0.27713954 105 105 105
-0.08662572 -0.02045403 0.27679756 111 111 111
-0.05907780 -0.01459310 0.26969463 107 107 107
-0.08544305 -0.02123162 0.27525243 122 122 122
-0.08581384 -0.01906762 0.27718621 79 79 79
-0.08603457 -0.02179261 0.27497244 126 126 126
-0.05042939 -0.03993499 0.30397156 60 60 60
-0.08685395 -0.01898409 0.27860722 110 110 110
-0.08651971 -0.01869516 0.27841294 83 83 83
-0.05293365 -0.01228306 0.26634109 119 119 119
-0.08595039 -0.01797728 0.27679464 71 71 71
-0.08570398 -0.01783120 0.27673116 69 69 69
-0.07197317 -0.01547504 0.26986423 126 126 126
-0.08273476 -0.01740308 0.27223104 122 122 122
-0.08280899 -0.01732602 0.27232748 123 123 123
-0.07157154 -0.01530960 0.26907304 131 131 131
-0.07152721 -0.01511364 0.26905403 115 115 115
-0.08253410 -0.01693144 0.27248538 122 122 122
-0.08206356 -0.01672956 0.27249357 120 120 120
-0.06725771 -0.04086560 0.29933295 109 109 109
-0.08788414 -0.02643477 0.27743018 118 118 118
-0.05225514 -0.01101412 0.26557738 115 115 115
-0.08534045 -0.01657979 0.27678043 73 73 73
-0.08190405 -0.01615652 0.27295274 113 113 113
-0.07190732 -0.01427566 0.27006686 122 122 122
-0.08550309 -0.01628291 0.27678320 69 69 69
-0.07962855 -0.01526983 0.27380383 79 79 79
-0.07182119 -0.01391454 0.27003929 119 119 119
-0.07166034 -0.01382082 0.26979303 125 125 125
-0.07191374 -0.01373889 0.27039623 115 115 115
-0.08993780 -0.02811508 0.28298327 120 120 120
-0.05233776 -0.00982678 0.26761860 70 70 70
-0.07166790 -0.01355629 0.26994425 122 122 122
-0.08189297 -0.01516328 0.27381179 111 111 111
-0.05223325 -0.00948545 0.26736277 70 70 70
-0.05226317 -0.00940676 0.26729369 67 67 67
-0.07656877 -0.01419505 0.26964152 116 116 116
-0.04993156 -0.00895864 0.26511919 113 113 113
-0.04868246 -0.00864963 0.26495764 113 113 113
-0.05148353 -0.00892843 0.26697972 80 80 80
-0.07654465 -0.01383287 0.26988322 122 122 122
-0.05019191 -0.00871211 0.26546648 114 114 114
-0.05168366 -0.00872184 0.26690862 64 64 64
-0.07661748 -0.01358320 0.27008873 123 123 123
-0.05191871 -0.00870318 0.26688486 70 70 70
-0.08967587 -0.03006792 0.28126624 140 140 140
-0.08273198 -0.01414374 0.27490759 113 113 113
-0.08350094 -0.01403366 0.27560282 100 100 100
-0.06512573 -0.01075686 0.26989701 66 66 66
-0.08307199 -0.01377046 0.27551532 108 108 108
-0.07590633 -0.01275377 0.27055526 105 105 105
-0.07190616 -0.01172202 0.27106616 65 65 65
-0.04885456 -0.00738584 0.26563239 67 67 67
-0.07863516 -0.01262716 0.27288589 72 72 72
-0.07151069 -0.01133442 0.27103990 63 63 63
-0.07420135 -0.01171261 0.27172330 63 63 63
-0.07583424 -0.01201338 0.27124515 91 91 91
-0.06909011 -0.01065990 0.26916826 107 107 107
-0.06934763 -0.01057055 0.26934537 102 102 102
-0.06969536 -0.01056672 0.26953623 99 99 99
-0.05769083 -0.00802035 0.26668039 93 93 93
-0.06001439 -0.00835770 0.26664993 116 116 116
-0.06632084 -0.03994093 0.29866242 98 98 98
-0.07676851 -0.01123337 0.27255604 74 74 74
-0.06009907 -0.00820235 0.26676619 115 115 115
-0.07640100 -0.01104053 0.27250427 71 71 71
-0.06799871 -0.00924416 0.27034390 66 66 66
-0.07670912 -0.01082972 0.27239883 62 62 62
-0.06031422 -0.00748995 0.26751745 98 98 98
-0.07095754 -0.00939611 0.27033821 60 60 60
-0.07899600 -0.03307853 0.29343298 68 68 68
-0.07929293 -0.03375384 0.29390696 61 61 61
-0.07911367 -0.03389379 0.29386505 63 63 63
-0.07936309 -0.03412846 0.29409835 65 65 65
-0.06565983 -0.03949539 0.29854530 88 88 88
-0.05686538 -0.04393928 0.30241263 121 121 121
-0.06957361 -0.03479027 0.29871076 53 53 53
-0.05629234 -0.04333255 0.30132067 125 125 125
-0.05658175 -0.04329180 0.30186439 111 111 111
-0.07115768 -0.03603615 0.29844159 69 69 69
-0.08022774 -0.03768820 0.29464385 130 130 130
-0.07257140 -0.03643662 0.29816416 66 66 66
-0.06391976 -0.03918661 0.29844740 96 96 96
-0.05462115 -0.04250477 0.30025730 111 111 111
-0.07196768 -0.03673501 0.29784295 93 93 93
-0.07287150 -0.03705293 0.29800165 85 85 85
-0.07278879 -0.03723578 0.29773623 104 104 104
-0.07192223 -0.03725043 0.29726374 102 102 102
-0.05063353 -0.04152105 0.30153078 85 85 85
-0.07316355 -0.03766420 0.29758057 93 93 93
-0.07273197 -0.03774054 0.29713035 93 93 93
-0.07161172 -0.03762294 0.29682490 101 101 101
-0.07305358 -0.03797930 0.29708353 92 92 92
-0.05491676 -0.04191967 0.30082282 106 106 106
-0.05464860 -0.04178787 0.30086413 99 99 99
-0.06403620 -0.03690766 0.30128816 62 62 62
-0.05445925 -0.04166903 0.30093455 97 97 97
-0.05213130 -0.04121951 0.30143669 74 74 74
-0.07377579 -0.03898743 0.29690331 111 111 111
-0.06319250 -0.03735446 0.30074766 70 70 70
-0.06301124 -0.03742421 0.30071354 69 69 69
-0.06505955 -0.03785228 0.30023143 93 93 93
-0.06457174 -0.03786015 0.30000660 91 91 91
-0.05348872 -0.04116772 0.30136642 81 81 81
-0.06564792 -0.03830365 0.30009446 90 90 90
-0.06572239 -0.03840451 0.30002293 91 91 91
-0.06291860 -0.03804939 0.29993269 71 71 71
-0.06252664 -0.03806555 0.30006942 72 72 72
-0.06507256 -0.03858038 0.29930395 99 99 99
-0.06305151 -0.03833834 0.29957274 72 72 72
-0.06295109 -0.03840835 0.29952937 71 71 71
-0.06405214 -0.03868232 0.29896906 83 83 83
-0.05346997 -0.04070896 0.30203176 77 77 77
-0.08953918 -0.03104648 0.28674912 143 143 143
-0.08924435 -0.03090499 0.28693342 141 141 141
-0.08972812 -0.02888597 0.28133699 135 135 135
-0.08983035 -0.02999672 0.28707677 112 112 112
-0.08959646 -0.02858326 0.28170353 141 141 141
-0.08905648 -0.03033691 0.28731927 140 140 140
-0.08928020 -0.02996083 0.28744051 143 143 143
-0.08991558 -0.02914647 0.28722396 124 124 124
-0.08962192 -0.02748362 0.28222880 128 128 128
-0.08920064 -0.02898734 0.28796127 127 127 127
-0.08927056 -0.02739136 0.28264347 153 153 153
-0.08941855 -0.02834543 0.28805372 112 112 112
-0.08925332 -0.02691765 0.28291667 153 153 153
-0.08909237 -0.02905753 0.29061908 87 87 87
-0.08935078 -0.02668450 0.28294551 150 150 150
-0.08980213 -0.02855364 0.29095361 62 62 62
-0.08936619 -0.02641787 0.28304136 153 153 153
-0.08908828 -0.02620639 0.28342554 149 149 149
-0.08853482 -0.02387258 0.27841556 132 132 132
-0.08806243 -0.02394614 0.27886599 153 153 153
-0.08800457 -0.02288737 0.27938277 155 155 155
-0.08833405 -0.02173718 0.28221136 64 64 64
-0.08524103 -0.02018760 0.27491695 134 134 134
-0.08995130 -0.02809788 0.28303477 130 130 130
-0.07933044 -0.01662925 0.27173260 141 141 141
-0.08504532 -0.01857418 0.27625799 112 112 112
-0.08934238 -0.02677996 0.28415430 130 130 130
-0.08830763 -0.02269721 0.28144166 104 104 104
-0.08674997 -0.03406724 0.29222569 137 137 137
-0.08682423 -0.03424021 0.29215845 145 145 145
-0.08888299 -0.02967915 0.28916630 98 98 98
-0.08804735 -0.02417884 0.27943504 129 129 129
-0.08552545 -0.02060619 0.27596706 123 123 123
-0.08555008 -0.02092781 0.27561194 119 119 119
-0.05217483 -0.01041044 0.26627615 135 135 135
-0.05211626 -0.01022345 0.26642385 136 136 136
-0.05244395 -0.01086214 0.26653758 135 135 135
-0.05215426 -0.01018817 0.26678795 124 124 124
-0.06473088 -0.01210732 0.26831144 125 125 125
-0.08927622 -0.02709870 0.28362492 130 130 130
-0.08966656 -0.02823845 0.28249398 124 124 124
-0.07202272 -0.01510914 0.27004376 121 121 121
-0.07593396 -0.01140810 0.27199808 100 100 100
-0.07166932 -0.01291316 0.27040702 111 111 111
-0.07197272 -0.01369112 0.27071616 127 127 127
-0.07554601 -0.01201933 0.27123776 102 102 102
-0.09012134 -0.03224207 0.28555727 122 122 122
-0.06707025 -0.04091122 0.29894331 118 118 118
-0.06568629 -0.03881656 0.29941276 84 84 84
-0.06655104 -0.03947096 0.29960880 72 72 72
-0.04579366 -0.01618515 0.26756185 119 119 119
-0.05270666 -0.01237819 0.26568189 120 120 120
-0.05182155 -0.00939839 0.26729169 72 72 72
-0.05143643 -0.00880772 0.26695663 72 72 72
-0.07385641 -0.03891696 0.29704970 106 106 106
-0.07470822 -0.03956920 0.29763070 103 103 103
-0.07426100 -0.03881900 0.29764751 86 86 86
-0.07280605 -0.03682688 0.29816484 84 84 84
-0.08060104 -0.03812708 0.29471755 133 133 133
-0.07968447 -0.03672605 0.29486707 104 104 104
-0.06482740 -0.01451647 0.26851586 114 114 114
-0.07926978 -0.03284512 0.29339838 56 56 56
-0.06424905 -0.00912867 0.26959091 63 63 63
-0.04737128 -0.04953163 0.31305054 95 95 95
-0.08603264 -0.03610745 0.28967544 121 121 121
-0.04455725 -0.04572073 0.30463359 55 55 55
-0.07194743 -0.01564698 0.26980379 113 113 113
-0.08258924 -0.03038747 0.28956482 67 67 67
-0.04610523 -0.04977048 0.31217802 86 86 86
-0.08817331 -0.02062902 0.28049144 66 66 66
-0.07147983 -0.01245857 0.27033621 108 108 108
-0.04490212 -0.04910561 0.31029621 62 62 62
-0.04481281 -0.04915586 0.31032774 60 60 60
-0.04470504 -0.04917112 0.31022823 60 60 60
-0.08216850 -0.02540985 0.28397912 60 60 60
-0.08573376 -0.01571914 0.27672833 61 61 61
-0.08283544 -0.02506356 0.28450629 60 60 60
-0.08092932 -0.02184067 0.27984741 53 53 53
-0.08122551 -0.02167087 0.28061798 60 60 60
-0.08127804 -0.02135470 0.28103471 57 57 57
-0.08336777 -0.02362185 0.28071946 69 69 69
-0.08915517 -0.03104735 0.29360971 65 65 65
-0.04278379 -0.05001249 0.30964288 89 89 89
-0.07839013 -0.01272126 0.27287504 87 87 87
-0.08827507 -0.02284686 0.28118294 112 112 112
-0.08811897 -0.02081685 0.28044745 69 69 69
-0.07806736 -0.01971576 0.27846932 60 60 60
-0.06910396 -0.04270837 0.30376279 101 101 101
-0.08426864 -0.02244640 0.27432007 102 102 102
-0.08164913 -0.02148304 0.27874124 61 61 61
-0.08117927 -0.02139567 0.28035310 59 59 59
-0.07900488 -0.03265069 0.29325327 60 60 60
-0.07947789 -0.03235111 0.29349500 58 58 58
-0.07956301 -0.03207732 0.29357678 56 56 56
-0.08281573 -0.03062996 0.29009005 61 61 61
-0.08283905 -0.03058605 0.29019222 75 75 75
-0.04247488 -0.04982343 0.30834079 61 61 61
-0.08642470 -0.03584803 0.29015195 98 98 98
-0.04318239 -0.04955657 0.30882394 68 68 68
-0.05606768 -0.04698512 0.31036675 61 61 61
-0.08944878 -0.02693138 0.28874955 61 61 61
-0.05760121 -0.01512919 0.27636519 60 60 60
-0.05551003 -0.04691410 0.31035104 63 63 63
-0.05685834 -0.04573452 0.30777371 96 96 96
-0.05696766 -0.04562740 0.30748323 96 96 96
-0.06489637 -0.01391097 0.26851982 111 111 111
-0.06371871 -0.01640371 0.27155516 108 108 108
-0.06371274 -0.01632330 0.27180868 106 106 106
-0.07103729 -0.01739570 0.27251139 105 105 105
-0.05689026 -0.04376815 0.30246109 111 111 111
-0.06309713 -0.01508816 0.27347896 83 83 83
-0.05243580 -0.04798984 0.31117797 65 65 65
-0.08475073 -0.03444670 0.29905683 76 76 76
-0.06343260 -0.01517384 0.27372521 68 68 68
-0.07487559 -0.04059622 0.30444595 100 100 100
-0.05734029 -0.01512708 0.27635151 63 63 63
-0.05618919 -0.04603533 0.30908084 94 94 94
-0.05074996 -0.04798109 0.31085506 68 68 68
-0.05064198 -0.01426576 0.27583489 54 54 54
-0.05016824 -0.01440112 0.27570680 57 57 57
-0.05736967 -0.04540230 0.30753949 68 68 68
-0.06170521 -0.01521326 0.27584991 61 61 61
-0.08152070 -0.02142565 0.27925789 60 60 60
-0.05117390 -0.01432134 0.27395368 60 60 60
-0.04659971 -0.01470715 0.27556190 60 60 60
-0.07069626 -0.01698168 0.27368504 91 91 91
-0.07049899 -0.01715016 0.27384043 103 103 103
-0.05200655 -0.01410321 0.27291566 63 63 63
-0.07074203 -0.01614873 0.27454233 77 77 77
-0.04286736 -0.04967602 0.30850852 68 68 68
-0.07246666 -0.01710399 0.27665752 59 59 59
-0.08301456 -0.02461329 0.28369409 76 76 76
-0.08353055 -0.02753172 0.28657007 56 56 56
-0.08406375 -0.02740563 0.28599492 55 55 55
-0.08358392 -0.02796033 0.28583443 60 60 60
-0.08499496 -0.02371753 0.27999514 119 119 119
-0.08551126 -0.02412628 0.27938771 126 126 126
-0.06601682 -0.01705097 0.27448127 98 98 98
-0.07324572 -0.01742738 0.27616051 97 97 97
-0.07289136 -0.01741542 0.27598983 106 106 106
-0.07330261 -0.01768666 0.27597964 96 96 96
-0.06593168 -0.01760212 0.27386174 102 102 102
-0.05541617 -0.01536543 0.27452001 102 102 102
-0.08718392 -0.02791942 0.28270501 110 110 110
-0.07281911 -0.01831094 0.27508733 108 108 108
-0.06032508 -0.01510586 0.27626127 60 60 60
-0.05493109 -0.01445866 0.27502111 89 89 89
-0.07133454 -0.01623863 0.27453443 63 63 63
-0.05058287 -0.01433668 0.27413598 58 58 58
-0.05722903 -0.01469201 0.27602214 71 71 71
-0.05712146 -0.01479128 0.27611420 71 71 71
-0.04993775 -0.01449554 0.27442303 60 60 60
-0.05677596 -0.01503532 0.27622902 63 63 63
-0.05314497 -0.01509949 0.26947969 125 125 125
-0.04718623 -0.01486845 0.27417642 95 95 95
-0.04695246 -0.04724696 0.30798694 80 80 80
-0.08939969 -0.03312877 0.28508365 110 110 110
-0.04870369 -0.04860578 0.30863288 112 112 112
-0.04809531 -0.04777541 0.30910820 102 102 102
-0.04879886 -0.04817951 0.30933583 108 108 108
-0.04559630 -0.01429869 0.27599379 59 59 59
-0.04784505 -0.04796755 0.30936366 67 67 67
-0.04181835 -0.04992285 0.31428331 113 113 113
-0.07527032 -0.04065757 0.30488962 59 59 59
-0.03763489 -0.01396932 0.27456969 55 55 55
-0.03820573 -0.04896590 0.31324840 105 105 105
-0.03694548 -0.01370419 0.27459475 57 57 57
-0.03867121 -0.04934705 0.31314632 108 108 108
-0.07898228 -0.03939902 0.30219701 94 94 94
-0.03931488 -0.04977582 0.31308734 113 113 113
-0.04240014 -0.05082334 0.31369826 121 121 121
-0.03657590 -0.01343607 0.27485910 58 58 58
-0.05019880 -0.04792139 0.31066343 84 84 84
-0.04388218 -0.04935537 0.30956340 60 60 60
-0.04416112 -0.04927287 0.30972406 60 60 60
-0.04427283 -0.04926264 0.30986589 61 61 61
-0.03763660 -0.05150941 0.31032994 114 114 114
-0.07595803 -0.04053113 0.30395830 66 66 66
-0.07268713 -0.04112118 0.30527657 91 91 91
-0.03695535 -0.04864007 0.31253111 92 92 92
-0.07773258 -0.01868394 0.27309808 124 124 124
-0.03694479 -0.04959556 0.31183407 93 93 93
-0.04635353 -0.04651329 0.30627570 90 90 90
-0.04679675 -0.04717156 0.30736566 105 105 105
-0.04714732 -0.04811481 0.30742499 115 115 115
-0.04628513 -0.04635493 0.30588666 101 101 101
-0.04734968 -0.04831880 0.30728680 121 121 121
-0.08536258 -0.02781432 0.28525838 105 105 105
-0.04645559 -0.04698033 0.30573925 106 106 106
-0.04632854 -0.04651523 0.30508870 101 101 101
-0.04625692 -0.04614680 0.30463713 99 99 99
-0.08500369 -0.02759930 0.28564274 120 120 120
-0.03718022 -0.05138551 0.31023240 107 107 107
-0.07793367 -0.01834793 0.27563831 108 108 108
-0.08457660 -0.02763433 0.28617543 135 135 135
-0.08304445 -0.02818176 0.28668985 67 67 67
-0.07151862 -0.01713978 0.27221051 114 114 114
-0.07194597 -0.01829589 0.27358201 117 117 117
-0.07199483 -0.01794710 0.27427673 114 114 114
-0.07178409 -0.01754068 0.27409539 114 114 114
-0.07250840 -0.01784295 0.27521193 103 103 103
-0.07255084 -0.01776913 0.27534139 104 104 104
-0.03662495 -0.05102660 0.30799523 102 102 102
-0.07216682 -0.01719741 0.27529821 104 104 104
-0.07225285 -0.01697488 0.27559909 97 97 97
-0.07981023 -0.02373179 0.28621948 54 54 54
-0.07975672 -0.02364659 0.28628930 54 54 54
-0.03186929 -0.01500099 0.27148640 99 99 99
-0.08521891 -0.02381807 0.27996570 120 120 120
-0.07962926 -0.02332486 0.28680238 51 51 51
-0.04781725 -0.04889193 0.31246829 70 70 70
-0.05405511 -0.01589005 0.27269641 112 112 112
-0.04161731 -0.01507641 0.26870641 104 104 104
-0.03170395 -0.01576868 0.26956475 96 96 96
-0.04173027 -0.01562811 0.26929438 111 111 111
-0.05380689 -0.01633129 0.27192962 119 119 119
-0.04155546 -0.01495000 0.26912400 114 114 114
-0.04664847 -0.04906584 0.31182656 66 66 66
-0.08830163 -0.03218412 0.28556663 118 118 118
-0.08561509 -0.02419202 0.27939790 127 127 127
-0.05313689 -0.01546519 0.27009147 123 123 123
-0.03161114 -0.01609578 0.26805809 104 104 104
-0.06415085 -0.01608840 0.27154416 107 107 107
-0.06433861 -0.01700127 0.27237916 116 116 116
-0.04234888 -0.04982942 0.30783030 65 65 65
-0.06428336 -0.01679737 0.27252358 108 108 108
-0.04161264 -0.01490959 0.27027103 118 118 118
-0.06564091 -0.01712539 0.27411929 96 96 96
-0.06528953 -0.01690462 0.27401209 104 104 104
-0.04181016 -0.05005746 0.30764666 60 60 60
-0.03152242 -0.01538253 0.26647544 94 94 94
-0.06583288 -0.01658176 0.27479038 94 94 94
-0.04197085 -0.04999343 0.30791441 62 62 62
-0.06480692 -0.01621122 0.27408442 105 105 105
-0.04217681 -0.04972301 0.30840796 60 60 60
-0.06547828 -0.01593957 0.27500781 100 100 100
-0.03107504 -0.00844424 0.26558146 93 93 93
-0.03123333 -0.00887601 0.26736078 96 96 96
-0.03130428 -0.00932390 0.26794764 98 98 98
-0.03112587 -0.00927885 0.26583603 94 94 94
-0.03147014 -0.00998503 0.26948035 98 98 98
-0.03137024 -0.01004040 0.26842394 97 97 97
-0.03130776 -0.01010435 0.26762688 98 98 98
-0.03124497 -0.01022062 0.26706380 98 98 98
-0.03123011 -0.01033492 0.26684693 97 97 97
-0.03119632 -0.01045924 0.26653934 99 99 99
-0.03120396 -0.01059196 0.26657090 99 99 99
-0.03126101 -0.01073063 0.26694226 99 99 99
-0.03133290 -0.01091940 0.26763207 101 101 101
-0.03140714 -0.01114515 0.26847804 98 98 98
-0.03153955 -0.01138630 0.26984242 99 99 99
-0.03164763 -0.01158052 0.27071321 97 97 97
-0.03169045 -0.01173789 0.27117074 97 97 97
-0.03116270 -0.01080408 0.26306862 96 96 96
-0.03172987 -0.01191553 0.27161831 96 96 96
-0.03097534 -0.01124903 0.26335651 97 97 97
-0.03177707 -0.01208169 0.27198291 97 97 97
-0.03098181 -0.01141802 0.26370543 103 103 103
-0.03182761 -0.01227037 0.27242339 97 97 97
-0.03102315 -0.01158899 0.26413953 100 100 100
-0.03185900 -0.01243731 0.27287960 99 99 99
-0.03106816 -0.01176132 0.26457316 98 98 98
-0.03197425 -0.01264822 0.27384302 97 97 97
-0.03115694 -0.01197496 0.26549733 100 100 100
-0.03128168 -0.01220235 0.26667452 97 97 97
-0.03138266 -0.01241472 0.26769552 96 96 96
-0.03152382 -0.01267008 0.26913139 96 96 96
-0.03166667 -0.01290261 0.27050292 99 99 99
-0.08665351 -0.02508324 0.27831945 115 115 115
-0.03182233 -0.01317743 0.27203593 99 99 99
-0.03118549 -0.01230544 0.26387382 97 97 97
-0.03199020 -0.01347867 0.27366662 98 98 98
-0.03115737 -0.01277674 0.26533747 100 100 100
-0.03135140 -0.01306368 0.26725408 97 97 97
-0.03157113 -0.01336372 0.26935560 96 96 96
-0.03173704 -0.01365483 0.27113476 96 96 96
-0.03190120 -0.01393228 0.27281329 96 96 96
-0.03119303 -0.01317291 0.26460367 97 97 97
-0.03135804 -0.01356727 0.26704648 98 98 98
-0.03160870 -0.01389804 0.26947626 97 97 97
-0.03136635 -0.01333325 0.26463580 94 94 94
-0.03132923 -0.01395006 0.26671740 98 98 98
-0.03160921 -0.01429406 0.26939538 99 99 99
-0.03138795 -0.01437783 0.26713538 99 99 99
-0.03176641 -0.01481878 0.27103832 96 96 96
-0.08023176 -0.03588054 0.29441094 124 124 124
-0.03137411 -0.01463235 0.26694390 97 97 97
-0.08541249 -0.02506072 0.27997902 117 117 117
-0.03141174 -0.01493941 0.26723793 99 99 99
-0.03139546 -0.01517823 0.26704904 99 99 99
-0.08013336 -0.03534517 0.29447353 118 118 118
-0.03143480 -0.01548922 0.26743522 99 99 99
-0.06100191 -0.03668855 0.30126968 65 65 65
-0.03159389 -0.01584319 0.26873419 101 101 101
-0.03183844 -0.01601626 0.26889554 110 110 110
-0.08487285 -0.02439475 0.28096652 111 111 111
-0.08388688 -0.02284531 0.27520254 130 130 130
-0.05762408 -0.04224414 0.29987451 106 106 106
-0.08372293 -0.02274971 0.27549857 129 129 129
-0.07568583 -0.03741436 0.29527137 105 105 105
-0.07490817 -0.03863651 0.29699811 107 107 107
-0.08306692 -0.02500727 0.28419092 112 112 112
-0.08326431 -0.02167856 0.27656716 109 109 109
-0.08483601 -0.03362779 0.29063231 97 97 97
-0.08299498 -0.02266215 0.28066549 114 114 114
-0.07540146 -0.03617151 0.29671764 89 89 89
-0.08300869 -0.02122954 0.27728924 101 101 101
-0.08283719 -0.02136579 0.27758905 114 114 114
-0.03617648 -0.04190233 0.30617684 97 97 97
-0.04285090 -0.01210087 0.26475385 112 112 112
-0.08485393 -0.03401115 0.29015779 108 108 108
-0.08227248 -0.02144328 0.27912611 111 111 111
-0.03622503 -0.04273542 0.30578378 93 93 93
-0.03611916 -0.04304004 0.30600187 95 95 95
-0.08199678 -0.02186109 0.28077924 112 112 112
-0.03636571 -0.04294073 0.30561393 100 100 100
-0.08757367 -0.02901633 0.28258976 126 126 126
-0.03662623 -0.05075312 0.30880851 91 91 91
-0.03645528 -0.04440394 0.30900484 93 93 93
-0.04301288 -0.04108964 0.30398169 55 55 55
-0.07764314 -0.03019566 0.29429901 54 54 54
-0.03647134 -0.04469944 0.30913803 94 94 94
-0.03651254 -0.04938984 0.30589226 108 108 108
-0.07769332 -0.02999858 0.29431149 54 54 54
-0.03646267 -0.04480655 0.30897096 94 94 94
-0.03623126 -0.04447670 0.30669478 97 97 97
-0.03647073 -0.04980817 0.30761963 93 93 93
-0.03640023 -0.04924165 0.30578005 106 106 106
-0.03616662 -0.04454178 0.30614308 96 96 96
-0.03654732 -0.04519832 0.30977267 92 92 92
-0.03672893 -0.04986608 0.30986348 89 89 89
-0.03653899 -0.04949045 0.30822602 90 90 90
-0.03630437 -0.04892756 0.30560026 103 103 103
-0.03614666 -0.04477876 0.30590078 96 96 96
-0.08092979 -0.02053837 0.27780318 93 93 93
-0.03635566 -0.04899342 0.30667669 95 95 95
-0.03624351 -0.04867098 0.30561629 102 102 102
-0.03615045 -0.04503579 0.30532798 98 98 98
-0.03652534 -0.04881104 0.30822939 89 89 89
-0.03638611 -0.04557836 0.30789441 92 92 92
-0.03629275 -0.04841953 0.30630159 95 95 95
-0.03646132 -0.04583726 0.30866575 90 90 90
-0.03621011 -0.04814231 0.30544922 102 102 102
-0.03659897 -0.04612439 0.30984649 90 90 90
-0.03646971 -0.04836154 0.30788237 91 91 91
-0.07981592 -0.02122665 0.27874497 67 67 67
-0.03677612 -0.04867321 0.31080228 86 86 86
-0.03628280 -0.04594672 0.30675107 93 93 93
-0.03681626 -0.04679685 0.31173912 88 88 88
-0.08032371 -0.02024535 0.27830178 90 90 90
-0.03632922 -0.04779327 0.30667964 95 95 95
-0.03618896 -0.04750719 0.30551809 100 100 100
-0.03645381 -0.04783306 0.30789036 93 93 93
-0.03655777 -0.04671533 0.30928215 89 89 89
-0.03634629 -0.04756551 0.30691722 96 96 96
-0.03650764 -0.04678759 0.30882338 90 90 90
-0.08815769 -0.02961626 0.28185803 124 124 124
-0.07932279 -0.02265850 0.28614974 54 54 54
-0.08834576 -0.02990119 0.28164291 125 125 125
-0.03670826 -0.04782572 0.31048438 90 90 90
-0.05328900 -0.01589183 0.27108109 118 118 118
-0.03678810 -0.04742039 0.31135762 88 88 88
-0.06767088 -0.03995169 0.29872686 112 112 112
-0.03678923 -0.04768663 0.31129768 88 88 88
-0.03648336 -0.04711633 0.30842280 91 91 91
-0.05952694 -0.01443335 0.26871106 85 85 85
-0.06726164 -0.00964151 0.27001709 71 71 71
-0.07366822 -0.01307306 0.27109954 83 83 83
-0.07328048 -0.01422174 0.27028802 101 101 101
-0.07272213 -0.01494524 0.27020094 101 101 101
-0.08508596 -0.03542789 0.28978780 128 128 128
-0.08488689 -0.03486733 0.29007113 121 121 121
-0.07558436 -0.03704661 0.29555857 105 105 105
-0.08464458 -0.03465651 0.29022291 118 118 118
-0.07536864 -0.03675214 0.29616705 95 95 95
-0.06807109 -0.03879040 0.29836875 102 102 102
-0.07586887 -0.03647497 0.29559451 96 96 96
-0.08873438 -0.03331740 0.28519061 124 124 124
-0.06881139 -0.03780127 0.29812822 89 89 89
-0.05791558 -0.04119454 0.30001023 97 97 97
-0.05761736 -0.04109633 0.30068851 90 90 90
-0.06844006 -0.03763396 0.29883394 86 86 86
-0.06890687 -0.03745108 0.29835236 83 83 83
-0.07989482 -0.02123301 0.27870834 67 67 67
-0.05747121 -0.04078523 0.30136999 87 87 87
-0.05767560 -0.04064930 0.30105594 87 87 87
-0.05789301 -0.04051961 0.30078578 89 89 89
-0.08812740 -0.03232724 0.28582773 119 119 119
-0.04729050 -0.04368897 0.30165350 102 102 102
-0.05767260 -0.04003991 0.30182761 87 87 87
-0.05869659 -0.03979183 0.30056453 92 92 92
-0.05366481 -0.01315445 0.26595908 126 126 126
-0.04677220 -0.04346045 0.30250716 104 104 104
-0.05767171 -0.03971181 0.30224973 86 86 86
-0.05774257 -0.03959535 0.30223000 84 84 84
-0.06043640 -0.03887254 0.30024105 87 87 87
-0.06518181 -0.03709802 0.30069798 54 54 54
-0.04687744 -0.04291413 0.30273509 95 95 95
-0.05800259 -0.03913497 0.30228582 84 84 84
-0.05380250 -0.01253677 0.26602310 115 115 115
-0.08715103 -0.03137617 0.28669399 123 123 123
-0.04675472 -0.04258527 0.30331278 91 91 91
-0.04722431 -0.04242258 0.30273917 92 92 92
-0.04739174 -0.04225681 0.30274034 82 82 82
-0.05988792 -0.03811676 0.30148524 80 80 80
-0.05961006 -0.03810094 0.30171853 81 81 81
-0.05381963 -0.01201366 0.26626164 105 105 105
-0.08659937 -0.03089069 0.28718379 126 126 126
-0.04651633 -0.04200836 0.30375093 63 63 63
-0.06348026 -0.03653731 0.30082294 61 61 61
-0.06356671 -0.03642727 0.30069110 62 62 62
-0.05397950 -0.01134222 0.26643854 110 110 110
-0.04794613 -0.04096331 0.30380842 70 70 70
-0.05282972 -0.03918585 0.30328739 62 62 62
-0.06034927 -0.03684343 0.30139145 64 64 64
-0.05414659 -0.01048921 0.26672572 117 117 117
-0.05409160 -0.01033538 0.26692253 109 109 109
-0.05029937 -0.03963474 0.30345273 59 59 59
-0.05397983 -0.00991529 0.26752287 99 99 99
-0.05090459 -0.03926970 0.30327234 66 66 66
-0.05435324 -0.00934289 0.26747426 87 87 87
-0.08521451 -0.02903612 0.28749543 96 96 96
-0.04829694 -0.03907841 0.30334330 60 60 60
-0.08720206 -0.02829416 0.28311366 107 107 107
-0.08669330 -0.02798469 0.28371233 123 123 123
-0.08404777 -0.02802125 0.28732467 122 122 122
-0.03649971 -0.04133801 0.30612335 104 104 104
-0.03154490 -0.01085426 0.26290271 111 111 111
-0.03135026 -0.01068088 0.26295003 98 98 98
-0.08525990 -0.02645969 0.28391775 94 94 94
-0.03159019 -0.01032003 0.26296735 107 107 107
-0.08742026 -0.02660853 0.27741352 127 127 127
-0.08662797 -0.02670045 0.27801690 123 123 123
-0.03171314 -0.00925036 0.26357368 97 97 97
-0.08535320 -0.02486201 0.28014943 119 119 119
-0.03180635 -0.00827839 0.26420891 91 91 91
-0.08676668 -0.02637737 0.27784243 115 115 115
-0.03365758 -0.00738318 0.26348427 99 99 99
-0.08561585 -0.02562495 0.27967632 123 123 123
-0.03335725 -0.00707904 0.26397449 99 99 99
-0.08563056 -0.02525446 0.27963710 116 116 116
-0.07084295 -0.00979089 0.27053913 61 61 61
-0.06406503 -0.00854398 0.26931006 61 61 61
-0.06772376 -0.00968623 0.26993051 83 83 83
-0.06747130 -0.00968798 0.26999941 82 82 82
-0.07528359 -0.01276089 0.27057761 99 99 99
-0.07512970 -0.01291560 0.27046952 103 103 103
-0.08528106 -0.01458292 0.27665526 66 66 66
-0.08539916 -0.01499069 0.27673852 62 62 62
-0.06552465 -0.01089715 0.27014282 68 68 68
-0.07847501 -0.01813720 0.27159387 106 106 106
-0.04976677 -0.04151605 0.30183363 77 77 77
-0.08064555 -0.02057448 0.27840206 64 64 64
-0.07945868 -0.02036470 0.27872410 66 66 66
-0.05194359 -0.04077026 0.30204129 72 72 72
-0.08267364 -0.02248139 0.28122878 67 67 67
-0.04847625 -0.03891507 0.30335787 59 59 59
-0.08711323 -0.02582989 0.27796519 101 101 101
-0.05494570 -0.04016921 0.30338296 55 55 55
-0.05256753 -0.03916219 0.30324411 64 64 64
-0.08381002 -0.02608625 0.28451079 62 62 62
-0.08707842 -0.02811179 0.28330186 109 109 109
-0.08763954 -0.02887996 0.28252971 111 111 111
-0.06216343 -0.03790949 0.30041471 81 81 81
-0.06233189 -0.03711266 0.30139586 68 68 68
-0.08719566 -0.03090926 0.28690794 103 103 103
-0.08752248 -0.03129129 0.28657109 109 109 109
-0.07523005 -0.04017772 0.29747346 120 120 120
-0.07059836 -0.03654470 0.29810220 79 79 79
-0.07120086 -0.03645020 0.29806569 82 82 82
-0.07985619 -0.03648565 0.29512465 107 107 107
-0.08018722 -0.03743481 0.29473367 122 122 122
-0.08476214 -0.03486731 0.29010051 119 119 119
-0.08476139 -0.03507840 0.29002324 121 121 121
-0.08477344 -0.01911840 0.27638236 107 107 107
-0.08487388 -0.01909370 0.27624494 138 138 138
-0.08464604 -0.01939096 0.27641854 121 121 121
-0.08479911 -0.02010976 0.27573371 156 156 156
-0.08494193 -0.02068984 0.27515927 148 148 148
-0.08969107 -0.02882691 0.29264316 64 64 64
-0.08905642 -0.02931336 0.28986555 83 83 83
-0.08901677 -0.02927517 0.28963944 80 80 80
-0.08934415 -0.02846391 0.28808141 116 116 116
-0.08817834 -0.02532308 0.27788466 126 126 126
-0.08829405 -0.02530370 0.27778265 133 133 133
-0.08925505 -0.02765209 0.28250355 150 150 150
-0.08693513 -0.03515673 0.29143187 135 135 135
-0.08694048 -0.03575723 0.29096547 137 137 137
-0.06425599 -0.01017012 0.26929849 107 107 107
-0.08300943 -0.01322250 0.27537075 73 73 73
-0.08789536 -0.02046714 0.28030324 95 95 95
-0.07919208 -0.01662184 0.27268097 127 127 127
-0.07915908 -0.01735211 0.27190089 135 135 135
-0.08495708 -0.01870631 0.27647346 96 96 96
-0.07147733 -0.01247975 0.27031183 114 114 114
-0.07914961 -0.01560662 0.27299270 148 148 148
-0.06488746 -0.01347965 0.26860759 122 122 122
-0.08505908 -0.02014075 0.27643225 122 122 122
-0.06483331 -0.01328163 0.26896238 117 117 117
-0.08525950 -0.02102525 0.27545801 118 118 118
-0.07196495 -0.01451408 0.27013063 120 120 120
-0.07201041 -0.01437266 0.27049544 119 119 119
-0.07203668 -0.01460476 0.27074960 113 113 113
-0.05287315 -0.01198782 0.26657325 120 120 120
-0.06486016 -0.01360445 0.26897207 109 109 109
-0.07526210 -0.01223441 0.27106038 101 101 101
-0.07535632 -0.01163850 0.27172726 106 106 106
-0.08942315 -0.03149331 0.28650358 146 146 146
-0.08902876 -0.03091902 0.28701359 146 146 146
-0.08016025 -0.03893692 0.30230463 102 102 102
-0.08917108 -0.02903184 0.28795937 127 127 127
-0.08672389 -0.03429244 0.29123777 121 121 121
-0.06181668 -0.04372359 0.30218327 102 102 102
-0.08827141 -0.02616482 0.27772179 119 119 119
-0.08972188 -0.02924535 0.28156081 122 122 122
-0.08267844 -0.01332678 0.27515259 70 70 70
-0.08988909 -0.03223422 0.28738564 120 120 120
-0.08987840 -0.03216946 0.28747308 119 119 119
-0.08960932 -0.02854836 0.28210583 116 116 116
-0.04115207 -0.05027910 0.30768925 68 68 68
-0.08888373 -0.02922416 0.28877002 74 74 74
-0.08761817 -0.02238437 0.28049785 73 73 73
-0.08948714 -0.02885409 0.29050681 65 65 65
-0.08944303 -0.02714435 0.28869420 67 67 67
-0.08941311 -0.02696335 0.28872541 67 67 67
-0.08932703 -0.02389856 0.28430960 59 59 59
-0.08797998 -0.02046711 0.28041467 74 74 74
-0.07939751 -0.04232576 0.29619327 87 87 87
-0.08800478 -0.02027905 0.28047410 69 69 69
-0.08869571 -0.02919858 0.28844526 74 74 74
-0.08768657 -0.03218251 0.29248697 82 82 82
-0.08789595 -0.03175166 0.29276118 83 83 83
-0.08716498 -0.03335115 0.29532090 110 110 110
-0.08809671 -0.02629733 0.27637970 89 89 89
-0.08496596 -0.01894871 0.27618173 127 127 127
-0.08793318 -0.03198102 0.29279521 80 80 80
-0.04275054 -0.04969570 0.30828643 69 69 69
-0.06899293 -0.04333891 0.30170795 113 113 113
-0.08231094 -0.03681694 0.29772267 70 70 70
-0.07576802 -0.04055915 0.30044350 125 125 125
-0.07572947 -0.04027376 0.30111399 117 117 117
-0.05712996 -0.04605597 0.30696449 100 100 100
-0.05703110 -0.04569956 0.30722401 95 95 95
-0.06906277 -0.04239989 0.30400115 100 100 100
-0.08474905 -0.03451175 0.29901657 66 66 66
-0.08177242 -0.03756691 0.30099306 108 108 108
-0.08164023 -0.03757226 0.30129349 101 101 101
-0.07492193 -0.04031311 0.30463815 103 103 103
-0.08725041 -0.03334413 0.29176700 98 98 98
-0.05741931 -0.04619794 0.30577689 100 100 100
-0.05704089 -0.04531497 0.30704314 88 88 88
-0.05698038 -0.04565967 0.30744976 96 96 96
-0.07625785 -0.03971335 0.30090827 59 59 59
-0.04311524 -0.04957439 0.30863851 66 66 66
-0.08303147 -0.03633942 0.29755524 92 92 92
-0.06946202 -0.04336688 0.30143023 118 118 118
-0.06973799 -0.04318647 0.30200431 108 108 108
-0.05801112 -0.04492516 0.30679277 61 61 61
-0.07292947 -0.04095088 0.30541629 92 92 92
-0.05753814 -0.04508635 0.30702803 66 66 66
-0.07558878 -0.04168730 0.29865405 120 120 120
-0.03749495 -0.04884718 0.31297344 106 106 106
-0.08771962 -0.03344892 0.29784229 65 65 65
-0.07665490 -0.04056880 0.30035824 103 103 103
-0.07639225 -0.04091903 0.29982704 97 97 97
-0.05295394 -0.01383592 0.27248991 58 58 58
-0.08300864 -0.03652986 0.29736513 89 89 89
-0.05967181 -0.04579062 0.30757821 119 119 119
-0.05879991 -0.04646183 0.30607557 129 129 129
-0.05782932 -0.04645637 0.30425873 108 108 108
-0.07150675 -0.01611030 0.27420661 59 59 59
-0.04515014 -0.04916736 0.31080359 62 62 62
-0.05305201 -0.01395813 0.27279133 59 59 59
-0.06155881 -0.01736807 0.27017698 120 120 120
-0.07840162 -0.01820029 0.27177939 107 107 107
-0.06321912 -0.04553196 0.30249512 108 108 108
-0.08551775 -0.02707459 0.28388250 69 69 69
-0.08481022 -0.02773525 0.28595364 126 126 126
-0.08696010 -0.02536846 0.27802771 110 110 110
-0.08384923 -0.02763992 0.28708607 126 126 126
-0.08718695 -0.02565981 0.27776712 90 90 90
-0.08404332 -0.02275898 0.27493742 116 116 116
-0.08335572 -0.02454823 0.28205344 63 63 63
-0.08731294 -0.02867625 0.28290260 112 112 112
-0.07964978 -0.03337652 0.29447559 87 87 87
-0.08762827 -0.02880022 0.28255612 114 114 114
-0.07494236 -0.03930325 0.29730439 97 97 97
-0.06782343 -0.00902736 0.26983905 64 64 64
-0.07025742 -0.00937180 0.27044946 58 58 58
-0.04442559 -0.04964406 0.31097081 86 86 86
-0.03630207 -0.04209878 0.30591220 107 107 107
-0.04165033 -0.05015267 0.30867288 84 84 84
-0.08528578 -0.02924012 0.28751174 76 76 76
-0.08469874 -0.02860771 0.28734237 111 111 111
-0.07989625 -0.03187871 0.29357705 101 101 101
-0.08411416 -0.02803026 0.28721577 132 132 132
-0.06882066 -0.03498523 0.29897672 59 59 59
-0.06471579 -0.03682191 0.30068201 57 57 57
-0.06336068 -0.03659789 0.30130658 57 57 57
-0.05255869 -0.03921724 0.30329543 66 66 66
-0.06075699 -0.03675803 0.30132830 65 65 65
-0.06817662 -0.00893542 0.26994607 64 64 64
-0.06862576 -0.00889380 0.27015841 65 65 65
-0.04991717 -0.01498591 0.26729736 116 116 116
-0.06519446 -0.01424016 0.26866853 110 110 110
-0.07229523 -0.01283194 0.27155000 65 65 65
-0.07266277 -0.01299932 0.27164423 68 68 68
-0.07251690 -0.01333981 0.27186054 67 67 67
-0.05288726 -0.01020761 0.26796064 72 72 72
-0.08006065 -0.01580069 0.27372694 93 93 93
-0.07958020 -0.01713797 0.27255785 98 98 98
-0.04413244 -0.04979447 0.31070891 85 85 85
-0.06636328 -0.03803157 0.30062398 60 60 60
-0.05986907 -0.03935478 0.30004743 83 83 83
-0.07631245 -0.03222755 0.29567087 53 53 53
-0.06278133 -0.03642709 0.30089390 64 64 64
-0.04921350 -0.04188679 0.30167291 89 89 89
-0.04925894 -0.03989801 0.30341607 64 64 64
-0.05229044 -0.00984543 0.26764068 68 68 68
-0.06456967 -0.01032951 0.26985636 71 71 71
-0.05083884 -0.04114146 0.30184537 77 77 77
-0.05154841 -0.04082151 0.30210832 74 74 74
-0.05210616 -0.04063067 0.30216196 74 74 74
-0.07182799 -0.01244170 0.27142194 64 64 64
-0.07233876 -0.01280378 0.27152392 66 66 66
-0.06190677 -0.03754143 0.30094731 77 77 77
-0.07201272 -0.01517683 0.26998326 126 126 126
-0.04349779 -0.04972405 0.31029627 81 81 81
-0.08966266 -0.02926046 0.28151163 122 122 122
-0.08907455 -0.02663192 0.28414848 118 118 118
-0.08852558 -0.03122730 0.29328993 60 60 60
-0.08863772 -0.03149864 0.29328716 69 69 69
-0.08956221 -0.03325577 0.28538769 142 142 142
-0.08950067 -0.02341596 0.28459859 62 62 62
-0.06420035 -0.01001811 0.26931229 111 111 111
-0.07172598 -0.01274106 0.27079523 125 125 125
-0.07167322 -0.01234740 0.27125514 104 104 104
-0.07910600 -0.01507404 0.27351758 88 88 88
-0.08484846 -0.01547111 0.27637762 118 118 118
-0.08475631 -0.01518210 0.27640793 117 117 117
-0.08464660 -0.01476798 0.27667525 121 121 121
-0.07433162 -0.03958828 0.29720148 115 115 115
-0.07900188 -0.01618207 0.27351791 80 80 80
-0.07902051 -0.01594292 0.27342197 128 128 128
-0.07919545 -0.01620840 0.27281764 132 132 132
-0.07914829 -0.01716419 0.27235153 132 132 132
-0.07914211 -0.01752432 0.27162346 137 137 137
-0.08501909 -0.02141575 0.27456129 120 120 120
-0.08509019 -0.01747192 0.27648824 105 105 105
-0.08487508 -0.01522605 0.27686134 105 105 105
-0.08523266 -0.01741043 0.27675515 72 72 72
-0.07177586 -0.01281524 0.27128613 118 118 118
-0.07183636 -0.01309993 0.27083850 136 136 136
-0.07204635 -0.01510903 0.27019870 125 125 125
-0.08806353 -0.02610954 0.27752578 123 123 123
-0.08811942 -0.02537925 0.27824995 130 130 130
-0.06729114 -0.00951820 0.26995459 64 64 64
-0.08732492 -0.02289192 0.28053460 82 82 82
-0.08812392 -0.02078509 0.28045669 71 71 71
-0.08789907 -0.02289491 0.28075010 115 115 115
-0.06440379 -0.01074889 0.26983979 104 104 104
-0.06437219 -0.01059287 0.26956704 115 115 115
-0.06485123 -0.01443096 0.26863128 110 110 110
-0.06490205 -0.01357952 0.26831815 120 120 120
-0.08942889 -0.02815104 0.28234014 109 109 109
-0.08958566 -0.02790918 0.28279960 134 134 134
-0.08921716 -0.02696316 0.28378516 128 128 128
-0.08918676 -0.02388056 0.28429911 59 59 59
-0.08944930 -0.02361565 0.28450602 61 61 61
-0.08973597 -0.03237490 0.28615898 126 126 126
-0.05225517 -0.01042941 0.26735431 121 121 121
-0.05221078 -0.01027526 0.26709145 129 129 129
-0.05282516 -0.01191480 0.26631746 135 135 135
-0.05146899 -0.00880014 0.26696309 72 72 72
-0.08894572 -0.03036373 0.29342750 59 59 59
-0.08815359 -0.03108379 0.29327726 53 53 53
-0.08883519 -0.03058468 0.29342777 62 62 62
-0.05495534 -0.04668389 0.31040859 68 68 68
-0.05704828 -0.04559677 0.30706197 94 94 94
-0.05730621 -0.04597063 0.30614740 98 98 98
-0.05746688 -0.04625075 0.30559629 102 102 102
-0.07660567 -0.04033491 0.30284554 66 66 66
-0.07502894 -0.04033251 0.30466896 88 88 88
-0.08282026 -0.03631302 0.29769337 65 65 65
-0.08249419 -0.03733549 0.30006763 69 69 69
-0.04042253 -0.04878430 0.30455506 53 53 53
-0.05066833 -0.01421192 0.27396193 56 56 56
-0.04907494 -0.01437792 0.27441385 66 66 66
-0.05244881 -0.01580531 0.27097672 97 97 97
-0.07170604 -0.01689660 0.27618954 61 61 61
-0.07093007 -0.01612431 0.27445251 69 69 69
-0.05886638 -0.01515033 0.27652484 63 63 63
-0.07643144 -0.04109893 0.29963011 100 100 100
-0.05752730 -0.04479508 0.30661869 61 61 61
-0.07081147 -0.01701879 0.27345949 94 94 94
-0.07533861 -0.04059424 0.30474928 80 80 80
-0.06351176 -0.01643336 0.27240789 97 97 97
-0.04925542 -0.01482037 0.27394462 86 86 86
-0.05030044 -0.01507940 0.27352116 90 90 90
-0.04952075 -0.01554440 0.27361628 95 95 95
-0.05246628 -0.01385739 0.27230635 62 62 62
-0.04991657 -0.01614648 0.27322349 97 97 97
-0.08209694 -0.03859384 0.29537705 112 112 112
-0.07113061 -0.01620182 0.27445957 65 65 65
-0.05905848 -0.04636927 0.30645713 129 129 129
-0.05928966 -0.04618938 0.30690488 128 128 128
-0.05803850 -0.04491094 0.30685344 61 61 61
-0.05935511 -0.04542214 0.30763853 106 106 106
-0.04156823 -0.05005823 0.30758661 60 60 60
-0.04235410 -0.04986611 0.30810302 66 66 66
-0.04233512 -0.04976754 0.30842075 61 61 61
-0.04312894 -0.04957379 0.30879423 68 68 68
-0.08238003 -0.03874506 0.29529336 122 122 122
-0.08183731 -0.02142284 0.27852109 67 67 67
-0.04685215 -0.04900815 0.31180847 70 70 70
-0.04634061 -0.04901298 0.31182334 67 67 67
-0.04635558 -0.04899578 0.31188253 68 68 68
-0.04777239 -0.04889864 0.31264552 66 66 66
-0.04833364 -0.04876361 0.31314036 65 65 65
-0.06394619 -0.01520506 0.27376053 67 67 67
-0.04677935 -0.01426375 0.27604100 59 59 59
-0.05233483 -0.01406310 0.27267563 63 63 63
-0.04870761 -0.01517212 0.27393755 94 94 94
-0.05115093 -0.01430941 0.27393568 60 60 60
-0.03744630 -0.04877392 0.31300908 99 99 99
-0.03731404 -0.04887007 0.31283370 97 97 97
-0.03727919 -0.04905095 0.31263861 96 96 96
-0.03719316 -0.04914898 0.31249735 95 95 95
-0.08170184 -0.03860543 0.29499283 103 103 103
-0.06419607 -0.01514724 0.27381074 66 66 66
-0.05883168 -0.04635597 0.30624866 130 130 130
-0.05914312 -0.04627628 0.30666190 131 131 131
-0.05373438 -0.01468220 0.27321589 106 106 106
-0.04403574 -0.04940108 0.31003898 62 62 62
-0.04223273 -0.04965437 0.30851337 60 60 60
-0.04273037 -0.04972884 0.30860421 62 62 62
-0.07178533 -0.01654637 0.27485591 103 103 103
-0.05311765 -0.01555848 0.27041528 121 121 121
-0.05331960 -0.01530823 0.27163142 114 114 114
-0.03666235 -0.05075206 0.30913663 90 90 90
-0.05349423 -0.01434675 0.27291292 103 103 103
-0.07159306 -0.01752040 0.27298555 113 113 113
-0.04996261 -0.01450637 0.27444351 60 60 60
-0.03238717 -0.01387581 0.27406648 110 110 110
-0.03699762 -0.04942932 0.31206354 92 92 92
-0.03221219 -0.01430053 0.27312845 106 106 106
-0.06301327 -0.04709266 0.30297738 89 89 89
-0.06029788 -0.01482290 0.26944238 108 108 108
-0.03188054 -0.01432932 0.27246377 101 101 101
-0.06459407 -0.01560423 0.27403730 97 97 97
-0.06441510 -0.01630136 0.27333114 101 101 101
-0.06435464 -0.01652381 0.27304834 102 102 102
-0.03196570 -0.01577939 0.26971221 98 98 98
-0.03175999 -0.01542264 0.27046028 102 102 102
-0.03211846 -0.01375521 0.27427438 88 88 88
-0.03220353 -0.01354346 0.27473983 89 89 89
-0.03215994 -0.01339344 0.27498430 89 89 89
-0.06426118 -0.01679738 0.27241823 111 111 111
-0.03673475 -0.05030689 0.30982068 85 85 85
-0.03695482 -0.04807205 0.31272238 87 87 87
-0.05318021 -0.01557630 0.27113950 111 111 111
-0.05332276 -0.01518756 0.27199700 89 89 89
-0.08438624 -0.03264575 0.29092285 105 105 105
-0.03178871 -0.01467412 0.27119470 97 97 97
-0.07155751 -0.01718621 0.27319202 100 100 100
-0.07154861 -0.01726734 0.27260530 112 112 112
-0.03210236 -0.01462704 0.27245653 104 104 104
-0.08565285 -0.02422414 0.27936253 127 127 127
-0.08650673 -0.02711159 0.28385940 77 77 77
-0.03168157 -0.01543803 0.26999369 100 100 100
-0.08772869 -0.02888124 0.28244162 111 111 111
-0.06777862 -0.03931865 0.29859516 103 103 103
-0.07582808 -0.03680997 0.29542905 99 99 99
-0.04953777 -0.04831284 0.31055418 62 62 62
-0.08407255 -0.03262646 0.29113504 67 67 67
-0.08782621 -0.03156224 0.28606740 117 117 117
-0.08659182 -0.02494970 0.27866691 110 110 110
-0.08028018 -0.03593281 0.29427603 117 117 117
-0.08838943 -0.03228448 0.28553772 116 116 116
-0.08509700 -0.02376462 0.28000566 122 122 122
-0.08501424 -0.03439602 0.28994209 108 108 108
-0.08274235 -0.02249104 0.28091052 113 113 113
-0.08351677 -0.02243669 0.27585059 132 132 132
-0.08347858 -0.02185086 0.27607971 117 117 117
-0.08192056 -0.02137029 0.28039414 104 104 104
-0.08228673 -0.02113663 0.27902904 98 98 98
-0.08060699 -0.02028889 0.27837917 76 76 76
-0.07801900 -0.01832076 0.27445641 107 107 107
-0.03630479 -0.04201831 0.30593619 86 86 86
-0.05340106 -0.01277968 0.26636589 101 101 101
-0.06034075 -0.04106198 0.29867032 118 118 118
-0.06980977 -0.00910641 0.27034467 66 66 66
-0.05237007 -0.03931359 0.30333164 60 60 60
-0.05253317 -0.03907442 0.30317706 63 63 63
-0.04242056 -0.04139069 0.30421475 55 55 55
-0.06281333 -0.03646188 0.30093822 67 67 67
-0.08835267 -0.03274143 0.28556573 119 119 119
-0.08811452 -0.03206929 0.28594998 106 106 106
-0.08100177 -0.02077945 0.27809703 64 64 64
-0.08904029 -0.02977262 0.28124136 117 117 117
-0.08391740 -0.02786328 0.28736308 129 129 129
-0.08303886 -0.02134029 0.27717087 101 101 101
-0.08315136 -0.02512364 0.28424144 110 110 110
-0.08595190 -0.02504897 0.27942342 109 109 109
-0.08632015 -0.02463344 0.27928627 80 80 80
-0.08344929 -0.02286602 0.28078857 97 97 97
-0.05220444 -0.03929354 0.30332485 59 59 59
-0.07030750 -0.00933686 0.27041167 66 66 66
-0.03930723 -0.00783745 0.26447257 53 53 53
-0.07469875 -0.01141548 0.27194491 56 56 56
-0.07351421 -0.03725741 0.29827276 58 58 58
-0.08026344 -0.03775754 0.29464138 130 130 130
-0.07956988 -0.03581021 0.29547572 91 91 91
-0.08500017 -0.03533337 0.28983888 124 124 124
-0.08435789 -0.03434387 0.29045299 118 118 118
-0.08669733 -0.03064440 0.28727680 115 115 115
-0.04703211 -0.04896579 0.31308249 80 80 80
-0.08754568 -0.02840240 0.28277194 81 81 81
-0.05219365 -0.03917631 0.30322605 64 64 64
-0.06950743 -0.00902135 0.27035207 61 61 61
-0.06400426 -0.00861341 0.26939997 60 60 60
-0.08805776 -0.02643785 0.27748078 128 128 128
-0.08329462 -0.02560600 0.28465962 62 62 62
-0.04752195 -0.04897799 0.31342140 86 86 86
-0.08601018 -0.03605069 0.28968146 114 114 114
-0.08824672 -0.02633785 0.27672371 108 108 108
-0.06730315 -0.04087240 0.29941899 109 109 109
-0.08118710 -0.02115160 0.28080013 60 60 60
-0.08246458 -0.03755958 0.30108920 65 65 65
-0.04254073 -0.04972460 0.30960834 95 95 95
-0.06903968 -0.04284508 0.30275056 99 99 99
-0.07477966 -0.04037479 0.30478519 100 100 100
-0.08133087 -0.02118358 0.27989048 56 56 56
-0.08158869 -0.03749796 0.30141813 101 101 101
-0.08659495 -0.03320870 0.29235569 68 68 68
-0.09024753 -0.02292697 0.28635859 50 50 50
-0.05016858 -0.04820686 0.31074685 64 64 64
-0.04799043 -0.04902375 0.31363419 86 86 86
-0.04786604 -0.04895194 0.31359822 85 85 85
-0.04456881 -0.04922590 0.31088582 54 54 54
-0.08860841 -0.02936524 0.28808987 105 105 105
-0.07222253 -0.01542953 0.27009866 106 106 106
-0.07265578 -0.01364054 0.27149829 77 77 77
-0.08710775 -0.02295855 0.28038353 78 78 78
-0.08886443 -0.02917380 0.29283240 91 91 91
-0.05303535 -0.04614035 0.30332452 98 98 98
-0.05827004 -0.04508664 0.30680680 74 74 74
-0.05727214 -0.04469974 0.30295646 116 116 116
-0.06291052 -0.04304072 0.30185202 97 97 97
-0.06939661 -0.04250676 0.30271986 89 89 89
-0.06788351 -0.04149382 0.29985851 112 112 112
-0.06023547 -0.03716886 0.30180523 63 63 63
-0.05265060 -0.01080219 0.26755458 100 100 100
-0.07575733 -0.04108999 0.29935628 102 102 102
-0.07471111 -0.03745702 0.29793340 68 68 68
-0.05933432 -0.01457295 0.26955953 102 102 102
-0.08506127 -0.01830062 0.27662897 83 83 83
-0.06390827 -0.01581674 0.27089775 111 111 111
-0.06489468 -0.01478487 0.26892748 109 109 109
-0.09032463 -0.02297261 0.28661281 47 47 47
-0.08430054 -0.01411877 0.27651799 93 93 93
-0.08703773 -0.01835708 0.27913803 86 86 86
-0.08075933 -0.03788498 0.30254364 85 85 85
-0.08237659 -0.03733871 0.30048487 68 68 68
-0.08901042 -0.02294113 0.28434339 98 98 98
-0.08951650 -0.02534183 0.28739232 80 80 80
-0.08808293 -0.02221189 0.28154325 79 79 79
-0.08963487 -0.03221802 0.28605780 124 124 124
-0.08949656 -0.02958493 0.28125077 116 116 116
-0.08755440 -0.02601064 0.27750739 96 96 96
-0.08119748 -0.03829427 0.29481214 112 112 112
-0.07559322 -0.04024507 0.30364141 75 75 75
-0.08778308 -0.03225413 0.29268724 70 70 70
-0.08879256 -0.02572646 0.28388086 98 98 98
-0.05645825 -0.04650719 0.30959094 62 62 62
-0.05495368 -0.04702303 0.31056753 63 63 63
-0.04567807 -0.04902602 0.31074038 62 62 62
-0.04291630 -0.04967537 0.30953383 73 73 73
-0.04126065 -0.05019581 0.30707645 64 64 64
-0.06850921 -0.04118869 0.29868388 116 116 116
-0.04935005 -0.01426362 0.27410281 74 74 74
-0.06008730 -0.01470621 0.27599606 83 83 83
-0.05904918 -0.01505881 0.27640823 59 59 59
-0.07889682 -0.01987905 0.27877668 72 72 72
-0.04523120 -0.04694816 0.30600500 56 56 56
-0.07877344 -0.01814718 0.27207845 105 105 105
-0.07992195 -0.01536223 0.27394393 84 84 84
-0.08138549 -0.02108413 0.28031942 60 60 60
-0.07219461 -0.01658350 0.27586976 95 95 95
-0.08333162 -0.02805387 0.28710911 68 68 68
-0.08398161 -0.02828769 0.28777051 69 69 69
-0.08303840 -0.03076110 0.29026160 94 94 94
-0.05481408 -0.01442836 0.27496326 79 79 79
-0.08070124 -0.03763283 0.29474083 114 114 114
-0.03658694 -0.05081385 0.30774000 101 101 101
-0.08778530 -0.02857119 0.28237569 106 106 106
-0.08600432 -0.02434592 0.27979016 93 93 93
-0.08277629 -0.02254603 0.28073302 112 112 112
-0.08376084 -0.02570209 0.28456408 80 80 80
-0.06507502 -0.01293456 0.26941326 100 100 100
-0.05243250 -0.03953427 0.30325603 59 59 59
-0.04873476 -0.04168081 0.30222791 84 84 84
-0.08655237 -0.02739673 0.28408036 99 99 99
-0.08016142 -0.03196351 0.29339740 108 108 108
-0.05385475 -0.01268153 0.26591086 117 117 117
-0.05664393 -0.00801169 0.26700222 89 89 89
-0.05020983 -0.03980151 0.30416596 67 67 67
